CBC Node Startup Information
================================
Node Version:     0.1.0
Runtime Version:  0.1.0
Chain:            CBC Chain
Role:             Node
Timestamp:        1769586500
================================
It isn't safe to expose RPC publicly without a proxy server that filters available set of RPC methods.
2026-01-28 07:48:20.779  INFO main sc_cli::runner: CBC CHAIN    
2026-01-28 07:48:20.779  INFO main sc_cli::runner: ✌️  version 0.1.0    
2026-01-28 07:48:20.779  INFO main sc_cli::runner: ❤️  by Caerulean ByteChains Private Limited, 2025-2026    
2026-01-28 07:48:20.779  INFO main sc_cli::runner: 📋 Chain specification: CBC Development Chain    
2026-01-28 07:48:20.779  INFO main sc_cli::runner: 🏷  Node name: Alice    
2026-01-28 07:48:20.779  INFO main sc_cli::runner: 👤 Role: AUTHORITY    
2026-01-28 07:48:20.779  INFO main sc_cli::runner: 💾 Database: RocksDb at /tmp/substrate9JLG5m/chains/cbc_dev/db/full    
2026-01-28 07:48:29.221  INFO main pallet_cbc_dcf::pallet: Genesis configuration validation passed    
2026-01-28 07:48:29.221  INFO main pallet_cbc_dcf::pallet: Genesis validator d43593c715fdd31c61141abd04a99fd6822c8558854ccde39a5684e7a56da27d (5GrwvaEF...) initialized with stake: 10000000, final_score: 9200, name: None    
2026-01-28 07:48:29.221  INFO main pallet_cbc_dcf::pallet: DCF Genesis completed: 1 validators initialized in epoch 0    
2026-01-28 07:48:30.327  INFO main sc_service::client::client: 🔨 Initializing Genesis block/state (state: 0x993f…30fa, header-hash: 0x64ae…6965)    
2026-01-28 07:48:30.347  INFO main txpool:  creating SingleState txpool Limit { count: 8192, total_bytes: 20971520 }/Limit { count: 819, total_bytes: 2097152 }.    
2026-01-28 07:48:30.347  INFO main cbc_node::service: CBC: Consensus metrics initialized successfully in new_partial    
2026-01-28 07:48:30.347  INFO main sub-libp2p: 🏷  Local node identity is: 12D3KooWBVDEK2geWxb24LNXoai5Xk2XoTjLjAyggeXGJD5jB48Y    
2026-01-28 07:48:30.347  INFO main sub-libp2p: Running libp2p network backend    
2026-01-28 07:48:30.348  INFO main libp2p_swarm: local_peer_id=12D3KooWBVDEK2geWxb24LNXoai5Xk2XoTjLjAyggeXGJD5jB48Y
2026-01-28 07:48:30.352 ERROR main cbc_node::service: CBC: Failed to initialize consensus metrics: AlreadyReg    
2026-01-28 07:48:30.352  INFO main cbc_node::service: DCF: Consensus monitoring active. Block production handled by Substrate's default mechanisms.    
2026-01-28 07:48:30.355  INFO tokio-runtime-worker cbc_node::service: CBC: Starting real PoS+PoI consensus engine for block production    
2026-01-28 07:48:30.355 DEBUG tokio-runtime-worker cbc_consensus::dcf: Time to produce block - interval: 6s, time since last: 1769586510.355972081s    
2026-01-28 07:48:30.356 DEBUG tokio-runtime-worker pallet_cbc_dcf::pallet: DCF: No deterministic sequence found for epoch 0, using legacy selection for block 1    
2026-01-28 07:48:30.356  INFO tokio-runtime-worker cbc_node::service: CBC: Starting block authoring tracking service    
2026-01-28 07:48:30.356  INFO tokio-runtime-worker cbc_node::block_tracker: Block Tracker: Starting block authoring tracking service    
2026-01-28 07:48:30.356 DEBUG tokio-runtime-worker pallet_cbc_dcf::pallet: DCF: Selected legacy author d43593c715fdd31c61141abd04a99fd6822c8558854ccde39a5684e7a56da27d (5GrwvaEF...) for block 1 (Combined: 16, PoS: 0, PoI: 42, Target: 1/16)    
2026-01-28 07:48:30.356  INFO tokio-runtime-worker cbc_consensus::dcf: Producing block #1 with author d43593c715fdd31c61141abd04a99fd6822c8558854ccde39a5684e7a56da27d (5GrwvaEF...)    
2026-01-28 07:48:30.356 DEBUG tokio-runtime-worker cbc_consensus::dcf: DCF: Author d43593c715fdd31c61141abd04a99fd6822c8558854ccde39a5684e7a56da27d (5GrwvaEF...) has final score: 9200    
2026-01-28 07:48:30.356 DEBUG tokio-runtime-worker cbc_consensus::dcf: DCF: Validator profile - Combined: 9200, PoS: 10000, PoI: 8000, Trust: 5000, Uptime: 100, Inferences: 0, Participation: 100%, Missed: 0    
2026-01-28 07:48:30.356 DEBUG tokio-runtime-worker cbc_consensus::dcf: Creating block proposal #1 for author d43593c715fdd31c61141abd04a99fd6822c8558854ccde39a5684e7a56da27d (5GrwvaEF...)    
2026-01-28 07:48:30.356 DEBUG tokio-runtime-worker cbc_consensus::dcf: Using parent hash 0x64ae969b875d6439ce52ffa56d5e2e10bcbbed99d1cbffb844e908bdffea6965 (block #0)    
2026-01-28 07:48:30.356 DEBUG tokio-runtime-worker cbc_consensus::dcf: DCF: Attempting to create block with comprehensive method    
2026-01-28 07:48:30.356 DEBUG tokio-runtime-worker cbc_consensus::proposer_factory: ProposerFactory: Starting complete block creation for slot 1    
2026-01-28 07:48:30.356 DEBUG tokio-runtime-worker cbc_consensus::proposer_factory: ProposerFactory: Creating block #1 with parent #0 (hash: 0x64ae969b875d6439ce52ffa56d5e2e10bcbbed99d1cbffb844e908bdffea6965)    
2026-01-28 07:48:30.356 DEBUG tokio-runtime-worker cbc_consensus::proposer_factory: ProposerFactory: Using forced author: d43593c715fdd31c61141abd04a99fd6822c8558854ccde39a5684e7a56da27d (5GrwvaEF...)    
2026-01-28 07:48:30.356 DEBUG tokio-runtime-worker cbc_consensus::proposer_factory: ProposerFactory: Creating inherent data    
2026-01-28 07:48:30.356 DEBUG tokio-runtime-worker cbc_consensus::inherent_providers: Added timestamp inherent: 1769586510356 ms    
2026-01-28 07:48:30.356 DEBUG tokio-runtime-worker cbc_consensus::inherent_providers: Successfully created inherent data with 1 providers    
2026-01-28 07:48:30.357 DEBUG tokio-runtime-worker cbc_consensus::proposer_factory: ProposerFactory: Created 1 inherent extrinsics    
2026-01-28 07:48:30.357 DEBUG tokio-runtime-worker cbc_consensus::proposer_factory: Collected 0 transactions from pool    
2026-01-28 07:48:30.357 DEBUG tokio-runtime-worker cbc_consensus::proposer_factory: ProposerFactory: Combined 1 inherent + 0 transaction extrinsics (total: 1)    
2026-01-28 07:48:30.357 DEBUG tokio-runtime-worker cbc_consensus::proposer_factory: ProposerFactory: Building block with proper state root calculation    
2026-01-28 07:48:30.357 DEBUG tokio-runtime-worker cbc_consensus::proposer_factory: ProposerFactory: Starting block building process for block #1    
2026-01-28 07:48:30.357 DEBUG tokio-runtime-worker cbc_consensus::proposer_factory: ProposerFactory: Parent hash: 0x64ae969b875d6439ce52ffa56d5e2e10bcbbed99d1cbffb844e908bdffea6965, Extrinsics count: 1    
2026-01-28 07:48:30.357 DEBUG tokio-runtime-worker cbc_consensus::proposer_factory: ProposerFactory: Created temporary header for block #1    
2026-01-28 07:48:30.357 DEBUG tokio-runtime-worker cbc_consensus::proposer_factory: ProposerFactory: Temp header - number: 1, parent: 0x64ae969b875d6439ce52ffa56d5e2e10bcbbed99d1cbffb844e908bdffea6965    
2026-01-28 07:48:30.357 DEBUG tokio-runtime-worker cbc_consensus::proposer_factory: ProposerFactory: Initializing block in runtime state    
2026-01-28 07:48:30.357 DEBUG tokio-runtime-worker pallet_cbc_dcf::pallet: DCF: No deterministic sequence found for epoch 0, using legacy selection for block 1    
2026-01-28 07:48:30.357 DEBUG tokio-runtime-worker pallet_cbc_dcf::pallet: DCF: Selected legacy author d43593c715fdd31c61141abd04a99fd6822c8558854ccde39a5684e7a56da27d (5GrwvaEF...) for block 1 (Combined: 16, PoS: 0, PoI: 42, Target: 1/16)    
2026-01-28 07:48:30.357 DEBUG tokio-runtime-worker cbc_consensus::proposer_factory: ProposerFactory: Block initialized successfully    
2026-01-28 07:48:30.357 DEBUG tokio-runtime-worker cbc_consensus::proposer_factory: ProposerFactory: Applying 1 extrinsics to runtime state    
2026-01-28 07:48:30.357 DEBUG tokio-runtime-worker cbc_consensus::proposer_factory: ProposerFactory: Applying extrinsic 1 of 1    
2026-01-28 07:48:30.357 DEBUG tokio-runtime-worker cbc_consensus::proposer_factory: ProposerFactory: Successfully applied extrinsic 0    
2026-01-28 07:48:30.357 DEBUG tokio-runtime-worker cbc_consensus::proposer_factory: ProposerFactory: Applied 1 extrinsics successfully, 0 failed    
2026-01-28 07:48:30.357 DEBUG tokio-runtime-worker cbc_consensus::proposer_factory: ProposerFactory: Finalizing block to calculate state root and extrinsics root    
2026-01-28 07:48:30.357 DEBUG tokio-runtime-worker pallet_cbc_dcf::pallet: DCF: Processing on_finalize for block #1    
2026-01-28 07:48:30.360  INFO                 main sc_sysinfo: 💻 Operating system: linux    
2026-01-28 07:48:30.360  INFO                 main sc_sysinfo: 💻 CPU architecture: x86_64    
2026-01-28 07:48:30.360  INFO                 main sc_sysinfo: 💻 Target environment: gnu    
2026-01-28 07:48:30.360  INFO                 main sc_sysinfo: 💻 CPU: Intel(R) Xeon(R) E-2224G CPU @ 3.50GHz    
2026-01-28 07:48:30.360  INFO                 main sc_sysinfo: 💻 CPU cores: 6    
2026-01-28 07:48:30.360  INFO                 main sc_sysinfo: 💻 Memory: 9945MB    
2026-01-28 07:48:30.360  INFO                 main sc_sysinfo: 💻 Kernel: 6.14.0-37-generic    
2026-01-28 07:48:30.360  INFO                 main sc_sysinfo: 💻 Linux distribution: Ubuntu 24.04.3 LTS    
2026-01-28 07:48:30.360  INFO                 main sc_sysinfo: 💻 Virtual machine: yes    
2026-01-28 07:48:30.360  INFO                 main sc_service::builder: 📦 Highest known block at #0    
2026-01-28 07:48:30.360  INFO                 main sc_rpc_server: Running JSON-RPC server: addr=0.0.0.0:9933,[::]:45633    
2026-01-28 07:48:30.360 DEBUG tokio-runtime-worker cbc_consensus::proposer_factory: ProposerFactory: Block finalized successfully    
2026-01-28 07:48:30.360 DEBUG tokio-runtime-worker cbc_consensus::proposer_factory: ProposerFactory: Final header - number: 1, state_root: 0x925b188b9992e5ccd994dee25362754d6f223c7cd64c656e9a8db72960511959, extrinsics_root: 0x93e80e75a21027afe971b451d68b7db43b827986cc69e678fa4e971c6d04bbb8    
2026-01-28 07:48:30.360 DEBUG tokio-runtime-worker cbc_consensus::proposer_factory: ProposerFactory: Final header - parent_hash: 0x64ae969b875d6439ce52ffa56d5e2e10bcbbed99d1cbffb844e908bdffea6965, digest logs: 0    
2026-01-28 07:48:30.360 DEBUG tokio-runtime-worker cbc_consensus::proposer_factory: ProposerFactory: Created final block with 1 extrinsics    
2026-01-28 07:48:30.360 DEBUG tokio-runtime-worker cbc_consensus::proposer_factory: ProposerFactory: Final block hash: 0x782a10bff253526f3c012b9dd6730473243d16d6ac05e0871688f56bd41654ac    
2026-01-28 07:48:30.360 DEBUG tokio-runtime-worker cbc_consensus::proposer_factory: ProposerFactory: Validating built block structure    
2026-01-28 07:48:30.360 DEBUG tokio-runtime-worker cbc_consensus::proposer_factory: ProposerFactory: Block validation passed    
2026-01-28 07:48:30.360 DEBUG tokio-runtime-worker cbc_consensus::proposer_factory: ProposerFactory: - State root: 0x925b188b9992e5ccd994dee25362754d6f223c7cd64c656e9a8db72960511959 (non-zero: true)    
2026-01-28 07:48:30.360 DEBUG tokio-runtime-worker cbc_consensus::proposer_factory: ProposerFactory: - Extrinsics root: 0x93e80e75a21027afe971b451d68b7db43b827986cc69e678fa4e971c6d04bbb8 (non-zero: true)    
2026-01-28 07:48:30.360 DEBUG tokio-runtime-worker cbc_consensus::proposer_factory: ProposerFactory: - Parent hash: 0x64ae969b875d6439ce52ffa56d5e2e10bcbbed99d1cbffb844e908bdffea6965 (non-zero: true)    
2026-01-28 07:48:30.360 DEBUG tokio-runtime-worker cbc_consensus::proposer_factory: ProposerFactory: - Block number: 1    
2026-01-28 07:48:30.360 DEBUG tokio-runtime-worker cbc_consensus::proposer_factory: ProposerFactory: - Extrinsics count: 1    
2026-01-28 07:48:30.360 DEBUG tokio-runtime-worker cbc_consensus::proposer_factory: ProposerFactory: Block building completed successfully for block #1    
2026-01-28 07:48:30.360 DEBUG tokio-runtime-worker cbc_consensus::proposer_factory: ProposerFactory: Performing final block validation    
2026-01-28 07:48:30.360 DEBUG tokio-runtime-worker cbc_consensus::proposer_factory: ProposerFactory: Validating final block    
2026-01-28 07:48:30.360 DEBUG tokio-runtime-worker cbc_consensus::proposer_factory: ProposerFactory: Final block validation passed    
2026-01-28 07:48:30.360 DEBUG tokio-runtime-worker cbc_consensus::proposer_factory: ProposerFactory: - Block number: 1    
2026-01-28 07:48:30.360 DEBUG tokio-runtime-worker cbc_consensus::proposer_factory: ProposerFactory: - Author: d43593c715fdd31c61141abd04a99fd6822c8558854ccde39a5684e7a56da27d (5GrwvaEF...)    
2026-01-28 07:48:30.360 DEBUG tokio-runtime-worker cbc_consensus::proposer_factory: ProposerFactory: - State root: 0x925b188b9992e5ccd994dee25362754d6f223c7cd64c656e9a8db72960511959    
2026-01-28 07:48:30.360 DEBUG tokio-runtime-worker cbc_consensus::proposer_factory: ProposerFactory: - Extrinsics root: 0x93e80e75a21027afe971b451d68b7db43b827986cc69e678fa4e971c6d04bbb8    
2026-01-28 07:48:30.360 DEBUG tokio-runtime-worker cbc_consensus::proposer_factory: ProposerFactory: - Parent hash: 0x64ae969b875d6439ce52ffa56d5e2e10bcbbed99d1cbffb844e908bdffea6965    
2026-01-28 07:48:30.360 DEBUG tokio-runtime-worker cbc_consensus::proposer_factory: ProposerFactory: - Extrinsics count: 1    
2026-01-28 07:48:30.360 DEBUG tokio-runtime-worker cbc_consensus::proposer_factory: ProposerFactory: Successfully created complete block #1 with author d43593c715fdd31c61141abd04a99fd6822c8558854ccde39a5684e7a56da27d (5GrwvaEF...)    
2026-01-28 07:48:30.360 DEBUG tokio-runtime-worker cbc_consensus::proposer_factory: ProposerFactory: Block hash: 0x782a10bff253526f3c012b9dd6730473243d16d6ac05e0871688f56bd41654ac, state root: 0x925b188b9992e5ccd994dee25362754d6f223c7cd64c656e9a8db72960511959    
2026-01-28 07:48:30.360 DEBUG tokio-runtime-worker cbc_consensus::dcf: DCF: Successfully created block with comprehensive method    
2026-01-28 07:48:30.360 DEBUG tokio-runtime-worker cbc_consensus::dcf: DCF: Block validation passed - state root: 0x925b188b9992e5ccd994dee25362754d6f223c7cd64c656e9a8db72960511959, extrinsics root: 0x93e80e75a21027afe971b451d68b7db43b827986cc69e678fa4e971c6d04bbb8    
2026-01-28 07:48:30.360 DEBUG tokio-runtime-worker cbc_consensus::dcf: Created block #1 with 1 extrinsics, parent: 0x64ae969b875d6439ce52ffa56d5e2e10bcbbed99d1cbffb844e908bdffea6965    
2026-01-28 07:48:30.360 DEBUG tokio-runtime-worker cbc_consensus::dcf: Block state root: 0x925b188b9992e5ccd994dee25362754d6f223c7cd64c656e9a8db72960511959, extrinsics root: 0x93e80e75a21027afe971b451d68b7db43b827986cc69e678fa4e971c6d04bbb8    
2026-01-28 07:48:30.360 DEBUG tokio-runtime-worker cbc_consensus::dcf: Importing consensus block #1 (0x782a10bff253526f3c012b9dd6730473243d16d6ac05e0871688f56bd41654ac) with parent 0x64ae969b875d6439ce52ffa56d5e2e10bcbbed99d1cbffb844e908bdffea6965    
2026-01-28 07:48:30.361 DEBUG tokio-runtime-worker pallet_cbc_dcf::pallet: DCF: No deterministic sequence found for epoch 0, using legacy selection for block 1    
2026-01-28 07:48:30.361 DEBUG tokio-runtime-worker pallet_cbc_dcf::pallet: DCF: Selected legacy author d43593c715fdd31c61141abd04a99fd6822c8558854ccde39a5684e7a56da27d (5GrwvaEF...) for block 1 (Combined: 16, PoS: 0, PoI: 42, Target: 1/16)    
2026-01-28 07:48:30.361 DEBUG tokio-runtime-worker pallet_cbc_dcf::pallet: DCF: Processing on_finalize for block #1    
2026-01-28 07:48:30.361 DEBUG tokio-runtime-worker cbc_consensus::dcf: Block #1 successfully imported    
2026-01-28 07:48:30.361 DEBUG tokio-runtime-worker pallet_cbc_dcf::pallet: DCF: Recorded successful block authorship for block #1 by d43593c715fdd31c61141abd04a99fd6822c8558854ccde39a5684e7a56da27d (5GrwvaEF...)    
2026-01-28 07:48:30.361 DEBUG tokio-runtime-worker cbc_consensus::dcf: Recorded successful block authorship for validator d43593c715fdd31c61141abd04a99fd6822c8558854ccde39a5684e7a56da27d (5GrwvaEF...) at block #1    
2026-01-28 07:48:30.361 DEBUG tokio-runtime-worker cbc_consensus::dcf: Block #1 produced successfully by d43593c715fdd31c61141abd04a99fd6822c8558854ccde39a5684e7a56da27d (5GrwvaEF...)    
2026-01-28 07:48:30.361 DEBUG tokio-runtime-worker cbc_consensus::dcf: Validator stats - Combined: 100, PoS: 10000, PoI: 8000, Trust: 7666, Uptime: 100, Inferences: 0, Participation: 0%, Missed: 1    
2026-01-28 07:48:30.361 DEBUG tokio-runtime-worker cbc_consensus::dcf: Updated consensus state - Block: 1, Slot: 1, Total Blocks: 1, Author: d43593c715fdd31c61141abd04a99fd6822c8558854ccde39a5684e7a56da27d (5GrwvaEF...)    
2026-01-28 07:48:30.361 DEBUG tokio-runtime-worker cbc_consensus::dcf: Block #1 produced by d43593c715fdd31c61141abd04a99fd6822c8558854ccde39a5684e7a56da27d (5GrwvaEF...) in 5.435849ms    
2026-01-28 07:48:30.361 DEBUG tokio-runtime-worker cbc_consensus::dcf: Block production successful for author d43593c715fdd31c61141abd04a99fd6822c8558854ccde39a5684e7a56da27d (5GrwvaEF...)    
2026-01-28 07:48:30.362  INFO tokio-runtime-worker prometheus: 〽️ Prometheus exporter started at 127.0.0.1:9615    
2026-01-28 07:48:30.856  WARN tokio-runtime-worker libp2p_kad::behaviour: Failed to trigger bootstrap: No known peers.
CBC Node Startup Information
================================
Node Version:     0.1.0
Runtime Version:  100.1.1
Chain:            CBC Chain
Role:             Full Node
Peer ID:          12D3KooWBVDEK2geWxb24LNXoai5Xk2XoTjLjAyggeXGJD5jB48Y
Network Latency:  812ns
Timestamp:        1769586512
================================
2026-01-28 07:48:32.363  INFO tokio-runtime-worker cbc_node::service: Network initialization complete    
2026-01-28 07:48:32.363  INFO tokio-runtime-worker cbc_node::service: RPC endpoints available    
2026-01-28 07:48:32.363  INFO tokio-runtime-worker cbc_node::service: Node is ready to process transactions    
2026-01-28 07:48:35.363  INFO tokio-runtime-worker substrate: 💤 Idle (0 peers), best: #1 (0x782a…54ac), finalized #0 (0x64ae…6965), ⬇ 0 ⬆ 0    
2026-01-28 07:48:36.368 DEBUG tokio-runtime-worker cbc_consensus::dcf: Time to produce block - interval: 6s, time since last: 6.006578143s    
2026-01-28 07:48:36.368 DEBUG tokio-runtime-worker pallet_cbc_dcf::pallet: DCF: No deterministic sequence found for epoch 0, using legacy selection for block 2    
2026-01-28 07:48:36.368 DEBUG tokio-runtime-worker pallet_cbc_dcf::pallet: DCF: Selected legacy author d43593c715fdd31c61141abd04a99fd6822c8558854ccde39a5684e7a56da27d (5GrwvaEF...) for block 2 (Combined: 16, PoS: 0, PoI: 42, Target: 2/16)    
2026-01-28 07:48:36.368 DEBUG tokio-runtime-worker cbc_consensus::dcf: DCF: Author d43593c715fdd31c61141abd04a99fd6822c8558854ccde39a5684e7a56da27d (5GrwvaEF...) has final score: 100    
2026-01-28 07:48:36.368 DEBUG tokio-runtime-worker cbc_consensus::dcf: DCF: Validator profile - Combined: 100, PoS: 10000, PoI: 8000, Trust: 5000, Uptime: 100, Inferences: 0, Participation: 0%, Missed: 1    
2026-01-28 07:48:36.368 DEBUG tokio-runtime-worker cbc_consensus::dcf: Creating block proposal #2 for author d43593c715fdd31c61141abd04a99fd6822c8558854ccde39a5684e7a56da27d (5GrwvaEF...)    
2026-01-28 07:48:36.368 DEBUG tokio-runtime-worker cbc_consensus::dcf: Using parent hash 0x782a10bff253526f3c012b9dd6730473243d16d6ac05e0871688f56bd41654ac (block #1)    
2026-01-28 07:48:36.368 DEBUG tokio-runtime-worker cbc_consensus::dcf: DCF: Attempting to create block with comprehensive method    
2026-01-28 07:48:36.368 DEBUG tokio-runtime-worker cbc_consensus::proposer_factory: ProposerFactory: Starting complete block creation for slot 2    
2026-01-28 07:48:36.368 DEBUG tokio-runtime-worker cbc_consensus::proposer_factory: ProposerFactory: Creating block #2 with parent #1 (hash: 0x782a10bff253526f3c012b9dd6730473243d16d6ac05e0871688f56bd41654ac)    
2026-01-28 07:48:36.368 DEBUG tokio-runtime-worker cbc_consensus::proposer_factory: ProposerFactory: Using forced author: d43593c715fdd31c61141abd04a99fd6822c8558854ccde39a5684e7a56da27d (5GrwvaEF...)    
2026-01-28 07:48:36.368 DEBUG tokio-runtime-worker cbc_consensus::proposer_factory: ProposerFactory: Creating inherent data    
2026-01-28 07:48:36.368 DEBUG tokio-runtime-worker cbc_consensus::inherent_providers: Added timestamp inherent: 1769586516368 ms    
2026-01-28 07:48:36.368 DEBUG tokio-runtime-worker cbc_consensus::inherent_providers: Successfully created inherent data with 1 providers    
2026-01-28 07:48:36.368 DEBUG tokio-runtime-worker cbc_consensus::proposer_factory: ProposerFactory: Created 1 inherent extrinsics    
2026-01-28 07:48:36.368 DEBUG tokio-runtime-worker cbc_consensus::proposer_factory: Collected 0 transactions from pool    
2026-01-28 07:48:36.368 DEBUG tokio-runtime-worker cbc_consensus::proposer_factory: ProposerFactory: Combined 1 inherent + 0 transaction extrinsics (total: 1)    
2026-01-28 07:48:36.368 DEBUG tokio-runtime-worker cbc_consensus::proposer_factory: ProposerFactory: Building block with proper state root calculation    
2026-01-28 07:48:36.368 DEBUG tokio-runtime-worker cbc_consensus::proposer_factory: ProposerFactory: Starting block building process for block #2    
2026-01-28 07:48:36.368 DEBUG tokio-runtime-worker cbc_consensus::proposer_factory: ProposerFactory: Parent hash: 0x782a10bff253526f3c012b9dd6730473243d16d6ac05e0871688f56bd41654ac, Extrinsics count: 1    
2026-01-28 07:48:36.368 DEBUG tokio-runtime-worker cbc_consensus::proposer_factory: ProposerFactory: Created temporary header for block #2    
2026-01-28 07:48:36.368 DEBUG tokio-runtime-worker cbc_consensus::proposer_factory: ProposerFactory: Temp header - number: 2, parent: 0x782a10bff253526f3c012b9dd6730473243d16d6ac05e0871688f56bd41654ac    
2026-01-28 07:48:36.368 DEBUG tokio-runtime-worker cbc_consensus::proposer_factory: ProposerFactory: Initializing block in runtime state    
2026-01-28 07:48:36.369 DEBUG tokio-runtime-worker pallet_cbc_dcf::pallet: DCF: No deterministic sequence found for epoch 0, using legacy selection for block 2    
2026-01-28 07:48:36.369 DEBUG tokio-runtime-worker pallet_cbc_dcf::pallet: DCF: Selected legacy author d43593c715fdd31c61141abd04a99fd6822c8558854ccde39a5684e7a56da27d (5GrwvaEF...) for block 2 (Combined: 16, PoS: 0, PoI: 42, Target: 2/16)    
2026-01-28 07:48:36.369 DEBUG tokio-runtime-worker cbc_consensus::proposer_factory: ProposerFactory: Block initialized successfully    
2026-01-28 07:48:36.369 DEBUG tokio-runtime-worker cbc_consensus::proposer_factory: ProposerFactory: Applying 1 extrinsics to runtime state    
2026-01-28 07:48:36.369 DEBUG tokio-runtime-worker cbc_consensus::proposer_factory: ProposerFactory: Applying extrinsic 1 of 1    
2026-01-28 07:48:36.369 DEBUG tokio-runtime-worker cbc_consensus::proposer_factory: ProposerFactory: Successfully applied extrinsic 0    
2026-01-28 07:48:36.369 DEBUG tokio-runtime-worker cbc_consensus::proposer_factory: ProposerFactory: Applied 1 extrinsics successfully, 0 failed    
2026-01-28 07:48:36.369 DEBUG tokio-runtime-worker cbc_consensus::proposer_factory: ProposerFactory: Finalizing block to calculate state root and extrinsics root    
2026-01-28 07:48:36.369 DEBUG tokio-runtime-worker pallet_cbc_dcf::pallet: DCF: Processing on_finalize for block #2    
2026-01-28 07:48:36.369 DEBUG tokio-runtime-worker cbc_consensus::proposer_factory: ProposerFactory: Block finalized successfully    
2026-01-28 07:48:36.369 DEBUG tokio-runtime-worker cbc_consensus::proposer_factory: ProposerFactory: Final header - number: 2, state_root: 0x3be12cfb85fd67adc4f47efd145a7d116418a5a26dfe325c804fe42be2479e8d, extrinsics_root: 0x4f54203e6f7bd854c94cb335b1f0aae7c61021a91d9716190d90f1d333616199    
2026-01-28 07:48:36.369 DEBUG tokio-runtime-worker cbc_consensus::proposer_factory: ProposerFactory: Final header - parent_hash: 0x782a10bff253526f3c012b9dd6730473243d16d6ac05e0871688f56bd41654ac, digest logs: 0    
2026-01-28 07:48:36.369 DEBUG tokio-runtime-worker cbc_consensus::proposer_factory: ProposerFactory: Created final block with 1 extrinsics    
2026-01-28 07:48:36.369 DEBUG tokio-runtime-worker cbc_consensus::proposer_factory: ProposerFactory: Final block hash: 0xef7ab2a555d1e9336c5323033b820edf7a2e86079139bcb6b1a975033c1feab0    
2026-01-28 07:48:36.369 DEBUG tokio-runtime-worker cbc_consensus::proposer_factory: ProposerFactory: Validating built block structure    
2026-01-28 07:48:36.369 DEBUG tokio-runtime-worker cbc_consensus::proposer_factory: ProposerFactory: Block validation passed    
2026-01-28 07:48:36.369 DEBUG tokio-runtime-worker cbc_consensus::proposer_factory: ProposerFactory: - State root: 0x3be12cfb85fd67adc4f47efd145a7d116418a5a26dfe325c804fe42be2479e8d (non-zero: true)    
2026-01-28 07:48:36.369 DEBUG tokio-runtime-worker cbc_consensus::proposer_factory: ProposerFactory: - Extrinsics root: 0x4f54203e6f7bd854c94cb335b1f0aae7c61021a91d9716190d90f1d333616199 (non-zero: true)    
2026-01-28 07:48:36.369 DEBUG tokio-runtime-worker cbc_consensus::proposer_factory: ProposerFactory: - Parent hash: 0x782a10bff253526f3c012b9dd6730473243d16d6ac05e0871688f56bd41654ac (non-zero: true)    
2026-01-28 07:48:36.369 DEBUG tokio-runtime-worker cbc_consensus::proposer_factory: ProposerFactory: - Block number: 2    
2026-01-28 07:48:36.369 DEBUG tokio-runtime-worker cbc_consensus::proposer_factory: ProposerFactory: - Extrinsics count: 1    
2026-01-28 07:48:36.369 DEBUG tokio-runtime-worker cbc_consensus::proposer_factory: ProposerFactory: Block building completed successfully for block #2    
2026-01-28 07:48:36.369 DEBUG tokio-runtime-worker cbc_consensus::proposer_factory: ProposerFactory: Performing final block validation    
2026-01-28 07:48:36.369 DEBUG tokio-runtime-worker cbc_consensus::proposer_factory: ProposerFactory: Validating final block    
2026-01-28 07:48:36.369 DEBUG tokio-runtime-worker cbc_consensus::proposer_factory: ProposerFactory: Final block validation passed    
2026-01-28 07:48:36.369 DEBUG tokio-runtime-worker cbc_consensus::proposer_factory: ProposerFactory: - Block number: 2    
2026-01-28 07:48:36.369 DEBUG tokio-runtime-worker cbc_consensus::proposer_factory: ProposerFactory: - Author: d43593c715fdd31c61141abd04a99fd6822c8558854ccde39a5684e7a56da27d (5GrwvaEF...)    
2026-01-28 07:48:36.369 DEBUG tokio-runtime-worker cbc_consensus::proposer_factory: ProposerFactory: - State root: 0x3be12cfb85fd67adc4f47efd145a7d116418a5a26dfe325c804fe42be2479e8d    
2026-01-28 07:48:36.369 DEBUG tokio-runtime-worker cbc_consensus::proposer_factory: ProposerFactory: - Extrinsics root: 0x4f54203e6f7bd854c94cb335b1f0aae7c61021a91d9716190d90f1d333616199    
2026-01-28 07:48:36.369 DEBUG tokio-runtime-worker cbc_consensus::proposer_factory: ProposerFactory: - Parent hash: 0x782a10bff253526f3c012b9dd6730473243d16d6ac05e0871688f56bd41654ac    
2026-01-28 07:48:36.369 DEBUG tokio-runtime-worker cbc_consensus::proposer_factory: ProposerFactory: - Extrinsics count: 1    
2026-01-28 07:48:36.369 DEBUG tokio-runtime-worker cbc_consensus::proposer_factory: ProposerFactory: Successfully created complete block #2 with author d43593c715fdd31c61141abd04a99fd6822c8558854ccde39a5684e7a56da27d (5GrwvaEF...)    
2026-01-28 07:48:36.369 DEBUG tokio-runtime-worker cbc_consensus::proposer_factory: ProposerFactory: Block hash: 0xef7ab2a555d1e9336c5323033b820edf7a2e86079139bcb6b1a975033c1feab0, state root: 0x3be12cfb85fd67adc4f47efd145a7d116418a5a26dfe325c804fe42be2479e8d    
2026-01-28 07:48:36.369 DEBUG tokio-runtime-worker cbc_consensus::dcf: DCF: Successfully created block with comprehensive method    
2026-01-28 07:48:36.369 DEBUG tokio-runtime-worker cbc_consensus::dcf: DCF: Block validation passed - state root: 0x3be12cfb85fd67adc4f47efd145a7d116418a5a26dfe325c804fe42be2479e8d, extrinsics root: 0x4f54203e6f7bd854c94cb335b1f0aae7c61021a91d9716190d90f1d333616199    
2026-01-28 07:48:36.369 DEBUG tokio-runtime-worker cbc_consensus::dcf: Created block #2 with 1 extrinsics, parent: 0x782a10bff253526f3c012b9dd6730473243d16d6ac05e0871688f56bd41654ac    
2026-01-28 07:48:36.369 DEBUG tokio-runtime-worker cbc_consensus::dcf: Block state root: 0x3be12cfb85fd67adc4f47efd145a7d116418a5a26dfe325c804fe42be2479e8d, extrinsics root: 0x4f54203e6f7bd854c94cb335b1f0aae7c61021a91d9716190d90f1d333616199    
2026-01-28 07:48:36.369 DEBUG tokio-runtime-worker cbc_consensus::dcf: Importing consensus block #2 (0xef7ab2a555d1e9336c5323033b820edf7a2e86079139bcb6b1a975033c1feab0) with parent 0x782a10bff253526f3c012b9dd6730473243d16d6ac05e0871688f56bd41654ac    
2026-01-28 07:48:36.369 DEBUG tokio-runtime-worker pallet_cbc_dcf::pallet: DCF: No deterministic sequence found for epoch 0, using legacy selection for block 2    
2026-01-28 07:48:36.369 DEBUG tokio-runtime-worker pallet_cbc_dcf::pallet: DCF: Selected legacy author d43593c715fdd31c61141abd04a99fd6822c8558854ccde39a5684e7a56da27d (5GrwvaEF...) for block 2 (Combined: 16, PoS: 0, PoI: 42, Target: 2/16)    
2026-01-28 07:48:36.369 DEBUG tokio-runtime-worker pallet_cbc_dcf::pallet: DCF: Processing on_finalize for block #2    
2026-01-28 07:48:36.370 DEBUG tokio-runtime-worker cbc_consensus::dcf: Block #2 successfully imported    
2026-01-28 07:48:36.370 DEBUG tokio-runtime-worker pallet_cbc_dcf::pallet: DCF: Recorded successful block authorship for block #2 by d43593c715fdd31c61141abd04a99fd6822c8558854ccde39a5684e7a56da27d (5GrwvaEF...)    
2026-01-28 07:48:36.370 DEBUG tokio-runtime-worker cbc_consensus::dcf: Recorded successful block authorship for validator d43593c715fdd31c61141abd04a99fd6822c8558854ccde39a5684e7a56da27d (5GrwvaEF...) at block #2    
2026-01-28 07:48:36.370 DEBUG tokio-runtime-worker cbc_consensus::dcf: Block #2 produced successfully by d43593c715fdd31c61141abd04a99fd6822c8558854ccde39a5684e7a56da27d (5GrwvaEF...)    
2026-01-28 07:48:36.370 DEBUG tokio-runtime-worker cbc_consensus::dcf: Validator stats - Combined: 100, PoS: 10000, PoI: 8000, Trust: 7666, Uptime: 100, Inferences: 0, Participation: 0%, Missed: 2    
2026-01-28 07:48:36.370 DEBUG tokio-runtime-worker cbc_consensus::dcf: Updated consensus state - Block: 2, Slot: 2, Total Blocks: 2, Author: d43593c715fdd31c61141abd04a99fd6822c8558854ccde39a5684e7a56da27d (5GrwvaEF...)    
2026-01-28 07:48:36.370 DEBUG tokio-runtime-worker cbc_consensus::dcf: Block #2 produced by d43593c715fdd31c61141abd04a99fd6822c8558854ccde39a5684e7a56da27d (5GrwvaEF...) in 1.946086ms    
2026-01-28 07:48:36.370 DEBUG tokio-runtime-worker cbc_consensus::dcf: Block production successful for author d43593c715fdd31c61141abd04a99fd6822c8558854ccde39a5684e7a56da27d (5GrwvaEF...)    
2026-01-28 07:48:36.370  INFO tokio-runtime-worker substrate: 🏆 Imported #2 (0x782a…54ac → 0xef7a…eab0)    
2026-01-28 07:48:40.358 DEBUG tokio-runtime-worker cbc_node::block_tracker: Block Tracker: Processing 2 new blocks (#1 to #2)    
2026-01-28 07:48:40.358 DEBUG tokio-runtime-worker cbc_node::block_tracker: Block Tracker: Updated stats for validator d43593c715fdd31c61141abd04a99fd6822c8558854ccde39a5684e7a56da27d (5GrwvaEF...) - Authored: 0 (+0), Missed: 2 (+2), Rate: 0.00%    
2026-01-28 07:48:40.364  INFO tokio-runtime-worker substrate: 💤 Idle (0 peers), best: #2 (0xef7a…eab0), finalized #0 (0x64ae…6965), ⬇ 0 ⬆ 0    
2026-01-28 07:48:42.416 DEBUG tokio-runtime-worker cbc_consensus::dcf: Time to produce block - interval: 6s, time since last: 6.046246957s    
2026-01-28 07:48:42.416 DEBUG tokio-runtime-worker pallet_cbc_dcf::pallet: DCF: No deterministic sequence found for epoch 0, using legacy selection for block 3    
2026-01-28 07:48:42.416 DEBUG tokio-runtime-worker pallet_cbc_dcf::pallet: DCF: Selected legacy author d43593c715fdd31c61141abd04a99fd6822c8558854ccde39a5684e7a56da27d (5GrwvaEF...) for block 3 (Combined: 16, PoS: 0, PoI: 42, Target: 3/16)    
2026-01-28 07:48:42.416 DEBUG tokio-runtime-worker cbc_consensus::dcf: DCF: Author d43593c715fdd31c61141abd04a99fd6822c8558854ccde39a5684e7a56da27d (5GrwvaEF...) has final score: 100    
2026-01-28 07:48:42.416 DEBUG tokio-runtime-worker cbc_consensus::dcf: DCF: Validator profile - Combined: 100, PoS: 10000, PoI: 8000, Trust: 5000, Uptime: 100, Inferences: 0, Participation: 0%, Missed: 2    
2026-01-28 07:48:42.416 DEBUG tokio-runtime-worker cbc_consensus::dcf: Creating block proposal #3 for author d43593c715fdd31c61141abd04a99fd6822c8558854ccde39a5684e7a56da27d (5GrwvaEF...)    
2026-01-28 07:48:42.417 DEBUG tokio-runtime-worker cbc_consensus::dcf: Using parent hash 0xef7ab2a555d1e9336c5323033b820edf7a2e86079139bcb6b1a975033c1feab0 (block #2)    
2026-01-28 07:48:42.417 DEBUG tokio-runtime-worker cbc_consensus::dcf: DCF: Attempting to create block with comprehensive method    
2026-01-28 07:48:42.417 DEBUG tokio-runtime-worker cbc_consensus::proposer_factory: ProposerFactory: Starting complete block creation for slot 3    
2026-01-28 07:48:42.417 DEBUG tokio-runtime-worker cbc_consensus::proposer_factory: ProposerFactory: Creating block #3 with parent #2 (hash: 0xef7ab2a555d1e9336c5323033b820edf7a2e86079139bcb6b1a975033c1feab0)    
2026-01-28 07:48:42.417 DEBUG tokio-runtime-worker cbc_consensus::proposer_factory: ProposerFactory: Using forced author: d43593c715fdd31c61141abd04a99fd6822c8558854ccde39a5684e7a56da27d (5GrwvaEF...)    
2026-01-28 07:48:42.417 DEBUG tokio-runtime-worker cbc_consensus::proposer_factory: ProposerFactory: Creating inherent data    
2026-01-28 07:48:42.417 DEBUG tokio-runtime-worker cbc_consensus::inherent_providers: Added timestamp inherent: 1769586522417 ms    
2026-01-28 07:48:42.417 DEBUG tokio-runtime-worker cbc_consensus::inherent_providers: Successfully created inherent data with 1 providers    
2026-01-28 07:48:42.417 DEBUG tokio-runtime-worker cbc_consensus::proposer_factory: ProposerFactory: Created 1 inherent extrinsics    
2026-01-28 07:48:42.417 DEBUG tokio-runtime-worker cbc_consensus::proposer_factory: Collected 0 transactions from pool    
2026-01-28 07:48:42.417 DEBUG tokio-runtime-worker cbc_consensus::proposer_factory: ProposerFactory: Combined 1 inherent + 0 transaction extrinsics (total: 1)    
2026-01-28 07:48:42.417 DEBUG tokio-runtime-worker cbc_consensus::proposer_factory: ProposerFactory: Building block with proper state root calculation    
2026-01-28 07:48:42.417 DEBUG tokio-runtime-worker cbc_consensus::proposer_factory: ProposerFactory: Starting block building process for block #3    
2026-01-28 07:48:42.417 DEBUG tokio-runtime-worker cbc_consensus::proposer_factory: ProposerFactory: Parent hash: 0xef7ab2a555d1e9336c5323033b820edf7a2e86079139bcb6b1a975033c1feab0, Extrinsics count: 1    
2026-01-28 07:48:42.417 DEBUG tokio-runtime-worker cbc_consensus::proposer_factory: ProposerFactory: Created temporary header for block #3    
2026-01-28 07:48:42.417 DEBUG tokio-runtime-worker cbc_consensus::proposer_factory: ProposerFactory: Temp header - number: 3, parent: 0xef7ab2a555d1e9336c5323033b820edf7a2e86079139bcb6b1a975033c1feab0    
2026-01-28 07:48:42.417 DEBUG tokio-runtime-worker cbc_consensus::proposer_factory: ProposerFactory: Initializing block in runtime state    
2026-01-28 07:48:42.417  INFO tokio-runtime-worker pallet_cbc_dcf::pallet: DCF: Finality advanced from 1 to 2 in epoch 0    
2026-01-28 07:48:42.417  INFO tokio-runtime-worker pallet_cbc_dcf::pallet: DCF: Progressive finalization advanced to block 2    
2026-01-28 07:48:42.417 DEBUG tokio-runtime-worker pallet_cbc_dcf::pallet: DCF: No deterministic sequence found for epoch 0, using legacy selection for block 3    
2026-01-28 07:48:42.417 DEBUG tokio-runtime-worker pallet_cbc_dcf::pallet: DCF: Selected legacy author d43593c715fdd31c61141abd04a99fd6822c8558854ccde39a5684e7a56da27d (5GrwvaEF...) for block 3 (Combined: 16, PoS: 0, PoI: 42, Target: 3/16)    
2026-01-28 07:48:42.417 DEBUG tokio-runtime-worker cbc_consensus::proposer_factory: ProposerFactory: Block initialized successfully    
2026-01-28 07:48:42.417 DEBUG tokio-runtime-worker cbc_consensus::proposer_factory: ProposerFactory: Applying 1 extrinsics to runtime state    
2026-01-28 07:48:42.417 DEBUG tokio-runtime-worker cbc_consensus::proposer_factory: ProposerFactory: Applying extrinsic 1 of 1    
2026-01-28 07:48:42.417 DEBUG tokio-runtime-worker cbc_consensus::proposer_factory: ProposerFactory: Successfully applied extrinsic 0    
2026-01-28 07:48:42.417 DEBUG tokio-runtime-worker cbc_consensus::proposer_factory: ProposerFactory: Applied 1 extrinsics successfully, 0 failed    
2026-01-28 07:48:42.417 DEBUG tokio-runtime-worker cbc_consensus::proposer_factory: ProposerFactory: Finalizing block to calculate state root and extrinsics root    
2026-01-28 07:48:42.417 DEBUG tokio-runtime-worker pallet_cbc_dcf::pallet: DCF: Processing on_finalize for block #3    
2026-01-28 07:48:42.417 DEBUG tokio-runtime-worker cbc_consensus::proposer_factory: ProposerFactory: Block finalized successfully    
2026-01-28 07:48:42.417 DEBUG tokio-runtime-worker cbc_consensus::proposer_factory: ProposerFactory: Final header - number: 3, state_root: 0xd0e347bba68d2383c64d42635b3bf5821c2a27d09dc7566cd21d2977af6915d4, extrinsics_root: 0xf7cf92f3e73985913228af1eac26b137bcb32b11bfddb8f5998ae1ee720b982a    
2026-01-28 07:48:42.417 DEBUG tokio-runtime-worker cbc_consensus::proposer_factory: ProposerFactory: Final header - parent_hash: 0xef7ab2a555d1e9336c5323033b820edf7a2e86079139bcb6b1a975033c1feab0, digest logs: 0    
2026-01-28 07:48:42.417 DEBUG tokio-runtime-worker cbc_consensus::proposer_factory: ProposerFactory: Created final block with 1 extrinsics    
2026-01-28 07:48:42.417 DEBUG tokio-runtime-worker cbc_consensus::proposer_factory: ProposerFactory: Final block hash: 0x1423947ab35cc95b4c7b3d321339686c929129610c984629476e94a11b00ab38    
2026-01-28 07:48:42.417 DEBUG tokio-runtime-worker cbc_consensus::proposer_factory: ProposerFactory: Validating built block structure    
2026-01-28 07:48:42.417 DEBUG tokio-runtime-worker cbc_consensus::proposer_factory: ProposerFactory: Block validation passed    
2026-01-28 07:48:42.417 DEBUG tokio-runtime-worker cbc_consensus::proposer_factory: ProposerFactory: - State root: 0xd0e347bba68d2383c64d42635b3bf5821c2a27d09dc7566cd21d2977af6915d4 (non-zero: true)    
2026-01-28 07:48:42.417 DEBUG tokio-runtime-worker cbc_consensus::proposer_factory: ProposerFactory: - Extrinsics root: 0xf7cf92f3e73985913228af1eac26b137bcb32b11bfddb8f5998ae1ee720b982a (non-zero: true)    
2026-01-28 07:48:42.417 DEBUG tokio-runtime-worker cbc_consensus::proposer_factory: ProposerFactory: - Parent hash: 0xef7ab2a555d1e9336c5323033b820edf7a2e86079139bcb6b1a975033c1feab0 (non-zero: true)    
2026-01-28 07:48:42.417 DEBUG tokio-runtime-worker cbc_consensus::proposer_factory: ProposerFactory: - Block number: 3    
2026-01-28 07:48:42.417 DEBUG tokio-runtime-worker cbc_consensus::proposer_factory: ProposerFactory: - Extrinsics count: 1    
2026-01-28 07:48:42.417 DEBUG tokio-runtime-worker cbc_consensus::proposer_factory: ProposerFactory: Block building completed successfully for block #3    
2026-01-28 07:48:42.417 DEBUG tokio-runtime-worker cbc_consensus::proposer_factory: ProposerFactory: Performing final block validation    
2026-01-28 07:48:42.417 DEBUG tokio-runtime-worker cbc_consensus::proposer_factory: ProposerFactory: Validating final block    
2026-01-28 07:48:42.417 DEBUG tokio-runtime-worker cbc_consensus::proposer_factory: ProposerFactory: Final block validation passed    
2026-01-28 07:48:42.417 DEBUG tokio-runtime-worker cbc_consensus::proposer_factory: ProposerFactory: - Block number: 3    
2026-01-28 07:48:42.417 DEBUG tokio-runtime-worker cbc_consensus::proposer_factory: ProposerFactory: - Author: d43593c715fdd31c61141abd04a99fd6822c8558854ccde39a5684e7a56da27d (5GrwvaEF...)    
2026-01-28 07:48:42.417 DEBUG tokio-runtime-worker cbc_consensus::proposer_factory: ProposerFactory: - State root: 0xd0e347bba68d2383c64d42635b3bf5821c2a27d09dc7566cd21d2977af6915d4    
2026-01-28 07:48:42.417 DEBUG tokio-runtime-worker cbc_consensus::proposer_factory: ProposerFactory: - Extrinsics root: 0xf7cf92f3e73985913228af1eac26b137bcb32b11bfddb8f5998ae1ee720b982a    
2026-01-28 07:48:42.417 DEBUG tokio-runtime-worker cbc_consensus::proposer_factory: ProposerFactory: - Parent hash: 0xef7ab2a555d1e9336c5323033b820edf7a2e86079139bcb6b1a975033c1feab0    
2026-01-28 07:48:42.417 DEBUG tokio-runtime-worker cbc_consensus::proposer_factory: ProposerFactory: - Extrinsics count: 1    
2026-01-28 07:48:42.417 DEBUG tokio-runtime-worker cbc_consensus::proposer_factory: ProposerFactory: Successfully created complete block #3 with author d43593c715fdd31c61141abd04a99fd6822c8558854ccde39a5684e7a56da27d (5GrwvaEF...)    
2026-01-28 07:48:42.417 DEBUG tokio-runtime-worker cbc_consensus::proposer_factory: ProposerFactory: Block hash: 0x1423947ab35cc95b4c7b3d321339686c929129610c984629476e94a11b00ab38, state root: 0xd0e347bba68d2383c64d42635b3bf5821c2a27d09dc7566cd21d2977af6915d4    
2026-01-28 07:48:42.417 DEBUG tokio-runtime-worker cbc_consensus::dcf: DCF: Successfully created block with comprehensive method    
2026-01-28 07:48:42.417 DEBUG tokio-runtime-worker cbc_consensus::dcf: DCF: Block validation passed - state root: 0xd0e347bba68d2383c64d42635b3bf5821c2a27d09dc7566cd21d2977af6915d4, extrinsics root: 0xf7cf92f3e73985913228af1eac26b137bcb32b11bfddb8f5998ae1ee720b982a    
2026-01-28 07:48:42.417 DEBUG tokio-runtime-worker cbc_consensus::dcf: Created block #3 with 1 extrinsics, parent: 0xef7ab2a555d1e9336c5323033b820edf7a2e86079139bcb6b1a975033c1feab0    
2026-01-28 07:48:42.417 DEBUG tokio-runtime-worker cbc_consensus::dcf: Block state root: 0xd0e347bba68d2383c64d42635b3bf5821c2a27d09dc7566cd21d2977af6915d4, extrinsics root: 0xf7cf92f3e73985913228af1eac26b137bcb32b11bfddb8f5998ae1ee720b982a    
2026-01-28 07:48:42.417 DEBUG tokio-runtime-worker cbc_consensus::dcf: Importing consensus block #3 (0x1423947ab35cc95b4c7b3d321339686c929129610c984629476e94a11b00ab38) with parent 0xef7ab2a555d1e9336c5323033b820edf7a2e86079139bcb6b1a975033c1feab0    
2026-01-28 07:48:42.417  INFO tokio-runtime-worker pallet_cbc_dcf::pallet: DCF: Finality advanced from 1 to 2 in epoch 0    
2026-01-28 07:48:42.417  INFO tokio-runtime-worker pallet_cbc_dcf::pallet: DCF: Progressive finalization advanced to block 2    
2026-01-28 07:48:42.417 DEBUG tokio-runtime-worker pallet_cbc_dcf::pallet: DCF: No deterministic sequence found for epoch 0, using legacy selection for block 3    
2026-01-28 07:48:42.417 DEBUG tokio-runtime-worker pallet_cbc_dcf::pallet: DCF: Selected legacy author d43593c715fdd31c61141abd04a99fd6822c8558854ccde39a5684e7a56da27d (5GrwvaEF...) for block 3 (Combined: 16, PoS: 0, PoI: 42, Target: 3/16)    
2026-01-28 07:48:42.417 DEBUG tokio-runtime-worker pallet_cbc_dcf::pallet: DCF: Processing on_finalize for block #3    
2026-01-28 07:48:42.418 DEBUG tokio-runtime-worker cbc_consensus::dcf: Block #3 successfully imported    
2026-01-28 07:48:42.418 DEBUG tokio-runtime-worker pallet_cbc_dcf::pallet: DCF: Recorded successful block authorship for block #3 by d43593c715fdd31c61141abd04a99fd6822c8558854ccde39a5684e7a56da27d (5GrwvaEF...)    
2026-01-28 07:48:42.418 DEBUG tokio-runtime-worker cbc_consensus::dcf: Recorded successful block authorship for validator d43593c715fdd31c61141abd04a99fd6822c8558854ccde39a5684e7a56da27d (5GrwvaEF...) at block #3    
2026-01-28 07:48:42.418 DEBUG tokio-runtime-worker cbc_consensus::dcf: Block #3 produced successfully by d43593c715fdd31c61141abd04a99fd6822c8558854ccde39a5684e7a56da27d (5GrwvaEF...)    
2026-01-28 07:48:42.418 DEBUG tokio-runtime-worker cbc_consensus::dcf: Validator stats - Combined: 100, PoS: 10000, PoI: 8000, Trust: 7666, Uptime: 100, Inferences: 0, Participation: 0%, Missed: 3    
2026-01-28 07:48:42.418 DEBUG tokio-runtime-worker cbc_consensus::dcf: Updated consensus state - Block: 3, Slot: 3, Total Blocks: 3, Author: d43593c715fdd31c61141abd04a99fd6822c8558854ccde39a5684e7a56da27d (5GrwvaEF...)    
2026-01-28 07:48:42.418  INFO tokio-runtime-worker substrate: 🏆 Imported #3 (0xef7a…eab0 → 0x1423…ab38)    
2026-01-28 07:48:42.421 DEBUG tokio-runtime-worker cbc_consensus::dcf: Block #3 produced by d43593c715fdd31c61141abd04a99fd6822c8558854ccde39a5684e7a56da27d (5GrwvaEF...) in 5.030021ms    
2026-01-28 07:48:42.421 DEBUG tokio-runtime-worker cbc_consensus::dcf: Block production successful for author d43593c715fdd31c61141abd04a99fd6822c8558854ccde39a5684e7a56da27d (5GrwvaEF...)    
2026-01-28 07:48:45.397  INFO tokio-runtime-worker substrate: 💤 Idle (0 peers), best: #3 (0x1423…ab38), finalized #0 (0x64ae…6965), ⬇ 0 ⬆ 0    
2026-01-28 07:48:48.515 DEBUG tokio-runtime-worker cbc_consensus::dcf: Time to produce block - interval: 6s, time since last: 6.097169537s    
2026-01-28 07:48:48.515 DEBUG tokio-runtime-worker pallet_cbc_dcf::pallet: DCF: No deterministic sequence found for epoch 0, using legacy selection for block 4    
2026-01-28 07:48:48.515 DEBUG tokio-runtime-worker pallet_cbc_dcf::pallet: DCF: Selected legacy author d43593c715fdd31c61141abd04a99fd6822c8558854ccde39a5684e7a56da27d (5GrwvaEF...) for block 4 (Combined: 16, PoS: 0, PoI: 42, Target: 4/16)    
2026-01-28 07:48:48.515 DEBUG tokio-runtime-worker cbc_consensus::dcf: DCF: Author d43593c715fdd31c61141abd04a99fd6822c8558854ccde39a5684e7a56da27d (5GrwvaEF...) has final score: 100    
2026-01-28 07:48:48.516 DEBUG tokio-runtime-worker cbc_consensus::dcf: DCF: Validator profile - Combined: 100, PoS: 10000, PoI: 8000, Trust: 5000, Uptime: 100, Inferences: 0, Participation: 0%, Missed: 3    
2026-01-28 07:48:48.516 DEBUG tokio-runtime-worker cbc_consensus::dcf: Creating block proposal #4 for author d43593c715fdd31c61141abd04a99fd6822c8558854ccde39a5684e7a56da27d (5GrwvaEF...)    
2026-01-28 07:48:48.516 DEBUG tokio-runtime-worker cbc_consensus::dcf: Using parent hash 0x1423947ab35cc95b4c7b3d321339686c929129610c984629476e94a11b00ab38 (block #3)    
2026-01-28 07:48:48.516 DEBUG tokio-runtime-worker cbc_consensus::dcf: DCF: Attempting to create block with comprehensive method    
2026-01-28 07:48:48.516 DEBUG tokio-runtime-worker cbc_consensus::proposer_factory: ProposerFactory: Starting complete block creation for slot 4    
2026-01-28 07:48:48.516 DEBUG tokio-runtime-worker cbc_consensus::proposer_factory: ProposerFactory: Creating block #4 with parent #3 (hash: 0x1423947ab35cc95b4c7b3d321339686c929129610c984629476e94a11b00ab38)    
2026-01-28 07:48:48.516 DEBUG tokio-runtime-worker cbc_consensus::proposer_factory: ProposerFactory: Using forced author: d43593c715fdd31c61141abd04a99fd6822c8558854ccde39a5684e7a56da27d (5GrwvaEF...)    
2026-01-28 07:48:48.516 DEBUG tokio-runtime-worker cbc_consensus::proposer_factory: ProposerFactory: Creating inherent data    
2026-01-28 07:48:48.516 DEBUG tokio-runtime-worker cbc_consensus::inherent_providers: Added timestamp inherent: 1769586528516 ms    
2026-01-28 07:48:48.516 DEBUG tokio-runtime-worker cbc_consensus::inherent_providers: Successfully created inherent data with 1 providers    
2026-01-28 07:48:48.516 DEBUG tokio-runtime-worker cbc_consensus::proposer_factory: ProposerFactory: Created 1 inherent extrinsics    
2026-01-28 07:48:48.516 DEBUG tokio-runtime-worker cbc_consensus::proposer_factory: Collected 0 transactions from pool    
2026-01-28 07:48:48.516 DEBUG tokio-runtime-worker cbc_consensus::proposer_factory: ProposerFactory: Combined 1 inherent + 0 transaction extrinsics (total: 1)    
2026-01-28 07:48:48.516 DEBUG tokio-runtime-worker cbc_consensus::proposer_factory: ProposerFactory: Building block with proper state root calculation    
2026-01-28 07:48:48.516 DEBUG tokio-runtime-worker cbc_consensus::proposer_factory: ProposerFactory: Starting block building process for block #4    
2026-01-28 07:48:48.516 DEBUG tokio-runtime-worker cbc_consensus::proposer_factory: ProposerFactory: Parent hash: 0x1423947ab35cc95b4c7b3d321339686c929129610c984629476e94a11b00ab38, Extrinsics count: 1    
2026-01-28 07:48:48.516 DEBUG tokio-runtime-worker cbc_consensus::proposer_factory: ProposerFactory: Created temporary header for block #4    
2026-01-28 07:48:48.516 DEBUG tokio-runtime-worker cbc_consensus::proposer_factory: ProposerFactory: Temp header - number: 4, parent: 0x1423947ab35cc95b4c7b3d321339686c929129610c984629476e94a11b00ab38    
2026-01-28 07:48:48.516 DEBUG tokio-runtime-worker cbc_consensus::proposer_factory: ProposerFactory: Initializing block in runtime state    
2026-01-28 07:48:48.516  INFO tokio-runtime-worker pallet_cbc_dcf::pallet: DCF: Finality advanced from 2 to 3 in epoch 0    
2026-01-28 07:48:48.516  INFO tokio-runtime-worker pallet_cbc_dcf::pallet: DCF: Progressive finalization advanced to block 3    
2026-01-28 07:48:48.516 DEBUG tokio-runtime-worker pallet_cbc_dcf::pallet: DCF: No deterministic sequence found for epoch 0, using legacy selection for block 4    
2026-01-28 07:48:48.516 DEBUG tokio-runtime-worker pallet_cbc_dcf::pallet: DCF: Selected legacy author d43593c715fdd31c61141abd04a99fd6822c8558854ccde39a5684e7a56da27d (5GrwvaEF...) for block 4 (Combined: 16, PoS: 0, PoI: 42, Target: 4/16)    
2026-01-28 07:48:48.516 DEBUG tokio-runtime-worker cbc_consensus::proposer_factory: ProposerFactory: Block initialized successfully    
2026-01-28 07:48:48.516 DEBUG tokio-runtime-worker cbc_consensus::proposer_factory: ProposerFactory: Applying 1 extrinsics to runtime state    
2026-01-28 07:48:48.516 DEBUG tokio-runtime-worker cbc_consensus::proposer_factory: ProposerFactory: Applying extrinsic 1 of 1    
2026-01-28 07:48:48.516 DEBUG tokio-runtime-worker cbc_consensus::proposer_factory: ProposerFactory: Successfully applied extrinsic 0    
2026-01-28 07:48:48.516 DEBUG tokio-runtime-worker cbc_consensus::proposer_factory: ProposerFactory: Applied 1 extrinsics successfully, 0 failed    
2026-01-28 07:48:48.516 DEBUG tokio-runtime-worker cbc_consensus::proposer_factory: ProposerFactory: Finalizing block to calculate state root and extrinsics root    
2026-01-28 07:48:48.516 DEBUG tokio-runtime-worker pallet_cbc_dcf::pallet: DCF: Processing on_finalize for block #4    
2026-01-28 07:48:48.516 DEBUG tokio-runtime-worker cbc_consensus::proposer_factory: ProposerFactory: Block finalized successfully    
2026-01-28 07:48:48.516 DEBUG tokio-runtime-worker cbc_consensus::proposer_factory: ProposerFactory: Final header - number: 4, state_root: 0xa83ece8300e3478c98323063decc92b061906dc72e000c84fb78173125bfb4d3, extrinsics_root: 0x848a0443b949e62a527bcc16014136e0222d30318915384a5aa22b79b0193e47    
2026-01-28 07:48:48.516 DEBUG tokio-runtime-worker cbc_consensus::proposer_factory: ProposerFactory: Final header - parent_hash: 0x1423947ab35cc95b4c7b3d321339686c929129610c984629476e94a11b00ab38, digest logs: 0    
2026-01-28 07:48:48.516 DEBUG tokio-runtime-worker cbc_consensus::proposer_factory: ProposerFactory: Created final block with 1 extrinsics    
2026-01-28 07:48:48.516 DEBUG tokio-runtime-worker cbc_consensus::proposer_factory: ProposerFactory: Final block hash: 0xa50027c1c8fed79da9690f4feca51d6e876181c6b4e277a93df5bc72b4169a33    
2026-01-28 07:48:48.516 DEBUG tokio-runtime-worker cbc_consensus::proposer_factory: ProposerFactory: Validating built block structure    
2026-01-28 07:48:48.516 DEBUG tokio-runtime-worker cbc_consensus::proposer_factory: ProposerFactory: Block validation passed    
2026-01-28 07:48:48.516 DEBUG tokio-runtime-worker cbc_consensus::proposer_factory: ProposerFactory: - State root: 0xa83ece8300e3478c98323063decc92b061906dc72e000c84fb78173125bfb4d3 (non-zero: true)    
2026-01-28 07:48:48.516 DEBUG tokio-runtime-worker cbc_consensus::proposer_factory: ProposerFactory: - Extrinsics root: 0x848a0443b949e62a527bcc16014136e0222d30318915384a5aa22b79b0193e47 (non-zero: true)    
2026-01-28 07:48:48.516 DEBUG tokio-runtime-worker cbc_consensus::proposer_factory: ProposerFactory: - Parent hash: 0x1423947ab35cc95b4c7b3d321339686c929129610c984629476e94a11b00ab38 (non-zero: true)    
2026-01-28 07:48:48.516 DEBUG tokio-runtime-worker cbc_consensus::proposer_factory: ProposerFactory: - Block number: 4    
2026-01-28 07:48:48.516 DEBUG tokio-runtime-worker cbc_consensus::proposer_factory: ProposerFactory: - Extrinsics count: 1    
2026-01-28 07:48:48.516 DEBUG tokio-runtime-worker cbc_consensus::proposer_factory: ProposerFactory: Block building completed successfully for block #4    
2026-01-28 07:48:48.516 DEBUG tokio-runtime-worker cbc_consensus::proposer_factory: ProposerFactory: Performing final block validation    
2026-01-28 07:48:48.516 DEBUG tokio-runtime-worker cbc_consensus::proposer_factory: ProposerFactory: Validating final block    
2026-01-28 07:48:48.516 DEBUG tokio-runtime-worker cbc_consensus::proposer_factory: ProposerFactory: Final block validation passed    
2026-01-28 07:48:48.516 DEBUG tokio-runtime-worker cbc_consensus::proposer_factory: ProposerFactory: - Block number: 4    
2026-01-28 07:48:48.516 DEBUG tokio-runtime-worker cbc_consensus::proposer_factory: ProposerFactory: - Author: d43593c715fdd31c61141abd04a99fd6822c8558854ccde39a5684e7a56da27d (5GrwvaEF...)    
2026-01-28 07:48:48.516 DEBUG tokio-runtime-worker cbc_consensus::proposer_factory: ProposerFactory: - State root: 0xa83ece8300e3478c98323063decc92b061906dc72e000c84fb78173125bfb4d3    
2026-01-28 07:48:48.516 DEBUG tokio-runtime-worker cbc_consensus::proposer_factory: ProposerFactory: - Extrinsics root: 0x848a0443b949e62a527bcc16014136e0222d30318915384a5aa22b79b0193e47    
2026-01-28 07:48:48.516 DEBUG tokio-runtime-worker cbc_consensus::proposer_factory: ProposerFactory: - Parent hash: 0x1423947ab35cc95b4c7b3d321339686c929129610c984629476e94a11b00ab38    
2026-01-28 07:48:48.516 DEBUG tokio-runtime-worker cbc_consensus::proposer_factory: ProposerFactory: - Extrinsics count: 1    
2026-01-28 07:48:48.516 DEBUG tokio-runtime-worker cbc_consensus::proposer_factory: ProposerFactory: Successfully created complete block #4 with author d43593c715fdd31c61141abd04a99fd6822c8558854ccde39a5684e7a56da27d (5GrwvaEF...)    
2026-01-28 07:48:48.516 DEBUG tokio-runtime-worker cbc_consensus::proposer_factory: ProposerFactory: Block hash: 0xa50027c1c8fed79da9690f4feca51d6e876181c6b4e277a93df5bc72b4169a33, state root: 0xa83ece8300e3478c98323063decc92b061906dc72e000c84fb78173125bfb4d3    
2026-01-28 07:48:48.516 DEBUG tokio-runtime-worker cbc_consensus::dcf: DCF: Successfully created block with comprehensive method    
2026-01-28 07:48:48.516 DEBUG tokio-runtime-worker cbc_consensus::dcf: DCF: Block validation passed - state root: 0xa83ece8300e3478c98323063decc92b061906dc72e000c84fb78173125bfb4d3, extrinsics root: 0x848a0443b949e62a527bcc16014136e0222d30318915384a5aa22b79b0193e47    
2026-01-28 07:48:48.516 DEBUG tokio-runtime-worker cbc_consensus::dcf: Created block #4 with 1 extrinsics, parent: 0x1423947ab35cc95b4c7b3d321339686c929129610c984629476e94a11b00ab38    
2026-01-28 07:48:48.516 DEBUG tokio-runtime-worker cbc_consensus::dcf: Block state root: 0xa83ece8300e3478c98323063decc92b061906dc72e000c84fb78173125bfb4d3, extrinsics root: 0x848a0443b949e62a527bcc16014136e0222d30318915384a5aa22b79b0193e47    
2026-01-28 07:48:48.516 DEBUG tokio-runtime-worker cbc_consensus::dcf: Importing consensus block #4 (0xa50027c1c8fed79da9690f4feca51d6e876181c6b4e277a93df5bc72b4169a33) with parent 0x1423947ab35cc95b4c7b3d321339686c929129610c984629476e94a11b00ab38    
2026-01-28 07:48:48.516  INFO tokio-runtime-worker pallet_cbc_dcf::pallet: DCF: Finality advanced from 2 to 3 in epoch 0    
2026-01-28 07:48:48.516  INFO tokio-runtime-worker pallet_cbc_dcf::pallet: DCF: Progressive finalization advanced to block 3    
2026-01-28 07:48:48.517 DEBUG tokio-runtime-worker pallet_cbc_dcf::pallet: DCF: No deterministic sequence found for epoch 0, using legacy selection for block 4    
2026-01-28 07:48:48.517 DEBUG tokio-runtime-worker pallet_cbc_dcf::pallet: DCF: Selected legacy author d43593c715fdd31c61141abd04a99fd6822c8558854ccde39a5684e7a56da27d (5GrwvaEF...) for block 4 (Combined: 16, PoS: 0, PoI: 42, Target: 4/16)    
2026-01-28 07:48:48.517 DEBUG tokio-runtime-worker pallet_cbc_dcf::pallet: DCF: Processing on_finalize for block #4    
2026-01-28 07:48:48.517 DEBUG tokio-runtime-worker cbc_consensus::dcf: Block #4 successfully imported    
2026-01-28 07:48:48.517 DEBUG tokio-runtime-worker pallet_cbc_dcf::pallet: DCF: Recorded successful block authorship for block #4 by d43593c715fdd31c61141abd04a99fd6822c8558854ccde39a5684e7a56da27d (5GrwvaEF...)    
2026-01-28 07:48:48.517 DEBUG tokio-runtime-worker cbc_consensus::dcf: Recorded successful block authorship for validator d43593c715fdd31c61141abd04a99fd6822c8558854ccde39a5684e7a56da27d (5GrwvaEF...) at block #4    
2026-01-28 07:48:48.517 DEBUG tokio-runtime-worker cbc_consensus::dcf: Block #4 produced successfully by d43593c715fdd31c61141abd04a99fd6822c8558854ccde39a5684e7a56da27d (5GrwvaEF...)    
2026-01-28 07:48:48.517 DEBUG tokio-runtime-worker cbc_consensus::dcf: Validator stats - Combined: 100, PoS: 10000, PoI: 8000, Trust: 7666, Uptime: 100, Inferences: 0, Participation: 0%, Missed: 4    
2026-01-28 07:48:48.517 DEBUG tokio-runtime-worker cbc_consensus::dcf: Updated consensus state - Block: 4, Slot: 4, Total Blocks: 4, Author: d43593c715fdd31c61141abd04a99fd6822c8558854ccde39a5684e7a56da27d (5GrwvaEF...)    
2026-01-28 07:48:48.517 DEBUG tokio-runtime-worker cbc_consensus::dcf: Block #4 produced by d43593c715fdd31c61141abd04a99fd6822c8558854ccde39a5684e7a56da27d (5GrwvaEF...) in 2.047237ms    
2026-01-28 07:48:48.517 DEBUG tokio-runtime-worker cbc_consensus::dcf: Block production successful for author d43593c715fdd31c61141abd04a99fd6822c8558854ccde39a5684e7a56da27d (5GrwvaEF...)    
2026-01-28 07:48:48.518  INFO tokio-runtime-worker substrate: 🏆 Imported #4 (0x1423…ab38 → 0xa500…9a33)    
2026-01-28 07:48:50.362 DEBUG tokio-runtime-worker cbc_node::block_tracker: Block Tracker: Processing 2 new blocks (#3 to #4)    
2026-01-28 07:48:50.362 DEBUG tokio-runtime-worker cbc_node::block_tracker: Block Tracker: Updated stats for validator d43593c715fdd31c61141abd04a99fd6822c8558854ccde39a5684e7a56da27d (5GrwvaEF...) - Authored: 0 (+0), Missed: 4 (+2), Rate: 0.00%    
2026-01-28 07:48:50.362  WARN tokio-runtime-worker cbc_node::block_tracker: Block Tracker: Validator d43593c715fdd31c61141abd04a99fd6822c8558854ccde39a5684e7a56da27d (5GrwvaEF...) has 4 consecutive missed blocks (threshold: 3)    
2026-01-28 07:48:50.400  INFO tokio-runtime-worker substrate: 💤 Idle (0 peers), best: #4 (0xa500…9a33), finalized #0 (0x64ae…6965), ⬇ 0 ⬆ 0    
2026-01-28 07:48:54.527 DEBUG tokio-runtime-worker cbc_consensus::dcf: Time to produce block - interval: 6s, time since last: 6.009691288s    
2026-01-28 07:48:54.527 DEBUG tokio-runtime-worker pallet_cbc_dcf::pallet: DCF: No deterministic sequence found for epoch 0, using legacy selection for block 5    
2026-01-28 07:48:54.527 DEBUG tokio-runtime-worker pallet_cbc_dcf::pallet: DCF: Selected legacy author d43593c715fdd31c61141abd04a99fd6822c8558854ccde39a5684e7a56da27d (5GrwvaEF...) for block 5 (Combined: 16, PoS: 0, PoI: 42, Target: 5/16)    
2026-01-28 07:48:54.527 DEBUG tokio-runtime-worker cbc_consensus::dcf: DCF: Author d43593c715fdd31c61141abd04a99fd6822c8558854ccde39a5684e7a56da27d (5GrwvaEF...) has final score: 100    
2026-01-28 07:48:54.527 DEBUG tokio-runtime-worker cbc_consensus::dcf: DCF: Validator profile - Combined: 100, PoS: 10000, PoI: 8000, Trust: 5000, Uptime: 100, Inferences: 0, Participation: 0%, Missed: 4    
2026-01-28 07:48:54.527 DEBUG tokio-runtime-worker cbc_consensus::dcf: Creating block proposal #5 for author d43593c715fdd31c61141abd04a99fd6822c8558854ccde39a5684e7a56da27d (5GrwvaEF...)    
2026-01-28 07:48:54.527 DEBUG tokio-runtime-worker cbc_consensus::dcf: Using parent hash 0xa50027c1c8fed79da9690f4feca51d6e876181c6b4e277a93df5bc72b4169a33 (block #4)    
2026-01-28 07:48:54.527 DEBUG tokio-runtime-worker cbc_consensus::dcf: DCF: Attempting to create block with comprehensive method    
2026-01-28 07:48:54.527 DEBUG tokio-runtime-worker cbc_consensus::proposer_factory: ProposerFactory: Starting complete block creation for slot 5    
2026-01-28 07:48:54.527 DEBUG tokio-runtime-worker cbc_consensus::proposer_factory: ProposerFactory: Creating block #5 with parent #4 (hash: 0xa50027c1c8fed79da9690f4feca51d6e876181c6b4e277a93df5bc72b4169a33)    
2026-01-28 07:48:54.527 DEBUG tokio-runtime-worker cbc_consensus::proposer_factory: ProposerFactory: Using forced author: d43593c715fdd31c61141abd04a99fd6822c8558854ccde39a5684e7a56da27d (5GrwvaEF...)    
2026-01-28 07:48:54.527 DEBUG tokio-runtime-worker cbc_consensus::proposer_factory: ProposerFactory: Creating inherent data    
2026-01-28 07:48:54.527 DEBUG tokio-runtime-worker cbc_consensus::inherent_providers: Added timestamp inherent: 1769586534527 ms    
2026-01-28 07:48:54.527 DEBUG tokio-runtime-worker cbc_consensus::inherent_providers: Successfully created inherent data with 1 providers    
2026-01-28 07:48:54.528 DEBUG tokio-runtime-worker cbc_consensus::proposer_factory: ProposerFactory: Created 1 inherent extrinsics    
2026-01-28 07:48:54.528 DEBUG tokio-runtime-worker cbc_consensus::proposer_factory: Collected 0 transactions from pool    
2026-01-28 07:48:54.528 DEBUG tokio-runtime-worker cbc_consensus::proposer_factory: ProposerFactory: Combined 1 inherent + 0 transaction extrinsics (total: 1)    
2026-01-28 07:48:54.528 DEBUG tokio-runtime-worker cbc_consensus::proposer_factory: ProposerFactory: Building block with proper state root calculation    
2026-01-28 07:48:54.528 DEBUG tokio-runtime-worker cbc_consensus::proposer_factory: ProposerFactory: Starting block building process for block #5    
2026-01-28 07:48:54.528 DEBUG tokio-runtime-worker cbc_consensus::proposer_factory: ProposerFactory: Parent hash: 0xa50027c1c8fed79da9690f4feca51d6e876181c6b4e277a93df5bc72b4169a33, Extrinsics count: 1    
2026-01-28 07:48:54.528 DEBUG tokio-runtime-worker cbc_consensus::proposer_factory: ProposerFactory: Created temporary header for block #5    
2026-01-28 07:48:54.528 DEBUG tokio-runtime-worker cbc_consensus::proposer_factory: ProposerFactory: Temp header - number: 5, parent: 0xa50027c1c8fed79da9690f4feca51d6e876181c6b4e277a93df5bc72b4169a33    
2026-01-28 07:48:54.528 DEBUG tokio-runtime-worker cbc_consensus::proposer_factory: ProposerFactory: Initializing block in runtime state    
2026-01-28 07:48:54.528  INFO tokio-runtime-worker pallet_cbc_dcf::pallet: DCF: Finality advanced from 3 to 4 in epoch 0    
2026-01-28 07:48:54.528  INFO tokio-runtime-worker pallet_cbc_dcf::pallet: DCF: Progressive finalization advanced to block 4    
2026-01-28 07:48:54.528 DEBUG tokio-runtime-worker pallet_cbc_dcf::pallet: DCF: No deterministic sequence found for epoch 0, using legacy selection for block 5    
2026-01-28 07:48:54.528 DEBUG tokio-runtime-worker pallet_cbc_dcf::pallet: DCF: Selected legacy author d43593c715fdd31c61141abd04a99fd6822c8558854ccde39a5684e7a56da27d (5GrwvaEF...) for block 5 (Combined: 16, PoS: 0, PoI: 42, Target: 5/16)    
2026-01-28 07:48:54.528 DEBUG tokio-runtime-worker cbc_consensus::proposer_factory: ProposerFactory: Block initialized successfully    
2026-01-28 07:48:54.528 DEBUG tokio-runtime-worker cbc_consensus::proposer_factory: ProposerFactory: Applying 1 extrinsics to runtime state    
2026-01-28 07:48:54.528 DEBUG tokio-runtime-worker cbc_consensus::proposer_factory: ProposerFactory: Applying extrinsic 1 of 1    
2026-01-28 07:48:54.528 DEBUG tokio-runtime-worker cbc_consensus::proposer_factory: ProposerFactory: Successfully applied extrinsic 0    
2026-01-28 07:48:54.528 DEBUG tokio-runtime-worker cbc_consensus::proposer_factory: ProposerFactory: Applied 1 extrinsics successfully, 0 failed    
2026-01-28 07:48:54.528 DEBUG tokio-runtime-worker cbc_consensus::proposer_factory: ProposerFactory: Finalizing block to calculate state root and extrinsics root    
2026-01-28 07:48:54.528 DEBUG tokio-runtime-worker pallet_cbc_dcf::pallet: DCF: Processing on_finalize for block #5    
2026-01-28 07:48:54.529 DEBUG tokio-runtime-worker cbc_consensus::proposer_factory: ProposerFactory: Block finalized successfully    
2026-01-28 07:48:54.529 DEBUG tokio-runtime-worker cbc_consensus::proposer_factory: ProposerFactory: Final header - number: 5, state_root: 0x26c9330b7d343a75729c5a5253365f8f496d8e80bf5b7accc54771b108c74a74, extrinsics_root: 0x4096aa12b1d06538d60c978b0f78131b0fbe8d6c14f6f518de74884284177ee6    
2026-01-28 07:48:54.529 DEBUG tokio-runtime-worker cbc_consensus::proposer_factory: ProposerFactory: Final header - parent_hash: 0xa50027c1c8fed79da9690f4feca51d6e876181c6b4e277a93df5bc72b4169a33, digest logs: 0    
2026-01-28 07:48:54.529 DEBUG tokio-runtime-worker cbc_consensus::proposer_factory: ProposerFactory: Created final block with 1 extrinsics    
2026-01-28 07:48:54.529 DEBUG tokio-runtime-worker cbc_consensus::proposer_factory: ProposerFactory: Final block hash: 0xea6708609d614d6b34a5222f3b624f4061dcaa65de7b8707f7341c92f85963fc    
2026-01-28 07:48:54.529 DEBUG tokio-runtime-worker cbc_consensus::proposer_factory: ProposerFactory: Validating built block structure    
2026-01-28 07:48:54.529 DEBUG tokio-runtime-worker cbc_consensus::proposer_factory: ProposerFactory: Block validation passed    
2026-01-28 07:48:54.529 DEBUG tokio-runtime-worker cbc_consensus::proposer_factory: ProposerFactory: - State root: 0x26c9330b7d343a75729c5a5253365f8f496d8e80bf5b7accc54771b108c74a74 (non-zero: true)    
2026-01-28 07:48:54.529 DEBUG tokio-runtime-worker cbc_consensus::proposer_factory: ProposerFactory: - Extrinsics root: 0x4096aa12b1d06538d60c978b0f78131b0fbe8d6c14f6f518de74884284177ee6 (non-zero: true)    
2026-01-28 07:48:54.529 DEBUG tokio-runtime-worker cbc_consensus::proposer_factory: ProposerFactory: - Parent hash: 0xa50027c1c8fed79da9690f4feca51d6e876181c6b4e277a93df5bc72b4169a33 (non-zero: true)    
2026-01-28 07:48:54.529 DEBUG tokio-runtime-worker cbc_consensus::proposer_factory: ProposerFactory: - Block number: 5    
2026-01-28 07:48:54.529 DEBUG tokio-runtime-worker cbc_consensus::proposer_factory: ProposerFactory: - Extrinsics count: 1    
2026-01-28 07:48:54.529 DEBUG tokio-runtime-worker cbc_consensus::proposer_factory: ProposerFactory: Block building completed successfully for block #5    
2026-01-28 07:48:54.529 DEBUG tokio-runtime-worker cbc_consensus::proposer_factory: ProposerFactory: Performing final block validation    
2026-01-28 07:48:54.529 DEBUG tokio-runtime-worker cbc_consensus::proposer_factory: ProposerFactory: Validating final block    
2026-01-28 07:48:54.529 DEBUG tokio-runtime-worker cbc_consensus::proposer_factory: ProposerFactory: Final block validation passed    
2026-01-28 07:48:54.529 DEBUG tokio-runtime-worker cbc_consensus::proposer_factory: ProposerFactory: - Block number: 5    
2026-01-28 07:48:54.529 DEBUG tokio-runtime-worker cbc_consensus::proposer_factory: ProposerFactory: - Author: d43593c715fdd31c61141abd04a99fd6822c8558854ccde39a5684e7a56da27d (5GrwvaEF...)    
2026-01-28 07:48:54.529 DEBUG tokio-runtime-worker cbc_consensus::proposer_factory: ProposerFactory: - State root: 0x26c9330b7d343a75729c5a5253365f8f496d8e80bf5b7accc54771b108c74a74    
2026-01-28 07:48:54.529 DEBUG tokio-runtime-worker cbc_consensus::proposer_factory: ProposerFactory: - Extrinsics root: 0x4096aa12b1d06538d60c978b0f78131b0fbe8d6c14f6f518de74884284177ee6    
2026-01-28 07:48:54.529 DEBUG tokio-runtime-worker cbc_consensus::proposer_factory: ProposerFactory: - Parent hash: 0xa50027c1c8fed79da9690f4feca51d6e876181c6b4e277a93df5bc72b4169a33    
2026-01-28 07:48:54.529 DEBUG tokio-runtime-worker cbc_consensus::proposer_factory: ProposerFactory: - Extrinsics count: 1    
2026-01-28 07:48:54.529 DEBUG tokio-runtime-worker cbc_consensus::proposer_factory: ProposerFactory: Successfully created complete block #5 with author d43593c715fdd31c61141abd04a99fd6822c8558854ccde39a5684e7a56da27d (5GrwvaEF...)    
2026-01-28 07:48:54.529 DEBUG tokio-runtime-worker cbc_consensus::proposer_factory: ProposerFactory: Block hash: 0xea6708609d614d6b34a5222f3b624f4061dcaa65de7b8707f7341c92f85963fc, state root: 0x26c9330b7d343a75729c5a5253365f8f496d8e80bf5b7accc54771b108c74a74    
2026-01-28 07:48:54.529 DEBUG tokio-runtime-worker cbc_consensus::dcf: DCF: Successfully created block with comprehensive method    
2026-01-28 07:48:54.529 DEBUG tokio-runtime-worker cbc_consensus::dcf: DCF: Block validation passed - state root: 0x26c9330b7d343a75729c5a5253365f8f496d8e80bf5b7accc54771b108c74a74, extrinsics root: 0x4096aa12b1d06538d60c978b0f78131b0fbe8d6c14f6f518de74884284177ee6    
2026-01-28 07:48:54.529 DEBUG tokio-runtime-worker cbc_consensus::dcf: Created block #5 with 1 extrinsics, parent: 0xa50027c1c8fed79da9690f4feca51d6e876181c6b4e277a93df5bc72b4169a33    
2026-01-28 07:48:54.529 DEBUG tokio-runtime-worker cbc_consensus::dcf: Block state root: 0x26c9330b7d343a75729c5a5253365f8f496d8e80bf5b7accc54771b108c74a74, extrinsics root: 0x4096aa12b1d06538d60c978b0f78131b0fbe8d6c14f6f518de74884284177ee6    
2026-01-28 07:48:54.529 DEBUG tokio-runtime-worker cbc_consensus::dcf: Importing consensus block #5 (0xea6708609d614d6b34a5222f3b624f4061dcaa65de7b8707f7341c92f85963fc) with parent 0xa50027c1c8fed79da9690f4feca51d6e876181c6b4e277a93df5bc72b4169a33    
2026-01-28 07:48:54.529  INFO tokio-runtime-worker pallet_cbc_dcf::pallet: DCF: Finality advanced from 3 to 4 in epoch 0    
2026-01-28 07:48:54.529  INFO tokio-runtime-worker pallet_cbc_dcf::pallet: DCF: Progressive finalization advanced to block 4    
2026-01-28 07:48:54.529 DEBUG tokio-runtime-worker pallet_cbc_dcf::pallet: DCF: No deterministic sequence found for epoch 0, using legacy selection for block 5    
2026-01-28 07:48:54.529 DEBUG tokio-runtime-worker pallet_cbc_dcf::pallet: DCF: Selected legacy author d43593c715fdd31c61141abd04a99fd6822c8558854ccde39a5684e7a56da27d (5GrwvaEF...) for block 5 (Combined: 16, PoS: 0, PoI: 42, Target: 5/16)    
2026-01-28 07:48:54.529 DEBUG tokio-runtime-worker pallet_cbc_dcf::pallet: DCF: Processing on_finalize for block #5    
2026-01-28 07:48:54.529 DEBUG tokio-runtime-worker cbc_consensus::dcf: Block #5 successfully imported    
2026-01-28 07:48:54.529 DEBUG tokio-runtime-worker pallet_cbc_dcf::pallet: DCF: Recorded successful block authorship for block #5 by d43593c715fdd31c61141abd04a99fd6822c8558854ccde39a5684e7a56da27d (5GrwvaEF...)    
2026-01-28 07:48:54.529  INFO tokio-runtime-worker substrate: 🏆 Imported #5 (0xa500…9a33 → 0xea67…63fc)    
2026-01-28 07:48:54.529 DEBUG tokio-runtime-worker cbc_consensus::dcf: Recorded successful block authorship for validator d43593c715fdd31c61141abd04a99fd6822c8558854ccde39a5684e7a56da27d (5GrwvaEF...) at block #5    
2026-01-28 07:48:54.530  INFO      offchain-worker pallet_cbc_dcf::pallet: DCF: Computed PoI score for validator=d43593c715fdd31c61141abd04a99fd6822c8558854ccde39a5684e7a56da27d (5GrwvaEF...), score=0, block=5    
2026-01-28 07:48:54.530  INFO      offchain-worker pallet_cbc_dcf::pallet: DCF off-chain worker completed computation    
2026-01-28 07:48:54.540 DEBUG tokio-runtime-worker cbc_consensus::dcf: Block #5 produced successfully by d43593c715fdd31c61141abd04a99fd6822c8558854ccde39a5684e7a56da27d (5GrwvaEF...)    
2026-01-28 07:48:54.540 DEBUG tokio-runtime-worker cbc_consensus::dcf: Validator stats - Combined: 100, PoS: 10000, PoI: 8000, Trust: 7666, Uptime: 100, Inferences: 0, Participation: 0%, Missed: 5    
2026-01-28 07:48:54.540 DEBUG tokio-runtime-worker cbc_consensus::dcf: Updated consensus state - Block: 5, Slot: 5, Total Blocks: 5, Author: d43593c715fdd31c61141abd04a99fd6822c8558854ccde39a5684e7a56da27d (5GrwvaEF...)    
2026-01-28 07:48:54.540 DEBUG tokio-runtime-worker cbc_consensus::dcf: Block #5 produced by d43593c715fdd31c61141abd04a99fd6822c8558854ccde39a5684e7a56da27d (5GrwvaEF...) in 12.902784ms    
2026-01-28 07:48:54.540 DEBUG tokio-runtime-worker cbc_consensus::dcf: Block production successful for author d43593c715fdd31c61141abd04a99fd6822c8558854ccde39a5684e7a56da27d (5GrwvaEF...)    
2026-01-28 07:48:55.401  INFO tokio-runtime-worker substrate: 💤 Idle (0 peers), best: #5 (0xea67…63fc), finalized #0 (0x64ae…6965), ⬇ 0 ⬆ 0    
2026-01-28 07:49:00.364 DEBUG tokio-runtime-worker cbc_node::block_tracker: Block Tracker: Processing 1 new blocks (#5 to #5)    
2026-01-28 07:49:00.364 DEBUG tokio-runtime-worker cbc_node::block_tracker: Block Tracker: Updated stats for validator d43593c715fdd31c61141abd04a99fd6822c8558854ccde39a5684e7a56da27d (5GrwvaEF...) - Authored: 0 (+0), Missed: 5 (+1), Rate: 0.00%    
2026-01-28 07:49:00.364  WARN tokio-runtime-worker cbc_node::block_tracker: Block Tracker: Validator d43593c715fdd31c61141abd04a99fd6822c8558854ccde39a5684e7a56da27d (5GrwvaEF...) has 5 consecutive missed blocks (threshold: 3)    
2026-01-28 07:49:00.402  INFO tokio-runtime-worker substrate: 💤 Idle (0 peers), best: #5 (0xea67…63fc), finalized #0 (0x64ae…6965), ⬇ 0 ⬆ 0    
2026-01-28 07:49:00.549 DEBUG tokio-runtime-worker cbc_consensus::dcf: Time to produce block - interval: 6s, time since last: 6.019321072s    
2026-01-28 07:49:00.549 DEBUG tokio-runtime-worker pallet_cbc_dcf::pallet: DCF: No deterministic sequence found for epoch 0, using legacy selection for block 6    
2026-01-28 07:49:00.549 DEBUG tokio-runtime-worker pallet_cbc_dcf::pallet: DCF: Selected legacy author d43593c715fdd31c61141abd04a99fd6822c8558854ccde39a5684e7a56da27d (5GrwvaEF...) for block 6 (Combined: 16, PoS: 0, PoI: 42, Target: 6/16)    
2026-01-28 07:49:00.549 DEBUG tokio-runtime-worker cbc_consensus::dcf: DCF: Author d43593c715fdd31c61141abd04a99fd6822c8558854ccde39a5684e7a56da27d (5GrwvaEF...) has final score: 100    
2026-01-28 07:49:00.549 DEBUG tokio-runtime-worker cbc_consensus::dcf: DCF: Validator profile - Combined: 100, PoS: 10000, PoI: 8000, Trust: 5000, Uptime: 100, Inferences: 0, Participation: 0%, Missed: 5    
2026-01-28 07:49:00.549 DEBUG tokio-runtime-worker cbc_consensus::dcf: Creating block proposal #6 for author d43593c715fdd31c61141abd04a99fd6822c8558854ccde39a5684e7a56da27d (5GrwvaEF...)    
2026-01-28 07:49:00.549 DEBUG tokio-runtime-worker cbc_consensus::dcf: Using parent hash 0xea6708609d614d6b34a5222f3b624f4061dcaa65de7b8707f7341c92f85963fc (block #5)    
2026-01-28 07:49:00.549 DEBUG tokio-runtime-worker cbc_consensus::dcf: DCF: Attempting to create block with comprehensive method    
2026-01-28 07:49:00.549 DEBUG tokio-runtime-worker cbc_consensus::proposer_factory: ProposerFactory: Starting complete block creation for slot 6    
2026-01-28 07:49:00.549 DEBUG tokio-runtime-worker cbc_consensus::proposer_factory: ProposerFactory: Creating block #6 with parent #5 (hash: 0xea6708609d614d6b34a5222f3b624f4061dcaa65de7b8707f7341c92f85963fc)    
2026-01-28 07:49:00.549 DEBUG tokio-runtime-worker cbc_consensus::proposer_factory: ProposerFactory: Using forced author: d43593c715fdd31c61141abd04a99fd6822c8558854ccde39a5684e7a56da27d (5GrwvaEF...)    
2026-01-28 07:49:00.549 DEBUG tokio-runtime-worker cbc_consensus::proposer_factory: ProposerFactory: Creating inherent data    
2026-01-28 07:49:00.549 DEBUG tokio-runtime-worker cbc_consensus::inherent_providers: Added timestamp inherent: 1769586540549 ms    
2026-01-28 07:49:00.549 DEBUG tokio-runtime-worker cbc_consensus::inherent_providers: Successfully created inherent data with 1 providers    
2026-01-28 07:49:00.549 DEBUG tokio-runtime-worker cbc_consensus::proposer_factory: ProposerFactory: Created 1 inherent extrinsics    
2026-01-28 07:49:00.549 DEBUG tokio-runtime-worker cbc_consensus::proposer_factory: Collected 0 transactions from pool    
2026-01-28 07:49:00.549 DEBUG tokio-runtime-worker cbc_consensus::proposer_factory: ProposerFactory: Combined 1 inherent + 0 transaction extrinsics (total: 1)    
2026-01-28 07:49:00.549 DEBUG tokio-runtime-worker cbc_consensus::proposer_factory: ProposerFactory: Building block with proper state root calculation    
2026-01-28 07:49:00.549 DEBUG tokio-runtime-worker cbc_consensus::proposer_factory: ProposerFactory: Starting block building process for block #6    
2026-01-28 07:49:00.549 DEBUG tokio-runtime-worker cbc_consensus::proposer_factory: ProposerFactory: Parent hash: 0xea6708609d614d6b34a5222f3b624f4061dcaa65de7b8707f7341c92f85963fc, Extrinsics count: 1    
2026-01-28 07:49:00.549 DEBUG tokio-runtime-worker cbc_consensus::proposer_factory: ProposerFactory: Created temporary header for block #6    
2026-01-28 07:49:00.549 DEBUG tokio-runtime-worker cbc_consensus::proposer_factory: ProposerFactory: Temp header - number: 6, parent: 0xea6708609d614d6b34a5222f3b624f4061dcaa65de7b8707f7341c92f85963fc    
2026-01-28 07:49:00.549 DEBUG tokio-runtime-worker cbc_consensus::proposer_factory: ProposerFactory: Initializing block in runtime state    
2026-01-28 07:49:00.550  INFO tokio-runtime-worker pallet_cbc_dcf::pallet: DCF: Finality advanced from 4 to 5 in epoch 0    
2026-01-28 07:49:00.550  INFO tokio-runtime-worker pallet_cbc_dcf::pallet: DCF: Progressive finalization advanced to block 5    
2026-01-28 07:49:00.550 DEBUG tokio-runtime-worker pallet_cbc_dcf::pallet: DCF: No deterministic sequence found for epoch 0, using legacy selection for block 6    
2026-01-28 07:49:00.550 DEBUG tokio-runtime-worker pallet_cbc_dcf::pallet: DCF: Selected legacy author d43593c715fdd31c61141abd04a99fd6822c8558854ccde39a5684e7a56da27d (5GrwvaEF...) for block 6 (Combined: 16, PoS: 0, PoI: 42, Target: 6/16)    
2026-01-28 07:49:00.550 DEBUG tokio-runtime-worker cbc_consensus::proposer_factory: ProposerFactory: Block initialized successfully    
2026-01-28 07:49:00.550 DEBUG tokio-runtime-worker cbc_consensus::proposer_factory: ProposerFactory: Applying 1 extrinsics to runtime state    
2026-01-28 07:49:00.550 DEBUG tokio-runtime-worker cbc_consensus::proposer_factory: ProposerFactory: Applying extrinsic 1 of 1    
2026-01-28 07:49:00.550 DEBUG tokio-runtime-worker cbc_consensus::proposer_factory: ProposerFactory: Successfully applied extrinsic 0    
2026-01-28 07:49:00.550 DEBUG tokio-runtime-worker cbc_consensus::proposer_factory: ProposerFactory: Applied 1 extrinsics successfully, 0 failed    
2026-01-28 07:49:00.550 DEBUG tokio-runtime-worker cbc_consensus::proposer_factory: ProposerFactory: Finalizing block to calculate state root and extrinsics root    
2026-01-28 07:49:00.550 DEBUG tokio-runtime-worker pallet_cbc_dcf::pallet: DCF: Processing on_finalize for block #6    
2026-01-28 07:49:00.550 DEBUG tokio-runtime-worker cbc_consensus::proposer_factory: ProposerFactory: Block finalized successfully    
2026-01-28 07:49:00.550 DEBUG tokio-runtime-worker cbc_consensus::proposer_factory: ProposerFactory: Final header - number: 6, state_root: 0xa3e83752a8a79a3271d877631c44c8a64c12fb5370d56ec7894c5f265f75c52c, extrinsics_root: 0x6abe21ee21ddbdeba477400d4f0c12a9af94e6b97cfe4fa49b4c7d1fe63cfbe2    
2026-01-28 07:49:00.550 DEBUG tokio-runtime-worker cbc_consensus::proposer_factory: ProposerFactory: Final header - parent_hash: 0xea6708609d614d6b34a5222f3b624f4061dcaa65de7b8707f7341c92f85963fc, digest logs: 0    
2026-01-28 07:49:00.550 DEBUG tokio-runtime-worker cbc_consensus::proposer_factory: ProposerFactory: Created final block with 1 extrinsics    
2026-01-28 07:49:00.550 DEBUG tokio-runtime-worker cbc_consensus::proposer_factory: ProposerFactory: Final block hash: 0x42003289a471671b22f9795c82e6522ead454c4eba7efc19857eac619d5560e4    
2026-01-28 07:49:00.550 DEBUG tokio-runtime-worker cbc_consensus::proposer_factory: ProposerFactory: Validating built block structure    
2026-01-28 07:49:00.550 DEBUG tokio-runtime-worker cbc_consensus::proposer_factory: ProposerFactory: Block validation passed    
2026-01-28 07:49:00.550 DEBUG tokio-runtime-worker cbc_consensus::proposer_factory: ProposerFactory: - State root: 0xa3e83752a8a79a3271d877631c44c8a64c12fb5370d56ec7894c5f265f75c52c (non-zero: true)    
2026-01-28 07:49:00.550 DEBUG tokio-runtime-worker cbc_consensus::proposer_factory: ProposerFactory: - Extrinsics root: 0x6abe21ee21ddbdeba477400d4f0c12a9af94e6b97cfe4fa49b4c7d1fe63cfbe2 (non-zero: true)    
2026-01-28 07:49:00.550 DEBUG tokio-runtime-worker cbc_consensus::proposer_factory: ProposerFactory: - Parent hash: 0xea6708609d614d6b34a5222f3b624f4061dcaa65de7b8707f7341c92f85963fc (non-zero: true)    
2026-01-28 07:49:00.550 DEBUG tokio-runtime-worker cbc_consensus::proposer_factory: ProposerFactory: - Block number: 6    
2026-01-28 07:49:00.550 DEBUG tokio-runtime-worker cbc_consensus::proposer_factory: ProposerFactory: - Extrinsics count: 1    
2026-01-28 07:49:00.550 DEBUG tokio-runtime-worker cbc_consensus::proposer_factory: ProposerFactory: Block building completed successfully for block #6    
2026-01-28 07:49:00.550 DEBUG tokio-runtime-worker cbc_consensus::proposer_factory: ProposerFactory: Performing final block validation    
2026-01-28 07:49:00.550 DEBUG tokio-runtime-worker cbc_consensus::proposer_factory: ProposerFactory: Validating final block    
2026-01-28 07:49:00.550 DEBUG tokio-runtime-worker cbc_consensus::proposer_factory: ProposerFactory: Final block validation passed    
2026-01-28 07:49:00.550 DEBUG tokio-runtime-worker cbc_consensus::proposer_factory: ProposerFactory: - Block number: 6    
2026-01-28 07:49:00.550 DEBUG tokio-runtime-worker cbc_consensus::proposer_factory: ProposerFactory: - Author: d43593c715fdd31c61141abd04a99fd6822c8558854ccde39a5684e7a56da27d (5GrwvaEF...)    
2026-01-28 07:49:00.550 DEBUG tokio-runtime-worker cbc_consensus::proposer_factory: ProposerFactory: - State root: 0xa3e83752a8a79a3271d877631c44c8a64c12fb5370d56ec7894c5f265f75c52c    
2026-01-28 07:49:00.550 DEBUG tokio-runtime-worker cbc_consensus::proposer_factory: ProposerFactory: - Extrinsics root: 0x6abe21ee21ddbdeba477400d4f0c12a9af94e6b97cfe4fa49b4c7d1fe63cfbe2    
2026-01-28 07:49:00.550 DEBUG tokio-runtime-worker cbc_consensus::proposer_factory: ProposerFactory: - Parent hash: 0xea6708609d614d6b34a5222f3b624f4061dcaa65de7b8707f7341c92f85963fc    
2026-01-28 07:49:00.550 DEBUG tokio-runtime-worker cbc_consensus::proposer_factory: ProposerFactory: - Extrinsics count: 1    
2026-01-28 07:49:00.550 DEBUG tokio-runtime-worker cbc_consensus::proposer_factory: ProposerFactory: Successfully created complete block #6 with author d43593c715fdd31c61141abd04a99fd6822c8558854ccde39a5684e7a56da27d (5GrwvaEF...)    
2026-01-28 07:49:00.550 DEBUG tokio-runtime-worker cbc_consensus::proposer_factory: ProposerFactory: Block hash: 0x42003289a471671b22f9795c82e6522ead454c4eba7efc19857eac619d5560e4, state root: 0xa3e83752a8a79a3271d877631c44c8a64c12fb5370d56ec7894c5f265f75c52c    
2026-01-28 07:49:00.550 DEBUG tokio-runtime-worker cbc_consensus::dcf: DCF: Successfully created block with comprehensive method    
2026-01-28 07:49:00.550 DEBUG tokio-runtime-worker cbc_consensus::dcf: DCF: Block validation passed - state root: 0xa3e83752a8a79a3271d877631c44c8a64c12fb5370d56ec7894c5f265f75c52c, extrinsics root: 0x6abe21ee21ddbdeba477400d4f0c12a9af94e6b97cfe4fa49b4c7d1fe63cfbe2    
2026-01-28 07:49:00.550 DEBUG tokio-runtime-worker cbc_consensus::dcf: Created block #6 with 1 extrinsics, parent: 0xea6708609d614d6b34a5222f3b624f4061dcaa65de7b8707f7341c92f85963fc    
2026-01-28 07:49:00.550 DEBUG tokio-runtime-worker cbc_consensus::dcf: Block state root: 0xa3e83752a8a79a3271d877631c44c8a64c12fb5370d56ec7894c5f265f75c52c, extrinsics root: 0x6abe21ee21ddbdeba477400d4f0c12a9af94e6b97cfe4fa49b4c7d1fe63cfbe2    
2026-01-28 07:49:00.550 DEBUG tokio-runtime-worker cbc_consensus::dcf: Importing consensus block #6 (0x42003289a471671b22f9795c82e6522ead454c4eba7efc19857eac619d5560e4) with parent 0xea6708609d614d6b34a5222f3b624f4061dcaa65de7b8707f7341c92f85963fc    
2026-01-28 07:49:00.550  INFO tokio-runtime-worker pallet_cbc_dcf::pallet: DCF: Finality advanced from 4 to 5 in epoch 0    
2026-01-28 07:49:00.550  INFO tokio-runtime-worker pallet_cbc_dcf::pallet: DCF: Progressive finalization advanced to block 5    
2026-01-28 07:49:00.550 DEBUG tokio-runtime-worker pallet_cbc_dcf::pallet: DCF: No deterministic sequence found for epoch 0, using legacy selection for block 6    
2026-01-28 07:49:00.550 DEBUG tokio-runtime-worker pallet_cbc_dcf::pallet: DCF: Selected legacy author d43593c715fdd31c61141abd04a99fd6822c8558854ccde39a5684e7a56da27d (5GrwvaEF...) for block 6 (Combined: 16, PoS: 0, PoI: 42, Target: 6/16)    
2026-01-28 07:49:00.550 DEBUG tokio-runtime-worker pallet_cbc_dcf::pallet: DCF: Processing on_finalize for block #6    
2026-01-28 07:49:00.551 DEBUG tokio-runtime-worker cbc_consensus::dcf: Block #6 successfully imported    
2026-01-28 07:49:00.551 DEBUG tokio-runtime-worker pallet_cbc_dcf::pallet: DCF: Recorded successful block authorship for block #6 by d43593c715fdd31c61141abd04a99fd6822c8558854ccde39a5684e7a56da27d (5GrwvaEF...)    
2026-01-28 07:49:00.551 DEBUG tokio-runtime-worker cbc_consensus::dcf: Recorded successful block authorship for validator d43593c715fdd31c61141abd04a99fd6822c8558854ccde39a5684e7a56da27d (5GrwvaEF...) at block #6    
2026-01-28 07:49:00.551  INFO tokio-runtime-worker substrate: 🏆 Imported #6 (0xea67…63fc → 0x4200…60e4)    
2026-01-28 07:49:00.552 DEBUG tokio-runtime-worker cbc_consensus::dcf: Block #6 produced successfully by d43593c715fdd31c61141abd04a99fd6822c8558854ccde39a5684e7a56da27d (5GrwvaEF...)    
2026-01-28 07:49:00.552 DEBUG tokio-runtime-worker cbc_consensus::dcf: Validator stats - Combined: 100, PoS: 10000, PoI: 8000, Trust: 7666, Uptime: 100, Inferences: 0, Participation: 0%, Missed: 6    
2026-01-28 07:49:00.552 DEBUG tokio-runtime-worker cbc_consensus::dcf: Updated consensus state - Block: 6, Slot: 6, Total Blocks: 6, Author: d43593c715fdd31c61141abd04a99fd6822c8558854ccde39a5684e7a56da27d (5GrwvaEF...)    
2026-01-28 07:49:00.552 DEBUG tokio-runtime-worker cbc_consensus::dcf: Block #6 produced by d43593c715fdd31c61141abd04a99fd6822c8558854ccde39a5684e7a56da27d (5GrwvaEF...) in 2.889499ms    
2026-01-28 07:49:00.552 DEBUG tokio-runtime-worker cbc_consensus::dcf: Block production successful for author d43593c715fdd31c61141abd04a99fd6822c8558854ccde39a5684e7a56da27d (5GrwvaEF...)    
2026-01-28 07:49:05.421  INFO tokio-runtime-worker substrate: 💤 Idle (0 peers), best: #6 (0x4200…60e4), finalized #0 (0x64ae…6965), ⬇ 0 ⬆ 0    
2026-01-28 07:49:06.561 DEBUG tokio-runtime-worker cbc_consensus::dcf: Time to produce block - interval: 6s, time since last: 6.01014487s    
2026-01-28 07:49:06.561 DEBUG tokio-runtime-worker pallet_cbc_dcf::pallet: DCF: No deterministic sequence found for epoch 0, using legacy selection for block 7    
2026-01-28 07:49:06.561 DEBUG tokio-runtime-worker pallet_cbc_dcf::pallet: DCF: Selected legacy author d43593c715fdd31c61141abd04a99fd6822c8558854ccde39a5684e7a56da27d (5GrwvaEF...) for block 7 (Combined: 16, PoS: 0, PoI: 42, Target: 7/16)    
2026-01-28 07:49:06.562 DEBUG tokio-runtime-worker cbc_consensus::dcf: DCF: Author d43593c715fdd31c61141abd04a99fd6822c8558854ccde39a5684e7a56da27d (5GrwvaEF...) has final score: 100    
2026-01-28 07:49:06.562 DEBUG tokio-runtime-worker cbc_consensus::dcf: DCF: Validator profile - Combined: 100, PoS: 10000, PoI: 8000, Trust: 5000, Uptime: 100, Inferences: 0, Participation: 0%, Missed: 6    
2026-01-28 07:49:06.562 DEBUG tokio-runtime-worker cbc_consensus::dcf: Creating block proposal #7 for author d43593c715fdd31c61141abd04a99fd6822c8558854ccde39a5684e7a56da27d (5GrwvaEF...)    
2026-01-28 07:49:06.562 DEBUG tokio-runtime-worker cbc_consensus::dcf: Using parent hash 0x42003289a471671b22f9795c82e6522ead454c4eba7efc19857eac619d5560e4 (block #6)    
2026-01-28 07:49:06.562 DEBUG tokio-runtime-worker cbc_consensus::dcf: DCF: Attempting to create block with comprehensive method    
2026-01-28 07:49:06.562 DEBUG tokio-runtime-worker cbc_consensus::proposer_factory: ProposerFactory: Starting complete block creation for slot 7    
2026-01-28 07:49:06.562 DEBUG tokio-runtime-worker cbc_consensus::proposer_factory: ProposerFactory: Creating block #7 with parent #6 (hash: 0x42003289a471671b22f9795c82e6522ead454c4eba7efc19857eac619d5560e4)    
2026-01-28 07:49:06.562 DEBUG tokio-runtime-worker cbc_consensus::proposer_factory: ProposerFactory: Using forced author: d43593c715fdd31c61141abd04a99fd6822c8558854ccde39a5684e7a56da27d (5GrwvaEF...)    
2026-01-28 07:49:06.562 DEBUG tokio-runtime-worker cbc_consensus::proposer_factory: ProposerFactory: Creating inherent data    
2026-01-28 07:49:06.562 DEBUG tokio-runtime-worker cbc_consensus::inherent_providers: Added timestamp inherent: 1769586546562 ms    
2026-01-28 07:49:06.562 DEBUG tokio-runtime-worker cbc_consensus::inherent_providers: Successfully created inherent data with 1 providers    
2026-01-28 07:49:06.562 DEBUG tokio-runtime-worker cbc_consensus::proposer_factory: ProposerFactory: Created 1 inherent extrinsics    
2026-01-28 07:49:06.562 DEBUG tokio-runtime-worker cbc_consensus::proposer_factory: Collected 0 transactions from pool    
2026-01-28 07:49:06.562 DEBUG tokio-runtime-worker cbc_consensus::proposer_factory: ProposerFactory: Combined 1 inherent + 0 transaction extrinsics (total: 1)    
2026-01-28 07:49:06.562 DEBUG tokio-runtime-worker cbc_consensus::proposer_factory: ProposerFactory: Building block with proper state root calculation    
2026-01-28 07:49:06.562 DEBUG tokio-runtime-worker cbc_consensus::proposer_factory: ProposerFactory: Starting block building process for block #7    
2026-01-28 07:49:06.562 DEBUG tokio-runtime-worker cbc_consensus::proposer_factory: ProposerFactory: Parent hash: 0x42003289a471671b22f9795c82e6522ead454c4eba7efc19857eac619d5560e4, Extrinsics count: 1    
2026-01-28 07:49:06.562 DEBUG tokio-runtime-worker cbc_consensus::proposer_factory: ProposerFactory: Created temporary header for block #7    
2026-01-28 07:49:06.562 DEBUG tokio-runtime-worker cbc_consensus::proposer_factory: ProposerFactory: Temp header - number: 7, parent: 0x42003289a471671b22f9795c82e6522ead454c4eba7efc19857eac619d5560e4    
2026-01-28 07:49:06.562 DEBUG tokio-runtime-worker cbc_consensus::proposer_factory: ProposerFactory: Initializing block in runtime state    
2026-01-28 07:49:06.562  INFO tokio-runtime-worker pallet_cbc_dcf::pallet: DCF: Finality advanced from 5 to 6 in epoch 0    
2026-01-28 07:49:06.562  INFO tokio-runtime-worker pallet_cbc_dcf::pallet: DCF: Progressive finalization advanced to block 6    
2026-01-28 07:49:06.562 DEBUG tokio-runtime-worker pallet_cbc_dcf::pallet: DCF: No deterministic sequence found for epoch 0, using legacy selection for block 7    
2026-01-28 07:49:06.562 DEBUG tokio-runtime-worker pallet_cbc_dcf::pallet: DCF: Selected legacy author d43593c715fdd31c61141abd04a99fd6822c8558854ccde39a5684e7a56da27d (5GrwvaEF...) for block 7 (Combined: 16, PoS: 0, PoI: 42, Target: 7/16)    
2026-01-28 07:49:06.562 DEBUG tokio-runtime-worker cbc_consensus::proposer_factory: ProposerFactory: Block initialized successfully    
2026-01-28 07:49:06.562 DEBUG tokio-runtime-worker cbc_consensus::proposer_factory: ProposerFactory: Applying 1 extrinsics to runtime state    
2026-01-28 07:49:06.562 DEBUG tokio-runtime-worker cbc_consensus::proposer_factory: ProposerFactory: Applying extrinsic 1 of 1    
2026-01-28 07:49:06.562 DEBUG tokio-runtime-worker cbc_consensus::proposer_factory: ProposerFactory: Successfully applied extrinsic 0    
2026-01-28 07:49:06.562 DEBUG tokio-runtime-worker cbc_consensus::proposer_factory: ProposerFactory: Applied 1 extrinsics successfully, 0 failed    
2026-01-28 07:49:06.562 DEBUG tokio-runtime-worker cbc_consensus::proposer_factory: ProposerFactory: Finalizing block to calculate state root and extrinsics root    
2026-01-28 07:49:06.562 DEBUG tokio-runtime-worker pallet_cbc_dcf::pallet: DCF: Processing on_finalize for block #7    
2026-01-28 07:49:06.563 DEBUG tokio-runtime-worker cbc_consensus::proposer_factory: ProposerFactory: Block finalized successfully    
2026-01-28 07:49:06.563 DEBUG tokio-runtime-worker cbc_consensus::proposer_factory: ProposerFactory: Final header - number: 7, state_root: 0x89defd61decde441cd428519c8ac113049daea1e9849d6516f333e29d90aa8dd, extrinsics_root: 0x7ed1242a04e499c776d75d3ccef9fff6aa98a1f9cc8694631a31c95a4a17c349    
2026-01-28 07:49:06.563 DEBUG tokio-runtime-worker cbc_consensus::proposer_factory: ProposerFactory: Final header - parent_hash: 0x42003289a471671b22f9795c82e6522ead454c4eba7efc19857eac619d5560e4, digest logs: 0    
2026-01-28 07:49:06.563 DEBUG tokio-runtime-worker cbc_consensus::proposer_factory: ProposerFactory: Created final block with 1 extrinsics    
2026-01-28 07:49:06.563 DEBUG tokio-runtime-worker cbc_consensus::proposer_factory: ProposerFactory: Final block hash: 0x42e46f7d2bc449365aca0ce45d87219cd9a3a35815cd060ab408f48425d05693    
2026-01-28 07:49:06.563 DEBUG tokio-runtime-worker cbc_consensus::proposer_factory: ProposerFactory: Validating built block structure    
2026-01-28 07:49:06.563 DEBUG tokio-runtime-worker cbc_consensus::proposer_factory: ProposerFactory: Block validation passed    
2026-01-28 07:49:06.563 DEBUG tokio-runtime-worker cbc_consensus::proposer_factory: ProposerFactory: - State root: 0x89defd61decde441cd428519c8ac113049daea1e9849d6516f333e29d90aa8dd (non-zero: true)    
2026-01-28 07:49:06.563 DEBUG tokio-runtime-worker cbc_consensus::proposer_factory: ProposerFactory: - Extrinsics root: 0x7ed1242a04e499c776d75d3ccef9fff6aa98a1f9cc8694631a31c95a4a17c349 (non-zero: true)    
2026-01-28 07:49:06.563 DEBUG tokio-runtime-worker cbc_consensus::proposer_factory: ProposerFactory: - Parent hash: 0x42003289a471671b22f9795c82e6522ead454c4eba7efc19857eac619d5560e4 (non-zero: true)    
2026-01-28 07:49:06.563 DEBUG tokio-runtime-worker cbc_consensus::proposer_factory: ProposerFactory: - Block number: 7    
2026-01-28 07:49:06.563 DEBUG tokio-runtime-worker cbc_consensus::proposer_factory: ProposerFactory: - Extrinsics count: 1    
2026-01-28 07:49:06.563 DEBUG tokio-runtime-worker cbc_consensus::proposer_factory: ProposerFactory: Block building completed successfully for block #7    
2026-01-28 07:49:06.563 DEBUG tokio-runtime-worker cbc_consensus::proposer_factory: ProposerFactory: Performing final block validation    
2026-01-28 07:49:06.563 DEBUG tokio-runtime-worker cbc_consensus::proposer_factory: ProposerFactory: Validating final block    
2026-01-28 07:49:06.563 DEBUG tokio-runtime-worker cbc_consensus::proposer_factory: ProposerFactory: Final block validation passed    
2026-01-28 07:49:06.563 DEBUG tokio-runtime-worker cbc_consensus::proposer_factory: ProposerFactory: - Block number: 7    
2026-01-28 07:49:06.563 DEBUG tokio-runtime-worker cbc_consensus::proposer_factory: ProposerFactory: - Author: d43593c715fdd31c61141abd04a99fd6822c8558854ccde39a5684e7a56da27d (5GrwvaEF...)    
2026-01-28 07:49:06.563 DEBUG tokio-runtime-worker cbc_consensus::proposer_factory: ProposerFactory: - State root: 0x89defd61decde441cd428519c8ac113049daea1e9849d6516f333e29d90aa8dd    
2026-01-28 07:49:06.563 DEBUG tokio-runtime-worker cbc_consensus::proposer_factory: ProposerFactory: - Extrinsics root: 0x7ed1242a04e499c776d75d3ccef9fff6aa98a1f9cc8694631a31c95a4a17c349    
2026-01-28 07:49:06.563 DEBUG tokio-runtime-worker cbc_consensus::proposer_factory: ProposerFactory: - Parent hash: 0x42003289a471671b22f9795c82e6522ead454c4eba7efc19857eac619d5560e4    
2026-01-28 07:49:06.563 DEBUG tokio-runtime-worker cbc_consensus::proposer_factory: ProposerFactory: - Extrinsics count: 1    
2026-01-28 07:49:06.563 DEBUG tokio-runtime-worker cbc_consensus::proposer_factory: ProposerFactory: Successfully created complete block #7 with author d43593c715fdd31c61141abd04a99fd6822c8558854ccde39a5684e7a56da27d (5GrwvaEF...)    
2026-01-28 07:49:06.563 DEBUG tokio-runtime-worker cbc_consensus::proposer_factory: ProposerFactory: Block hash: 0x42e46f7d2bc449365aca0ce45d87219cd9a3a35815cd060ab408f48425d05693, state root: 0x89defd61decde441cd428519c8ac113049daea1e9849d6516f333e29d90aa8dd    
2026-01-28 07:49:06.563 DEBUG tokio-runtime-worker cbc_consensus::dcf: DCF: Successfully created block with comprehensive method    
2026-01-28 07:49:06.563 DEBUG tokio-runtime-worker cbc_consensus::dcf: DCF: Block validation passed - state root: 0x89defd61decde441cd428519c8ac113049daea1e9849d6516f333e29d90aa8dd, extrinsics root: 0x7ed1242a04e499c776d75d3ccef9fff6aa98a1f9cc8694631a31c95a4a17c349    
2026-01-28 07:49:06.563 DEBUG tokio-runtime-worker cbc_consensus::dcf: Created block #7 with 1 extrinsics, parent: 0x42003289a471671b22f9795c82e6522ead454c4eba7efc19857eac619d5560e4    
2026-01-28 07:49:06.563 DEBUG tokio-runtime-worker cbc_consensus::dcf: Block state root: 0x89defd61decde441cd428519c8ac113049daea1e9849d6516f333e29d90aa8dd, extrinsics root: 0x7ed1242a04e499c776d75d3ccef9fff6aa98a1f9cc8694631a31c95a4a17c349    
2026-01-28 07:49:06.563 DEBUG tokio-runtime-worker cbc_consensus::dcf: Importing consensus block #7 (0x42e46f7d2bc449365aca0ce45d87219cd9a3a35815cd060ab408f48425d05693) with parent 0x42003289a471671b22f9795c82e6522ead454c4eba7efc19857eac619d5560e4    
2026-01-28 07:49:06.563  INFO tokio-runtime-worker pallet_cbc_dcf::pallet: DCF: Finality advanced from 5 to 6 in epoch 0    
2026-01-28 07:49:06.563  INFO tokio-runtime-worker pallet_cbc_dcf::pallet: DCF: Progressive finalization advanced to block 6    
2026-01-28 07:49:06.563 DEBUG tokio-runtime-worker pallet_cbc_dcf::pallet: DCF: No deterministic sequence found for epoch 0, using legacy selection for block 7    
2026-01-28 07:49:06.563 DEBUG tokio-runtime-worker pallet_cbc_dcf::pallet: DCF: Selected legacy author d43593c715fdd31c61141abd04a99fd6822c8558854ccde39a5684e7a56da27d (5GrwvaEF...) for block 7 (Combined: 16, PoS: 0, PoI: 42, Target: 7/16)    
2026-01-28 07:49:06.563 DEBUG tokio-runtime-worker pallet_cbc_dcf::pallet: DCF: Processing on_finalize for block #7    
2026-01-28 07:49:06.563 DEBUG tokio-runtime-worker cbc_consensus::dcf: Block #7 successfully imported    
2026-01-28 07:49:06.563 DEBUG tokio-runtime-worker pallet_cbc_dcf::pallet: DCF: Recorded successful block authorship for block #7 by d43593c715fdd31c61141abd04a99fd6822c8558854ccde39a5684e7a56da27d (5GrwvaEF...)    
2026-01-28 07:49:06.563 DEBUG tokio-runtime-worker cbc_consensus::dcf: Recorded successful block authorship for validator d43593c715fdd31c61141abd04a99fd6822c8558854ccde39a5684e7a56da27d (5GrwvaEF...) at block #7    
2026-01-28 07:49:06.564 DEBUG tokio-runtime-worker cbc_consensus::dcf: Block #7 produced successfully by d43593c715fdd31c61141abd04a99fd6822c8558854ccde39a5684e7a56da27d (5GrwvaEF...)    
2026-01-28 07:49:06.564 DEBUG tokio-runtime-worker cbc_consensus::dcf: Validator stats - Combined: 100, PoS: 10000, PoI: 8000, Trust: 7666, Uptime: 100, Inferences: 0, Participation: 0%, Missed: 7    
2026-01-28 07:49:06.564 DEBUG tokio-runtime-worker cbc_consensus::dcf: Updated consensus state - Block: 7, Slot: 7, Total Blocks: 7, Author: d43593c715fdd31c61141abd04a99fd6822c8558854ccde39a5684e7a56da27d (5GrwvaEF...)    
2026-01-28 07:49:06.564 DEBUG tokio-runtime-worker cbc_consensus::dcf: Block #7 produced by d43593c715fdd31c61141abd04a99fd6822c8558854ccde39a5684e7a56da27d (5GrwvaEF...) in 2.34018ms    
2026-01-28 07:49:06.564 DEBUG tokio-runtime-worker cbc_consensus::dcf: Block production successful for author d43593c715fdd31c61141abd04a99fd6822c8558854ccde39a5684e7a56da27d (5GrwvaEF...)    
2026-01-28 07:49:06.564  INFO tokio-runtime-worker substrate: 🏆 Imported #7 (0x4200…60e4 → 0x42e4…5693)    
2026-01-28 07:49:10.366 DEBUG tokio-runtime-worker cbc_node::block_tracker: Block Tracker: Processing 2 new blocks (#6 to #7)    
2026-01-28 07:49:10.366 DEBUG tokio-runtime-worker cbc_node::block_tracker: Block Tracker: Updated stats for validator d43593c715fdd31c61141abd04a99fd6822c8558854ccde39a5684e7a56da27d (5GrwvaEF...) - Authored: 0 (+0), Missed: 7 (+2), Rate: 0.00%    
2026-01-28 07:49:10.366  WARN tokio-runtime-worker cbc_node::block_tracker: Block Tracker: Validator d43593c715fdd31c61141abd04a99fd6822c8558854ccde39a5684e7a56da27d (5GrwvaEF...) has 7 consecutive missed blocks (threshold: 3)    
2026-01-28 07:49:10.423  INFO tokio-runtime-worker substrate: 💤 Idle (0 peers), best: #7 (0x42e4…5693), finalized #0 (0x64ae…6965), ⬇ 0 ⬆ 0    
2026-01-28 07:49:12.577 DEBUG tokio-runtime-worker cbc_consensus::dcf: Time to produce block - interval: 6s, time since last: 6.01329179s    
2026-01-28 07:49:12.577 DEBUG tokio-runtime-worker pallet_cbc_dcf::pallet: DCF: No deterministic sequence found for epoch 0, using legacy selection for block 8    
2026-01-28 07:49:12.577 DEBUG tokio-runtime-worker pallet_cbc_dcf::pallet: DCF: Selected legacy author d43593c715fdd31c61141abd04a99fd6822c8558854ccde39a5684e7a56da27d (5GrwvaEF...) for block 8 (Combined: 16, PoS: 0, PoI: 42, Target: 8/16)    
2026-01-28 07:49:12.577 DEBUG tokio-runtime-worker cbc_consensus::dcf: DCF: Author d43593c715fdd31c61141abd04a99fd6822c8558854ccde39a5684e7a56da27d (5GrwvaEF...) has final score: 100    
2026-01-28 07:49:12.577 DEBUG tokio-runtime-worker cbc_consensus::dcf: DCF: Validator profile - Combined: 100, PoS: 10000, PoI: 8000, Trust: 5000, Uptime: 100, Inferences: 0, Participation: 0%, Missed: 7    
2026-01-28 07:49:12.577 DEBUG tokio-runtime-worker cbc_consensus::dcf: Creating block proposal #8 for author d43593c715fdd31c61141abd04a99fd6822c8558854ccde39a5684e7a56da27d (5GrwvaEF...)    
2026-01-28 07:49:12.577 DEBUG tokio-runtime-worker cbc_consensus::dcf: Using parent hash 0x42e46f7d2bc449365aca0ce45d87219cd9a3a35815cd060ab408f48425d05693 (block #7)    
2026-01-28 07:49:12.577 DEBUG tokio-runtime-worker cbc_consensus::dcf: DCF: Attempting to create block with comprehensive method    
2026-01-28 07:49:12.577 DEBUG tokio-runtime-worker cbc_consensus::proposer_factory: ProposerFactory: Starting complete block creation for slot 8    
2026-01-28 07:49:12.577 DEBUG tokio-runtime-worker cbc_consensus::proposer_factory: ProposerFactory: Creating block #8 with parent #7 (hash: 0x42e46f7d2bc449365aca0ce45d87219cd9a3a35815cd060ab408f48425d05693)    
2026-01-28 07:49:12.577 DEBUG tokio-runtime-worker cbc_consensus::proposer_factory: ProposerFactory: Using forced author: d43593c715fdd31c61141abd04a99fd6822c8558854ccde39a5684e7a56da27d (5GrwvaEF...)    
2026-01-28 07:49:12.577 DEBUG tokio-runtime-worker cbc_consensus::proposer_factory: ProposerFactory: Creating inherent data    
2026-01-28 07:49:12.577 DEBUG tokio-runtime-worker cbc_consensus::inherent_providers: Added timestamp inherent: 1769586552577 ms    
2026-01-28 07:49:12.577 DEBUG tokio-runtime-worker cbc_consensus::inherent_providers: Successfully created inherent data with 1 providers    
2026-01-28 07:49:12.577 DEBUG tokio-runtime-worker cbc_consensus::proposer_factory: ProposerFactory: Created 1 inherent extrinsics    
2026-01-28 07:49:12.577 DEBUG tokio-runtime-worker cbc_consensus::proposer_factory: Collected 0 transactions from pool    
2026-01-28 07:49:12.577 DEBUG tokio-runtime-worker cbc_consensus::proposer_factory: ProposerFactory: Combined 1 inherent + 0 transaction extrinsics (total: 1)    
2026-01-28 07:49:12.577 DEBUG tokio-runtime-worker cbc_consensus::proposer_factory: ProposerFactory: Building block with proper state root calculation    
2026-01-28 07:49:12.577 DEBUG tokio-runtime-worker cbc_consensus::proposer_factory: ProposerFactory: Starting block building process for block #8    
2026-01-28 07:49:12.577 DEBUG tokio-runtime-worker cbc_consensus::proposer_factory: ProposerFactory: Parent hash: 0x42e46f7d2bc449365aca0ce45d87219cd9a3a35815cd060ab408f48425d05693, Extrinsics count: 1    
2026-01-28 07:49:12.577 DEBUG tokio-runtime-worker cbc_consensus::proposer_factory: ProposerFactory: Created temporary header for block #8    
2026-01-28 07:49:12.577 DEBUG tokio-runtime-worker cbc_consensus::proposer_factory: ProposerFactory: Temp header - number: 8, parent: 0x42e46f7d2bc449365aca0ce45d87219cd9a3a35815cd060ab408f48425d05693    
2026-01-28 07:49:12.577 DEBUG tokio-runtime-worker cbc_consensus::proposer_factory: ProposerFactory: Initializing block in runtime state    
2026-01-28 07:49:12.578  INFO tokio-runtime-worker pallet_cbc_dcf::pallet: DCF: Finality advanced from 6 to 7 in epoch 0    
2026-01-28 07:49:12.578  INFO tokio-runtime-worker pallet_cbc_dcf::pallet: DCF: Progressive finalization advanced to block 7    
2026-01-28 07:49:12.578 DEBUG tokio-runtime-worker pallet_cbc_dcf::pallet: DCF: No deterministic sequence found for epoch 0, using legacy selection for block 8    
2026-01-28 07:49:12.578 DEBUG tokio-runtime-worker pallet_cbc_dcf::pallet: DCF: Selected legacy author d43593c715fdd31c61141abd04a99fd6822c8558854ccde39a5684e7a56da27d (5GrwvaEF...) for block 8 (Combined: 16, PoS: 0, PoI: 42, Target: 8/16)    
2026-01-28 07:49:12.578 DEBUG tokio-runtime-worker cbc_consensus::proposer_factory: ProposerFactory: Block initialized successfully    
2026-01-28 07:49:12.578 DEBUG tokio-runtime-worker cbc_consensus::proposer_factory: ProposerFactory: Applying 1 extrinsics to runtime state    
2026-01-28 07:49:12.578 DEBUG tokio-runtime-worker cbc_consensus::proposer_factory: ProposerFactory: Applying extrinsic 1 of 1    
2026-01-28 07:49:12.578 DEBUG tokio-runtime-worker cbc_consensus::proposer_factory: ProposerFactory: Successfully applied extrinsic 0    
2026-01-28 07:49:12.578 DEBUG tokio-runtime-worker cbc_consensus::proposer_factory: ProposerFactory: Applied 1 extrinsics successfully, 0 failed    
2026-01-28 07:49:12.578 DEBUG tokio-runtime-worker cbc_consensus::proposer_factory: ProposerFactory: Finalizing block to calculate state root and extrinsics root    
2026-01-28 07:49:12.578 DEBUG tokio-runtime-worker pallet_cbc_dcf::pallet: DCF: Processing on_finalize for block #8    
2026-01-28 07:49:12.578 DEBUG tokio-runtime-worker cbc_consensus::proposer_factory: ProposerFactory: Block finalized successfully    
2026-01-28 07:49:12.578 DEBUG tokio-runtime-worker cbc_consensus::proposer_factory: ProposerFactory: Final header - number: 8, state_root: 0x854598b36851c6cb764c659e7cd9337b43835ed3f117aac8517c1e26ef908935, extrinsics_root: 0x988b8990123669d14e799e960d52a88fe90b5430c8cea669ebe3f90ab894568d    
2026-01-28 07:49:12.578 DEBUG tokio-runtime-worker cbc_consensus::proposer_factory: ProposerFactory: Final header - parent_hash: 0x42e46f7d2bc449365aca0ce45d87219cd9a3a35815cd060ab408f48425d05693, digest logs: 0    
2026-01-28 07:49:12.578 DEBUG tokio-runtime-worker cbc_consensus::proposer_factory: ProposerFactory: Created final block with 1 extrinsics    
2026-01-28 07:49:12.578 DEBUG tokio-runtime-worker cbc_consensus::proposer_factory: ProposerFactory: Final block hash: 0xec11de9a64e2224fbf89fe41e83f8ee6f018c6c34c2dbec3188a601b3525078c    
2026-01-28 07:49:12.578 DEBUG tokio-runtime-worker cbc_consensus::proposer_factory: ProposerFactory: Validating built block structure    
2026-01-28 07:49:12.578 DEBUG tokio-runtime-worker cbc_consensus::proposer_factory: ProposerFactory: Block validation passed    
2026-01-28 07:49:12.578 DEBUG tokio-runtime-worker cbc_consensus::proposer_factory: ProposerFactory: - State root: 0x854598b36851c6cb764c659e7cd9337b43835ed3f117aac8517c1e26ef908935 (non-zero: true)    
2026-01-28 07:49:12.578 DEBUG tokio-runtime-worker cbc_consensus::proposer_factory: ProposerFactory: - Extrinsics root: 0x988b8990123669d14e799e960d52a88fe90b5430c8cea669ebe3f90ab894568d (non-zero: true)    
2026-01-28 07:49:12.578 DEBUG tokio-runtime-worker cbc_consensus::proposer_factory: ProposerFactory: - Parent hash: 0x42e46f7d2bc449365aca0ce45d87219cd9a3a35815cd060ab408f48425d05693 (non-zero: true)    
2026-01-28 07:49:12.578 DEBUG tokio-runtime-worker cbc_consensus::proposer_factory: ProposerFactory: - Block number: 8    
2026-01-28 07:49:12.578 DEBUG tokio-runtime-worker cbc_consensus::proposer_factory: ProposerFactory: - Extrinsics count: 1    
2026-01-28 07:49:12.578 DEBUG tokio-runtime-worker cbc_consensus::proposer_factory: ProposerFactory: Block building completed successfully for block #8    
2026-01-28 07:49:12.578 DEBUG tokio-runtime-worker cbc_consensus::proposer_factory: ProposerFactory: Performing final block validation    
2026-01-28 07:49:12.578 DEBUG tokio-runtime-worker cbc_consensus::proposer_factory: ProposerFactory: Validating final block    
2026-01-28 07:49:12.578 DEBUG tokio-runtime-worker cbc_consensus::proposer_factory: ProposerFactory: Final block validation passed    
2026-01-28 07:49:12.578 DEBUG tokio-runtime-worker cbc_consensus::proposer_factory: ProposerFactory: - Block number: 8    
2026-01-28 07:49:12.578 DEBUG tokio-runtime-worker cbc_consensus::proposer_factory: ProposerFactory: - Author: d43593c715fdd31c61141abd04a99fd6822c8558854ccde39a5684e7a56da27d (5GrwvaEF...)    
2026-01-28 07:49:12.578 DEBUG tokio-runtime-worker cbc_consensus::proposer_factory: ProposerFactory: - State root: 0x854598b36851c6cb764c659e7cd9337b43835ed3f117aac8517c1e26ef908935    
2026-01-28 07:49:12.578 DEBUG tokio-runtime-worker cbc_consensus::proposer_factory: ProposerFactory: - Extrinsics root: 0x988b8990123669d14e799e960d52a88fe90b5430c8cea669ebe3f90ab894568d    
2026-01-28 07:49:12.578 DEBUG tokio-runtime-worker cbc_consensus::proposer_factory: ProposerFactory: - Parent hash: 0x42e46f7d2bc449365aca0ce45d87219cd9a3a35815cd060ab408f48425d05693    
2026-01-28 07:49:12.578 DEBUG tokio-runtime-worker cbc_consensus::proposer_factory: ProposerFactory: - Extrinsics count: 1    
2026-01-28 07:49:12.578 DEBUG tokio-runtime-worker cbc_consensus::proposer_factory: ProposerFactory: Successfully created complete block #8 with author d43593c715fdd31c61141abd04a99fd6822c8558854ccde39a5684e7a56da27d (5GrwvaEF...)    
2026-01-28 07:49:12.578 DEBUG tokio-runtime-worker cbc_consensus::proposer_factory: ProposerFactory: Block hash: 0xec11de9a64e2224fbf89fe41e83f8ee6f018c6c34c2dbec3188a601b3525078c, state root: 0x854598b36851c6cb764c659e7cd9337b43835ed3f117aac8517c1e26ef908935    
2026-01-28 07:49:12.578 DEBUG tokio-runtime-worker cbc_consensus::dcf: DCF: Successfully created block with comprehensive method    
2026-01-28 07:49:12.578 DEBUG tokio-runtime-worker cbc_consensus::dcf: DCF: Block validation passed - state root: 0x854598b36851c6cb764c659e7cd9337b43835ed3f117aac8517c1e26ef908935, extrinsics root: 0x988b8990123669d14e799e960d52a88fe90b5430c8cea669ebe3f90ab894568d    
2026-01-28 07:49:12.578 DEBUG tokio-runtime-worker cbc_consensus::dcf: Created block #8 with 1 extrinsics, parent: 0x42e46f7d2bc449365aca0ce45d87219cd9a3a35815cd060ab408f48425d05693    
2026-01-28 07:49:12.578 DEBUG tokio-runtime-worker cbc_consensus::dcf: Block state root: 0x854598b36851c6cb764c659e7cd9337b43835ed3f117aac8517c1e26ef908935, extrinsics root: 0x988b8990123669d14e799e960d52a88fe90b5430c8cea669ebe3f90ab894568d    
2026-01-28 07:49:12.578 DEBUG tokio-runtime-worker cbc_consensus::dcf: Importing consensus block #8 (0xec11de9a64e2224fbf89fe41e83f8ee6f018c6c34c2dbec3188a601b3525078c) with parent 0x42e46f7d2bc449365aca0ce45d87219cd9a3a35815cd060ab408f48425d05693    
2026-01-28 07:49:12.578  INFO tokio-runtime-worker pallet_cbc_dcf::pallet: DCF: Finality advanced from 6 to 7 in epoch 0    
2026-01-28 07:49:12.578  INFO tokio-runtime-worker pallet_cbc_dcf::pallet: DCF: Progressive finalization advanced to block 7    
2026-01-28 07:49:12.578 DEBUG tokio-runtime-worker pallet_cbc_dcf::pallet: DCF: No deterministic sequence found for epoch 0, using legacy selection for block 8    
2026-01-28 07:49:12.579 DEBUG tokio-runtime-worker pallet_cbc_dcf::pallet: DCF: Selected legacy author d43593c715fdd31c61141abd04a99fd6822c8558854ccde39a5684e7a56da27d (5GrwvaEF...) for block 8 (Combined: 16, PoS: 0, PoI: 42, Target: 8/16)    
2026-01-28 07:49:12.579 DEBUG tokio-runtime-worker pallet_cbc_dcf::pallet: DCF: Processing on_finalize for block #8    
2026-01-28 07:49:12.579 DEBUG tokio-runtime-worker cbc_consensus::dcf: Block #8 successfully imported    
2026-01-28 07:49:12.579 DEBUG tokio-runtime-worker pallet_cbc_dcf::pallet: DCF: Recorded successful block authorship for block #8 by d43593c715fdd31c61141abd04a99fd6822c8558854ccde39a5684e7a56da27d (5GrwvaEF...)    
2026-01-28 07:49:12.579 DEBUG tokio-runtime-worker cbc_consensus::dcf: Recorded successful block authorship for validator d43593c715fdd31c61141abd04a99fd6822c8558854ccde39a5684e7a56da27d (5GrwvaEF...) at block #8    
2026-01-28 07:49:12.579  INFO tokio-runtime-worker substrate: 🏆 Imported #8 (0x42e4…5693 → 0xec11…078c)    
2026-01-28 07:49:12.580 DEBUG tokio-runtime-worker cbc_consensus::dcf: Block #8 produced successfully by d43593c715fdd31c61141abd04a99fd6822c8558854ccde39a5684e7a56da27d (5GrwvaEF...)    
2026-01-28 07:49:12.580 DEBUG tokio-runtime-worker cbc_consensus::dcf: Validator stats - Combined: 100, PoS: 10000, PoI: 8000, Trust: 7666, Uptime: 100, Inferences: 0, Participation: 0%, Missed: 8    
2026-01-28 07:49:12.580 DEBUG tokio-runtime-worker cbc_consensus::dcf: Updated consensus state - Block: 8, Slot: 8, Total Blocks: 8, Author: d43593c715fdd31c61141abd04a99fd6822c8558854ccde39a5684e7a56da27d (5GrwvaEF...)    
2026-01-28 07:49:12.580 DEBUG tokio-runtime-worker cbc_consensus::dcf: Block #8 produced by d43593c715fdd31c61141abd04a99fd6822c8558854ccde39a5684e7a56da27d (5GrwvaEF...) in 2.823806ms    
2026-01-28 07:49:12.580 DEBUG tokio-runtime-worker cbc_consensus::dcf: Block production successful for author d43593c715fdd31c61141abd04a99fd6822c8558854ccde39a5684e7a56da27d (5GrwvaEF...)    
2026-01-28 07:49:15.426  INFO tokio-runtime-worker substrate: 💤 Idle (0 peers), best: #8 (0xec11…078c), finalized #0 (0x64ae…6965), ⬇ 0 ⬆ 0    
2026-01-28 07:49:18.594 DEBUG tokio-runtime-worker cbc_consensus::dcf: Time to produce block - interval: 6s, time since last: 6.014769665s    
2026-01-28 07:49:18.595 DEBUG tokio-runtime-worker pallet_cbc_dcf::pallet: DCF: No deterministic sequence found for epoch 0, using legacy selection for block 9    
2026-01-28 07:49:18.595 DEBUG tokio-runtime-worker pallet_cbc_dcf::pallet: DCF: Selected legacy author d43593c715fdd31c61141abd04a99fd6822c8558854ccde39a5684e7a56da27d (5GrwvaEF...) for block 9 (Combined: 16, PoS: 0, PoI: 42, Target: 9/16)    
2026-01-28 07:49:18.596 DEBUG tokio-runtime-worker cbc_consensus::dcf: DCF: Author d43593c715fdd31c61141abd04a99fd6822c8558854ccde39a5684e7a56da27d (5GrwvaEF...) has final score: 100    
2026-01-28 07:49:18.597 DEBUG tokio-runtime-worker cbc_consensus::dcf: DCF: Validator profile - Combined: 100, PoS: 10000, PoI: 8000, Trust: 5000, Uptime: 100, Inferences: 0, Participation: 0%, Missed: 8    
2026-01-28 07:49:18.597 DEBUG tokio-runtime-worker cbc_consensus::dcf: Creating block proposal #9 for author d43593c715fdd31c61141abd04a99fd6822c8558854ccde39a5684e7a56da27d (5GrwvaEF...)    
2026-01-28 07:49:18.597 DEBUG tokio-runtime-worker cbc_consensus::dcf: Using parent hash 0xec11de9a64e2224fbf89fe41e83f8ee6f018c6c34c2dbec3188a601b3525078c (block #8)    
2026-01-28 07:49:18.597 DEBUG tokio-runtime-worker cbc_consensus::dcf: DCF: Attempting to create block with comprehensive method    
2026-01-28 07:49:18.597 DEBUG tokio-runtime-worker cbc_consensus::proposer_factory: ProposerFactory: Starting complete block creation for slot 9    
2026-01-28 07:49:18.597 DEBUG tokio-runtime-worker cbc_consensus::proposer_factory: ProposerFactory: Creating block #9 with parent #8 (hash: 0xec11de9a64e2224fbf89fe41e83f8ee6f018c6c34c2dbec3188a601b3525078c)    
2026-01-28 07:49:18.597 DEBUG tokio-runtime-worker cbc_consensus::proposer_factory: ProposerFactory: Using forced author: d43593c715fdd31c61141abd04a99fd6822c8558854ccde39a5684e7a56da27d (5GrwvaEF...)    
2026-01-28 07:49:18.597 DEBUG tokio-runtime-worker cbc_consensus::proposer_factory: ProposerFactory: Creating inherent data    
2026-01-28 07:49:18.597 DEBUG tokio-runtime-worker cbc_consensus::inherent_providers: Added timestamp inherent: 1769586558597 ms    
2026-01-28 07:49:18.597 DEBUG tokio-runtime-worker cbc_consensus::inherent_providers: Successfully created inherent data with 1 providers    
2026-01-28 07:49:18.598 DEBUG tokio-runtime-worker cbc_consensus::proposer_factory: ProposerFactory: Created 1 inherent extrinsics    
2026-01-28 07:49:18.598 DEBUG tokio-runtime-worker cbc_consensus::proposer_factory: Collected 0 transactions from pool    
2026-01-28 07:49:18.598 DEBUG tokio-runtime-worker cbc_consensus::proposer_factory: ProposerFactory: Combined 1 inherent + 0 transaction extrinsics (total: 1)    
2026-01-28 07:49:18.598 DEBUG tokio-runtime-worker cbc_consensus::proposer_factory: ProposerFactory: Building block with proper state root calculation    
2026-01-28 07:49:18.598 DEBUG tokio-runtime-worker cbc_consensus::proposer_factory: ProposerFactory: Starting block building process for block #9    
2026-01-28 07:49:18.598 DEBUG tokio-runtime-worker cbc_consensus::proposer_factory: ProposerFactory: Parent hash: 0xec11de9a64e2224fbf89fe41e83f8ee6f018c6c34c2dbec3188a601b3525078c, Extrinsics count: 1    
2026-01-28 07:49:18.598 DEBUG tokio-runtime-worker cbc_consensus::proposer_factory: ProposerFactory: Created temporary header for block #9    
2026-01-28 07:49:18.598 DEBUG tokio-runtime-worker cbc_consensus::proposer_factory: ProposerFactory: Temp header - number: 9, parent: 0xec11de9a64e2224fbf89fe41e83f8ee6f018c6c34c2dbec3188a601b3525078c    
2026-01-28 07:49:18.598 DEBUG tokio-runtime-worker cbc_consensus::proposer_factory: ProposerFactory: Initializing block in runtime state    
2026-01-28 07:49:18.598  INFO tokio-runtime-worker pallet_cbc_dcf::pallet: DCF: Finality advanced from 7 to 8 in epoch 0    
2026-01-28 07:49:18.598  INFO tokio-runtime-worker pallet_cbc_dcf::pallet: DCF: Progressive finalization advanced to block 8    
2026-01-28 07:49:18.598 DEBUG tokio-runtime-worker pallet_cbc_dcf::pallet: DCF: No deterministic sequence found for epoch 0, using legacy selection for block 9    
2026-01-28 07:49:18.599 DEBUG tokio-runtime-worker pallet_cbc_dcf::pallet: DCF: Selected legacy author d43593c715fdd31c61141abd04a99fd6822c8558854ccde39a5684e7a56da27d (5GrwvaEF...) for block 9 (Combined: 16, PoS: 0, PoI: 42, Target: 9/16)    
2026-01-28 07:49:18.599 DEBUG tokio-runtime-worker cbc_consensus::proposer_factory: ProposerFactory: Block initialized successfully    
2026-01-28 07:49:18.599 DEBUG tokio-runtime-worker cbc_consensus::proposer_factory: ProposerFactory: Applying 1 extrinsics to runtime state    
2026-01-28 07:49:18.599 DEBUG tokio-runtime-worker cbc_consensus::proposer_factory: ProposerFactory: Applying extrinsic 1 of 1    
2026-01-28 07:49:18.599 DEBUG tokio-runtime-worker cbc_consensus::proposer_factory: ProposerFactory: Successfully applied extrinsic 0    
2026-01-28 07:49:18.599 DEBUG tokio-runtime-worker cbc_consensus::proposer_factory: ProposerFactory: Applied 1 extrinsics successfully, 0 failed    
2026-01-28 07:49:18.599 DEBUG tokio-runtime-worker cbc_consensus::proposer_factory: ProposerFactory: Finalizing block to calculate state root and extrinsics root    
2026-01-28 07:49:18.600 DEBUG tokio-runtime-worker pallet_cbc_dcf::pallet: DCF: Processing on_finalize for block #9    
2026-01-28 07:49:18.601 DEBUG tokio-runtime-worker cbc_consensus::proposer_factory: ProposerFactory: Block finalized successfully    
2026-01-28 07:49:18.601 DEBUG tokio-runtime-worker cbc_consensus::proposer_factory: ProposerFactory: Final header - number: 9, state_root: 0x36ad54fcf9e194640b43e3bfb0562ca4df25ee916655df2f20ef6d7928ae3ce1, extrinsics_root: 0x4ba7bfce5801dd7e2b2f3feb0d2f3cf4c6cf960d1921cfb90be15de69bdd2126    
2026-01-28 07:49:18.601 DEBUG tokio-runtime-worker cbc_consensus::proposer_factory: ProposerFactory: Final header - parent_hash: 0xec11de9a64e2224fbf89fe41e83f8ee6f018c6c34c2dbec3188a601b3525078c, digest logs: 0    
2026-01-28 07:49:18.601 DEBUG tokio-runtime-worker cbc_consensus::proposer_factory: ProposerFactory: Created final block with 1 extrinsics    
2026-01-28 07:49:18.601 DEBUG tokio-runtime-worker cbc_consensus::proposer_factory: ProposerFactory: Final block hash: 0xa62eca38968372fead6a039c2fde349ca261d4b036472449ab2b25eb4947d979    
2026-01-28 07:49:18.601 DEBUG tokio-runtime-worker cbc_consensus::proposer_factory: ProposerFactory: Validating built block structure    
2026-01-28 07:49:18.601 DEBUG tokio-runtime-worker cbc_consensus::proposer_factory: ProposerFactory: Block validation passed    
2026-01-28 07:49:18.601 DEBUG tokio-runtime-worker cbc_consensus::proposer_factory: ProposerFactory: - State root: 0x36ad54fcf9e194640b43e3bfb0562ca4df25ee916655df2f20ef6d7928ae3ce1 (non-zero: true)    
2026-01-28 07:49:18.601 DEBUG tokio-runtime-worker cbc_consensus::proposer_factory: ProposerFactory: - Extrinsics root: 0x4ba7bfce5801dd7e2b2f3feb0d2f3cf4c6cf960d1921cfb90be15de69bdd2126 (non-zero: true)    
2026-01-28 07:49:18.601 DEBUG tokio-runtime-worker cbc_consensus::proposer_factory: ProposerFactory: - Parent hash: 0xec11de9a64e2224fbf89fe41e83f8ee6f018c6c34c2dbec3188a601b3525078c (non-zero: true)    
2026-01-28 07:49:18.601 DEBUG tokio-runtime-worker cbc_consensus::proposer_factory: ProposerFactory: - Block number: 9    
2026-01-28 07:49:18.601 DEBUG tokio-runtime-worker cbc_consensus::proposer_factory: ProposerFactory: - Extrinsics count: 1    
2026-01-28 07:49:18.601 DEBUG tokio-runtime-worker cbc_consensus::proposer_factory: ProposerFactory: Block building completed successfully for block #9    
2026-01-28 07:49:18.601 DEBUG tokio-runtime-worker cbc_consensus::proposer_factory: ProposerFactory: Performing final block validation    
2026-01-28 07:49:18.601 DEBUG tokio-runtime-worker cbc_consensus::proposer_factory: ProposerFactory: Validating final block    
2026-01-28 07:49:18.601 DEBUG tokio-runtime-worker cbc_consensus::proposer_factory: ProposerFactory: Final block validation passed    
2026-01-28 07:49:18.601 DEBUG tokio-runtime-worker cbc_consensus::proposer_factory: ProposerFactory: - Block number: 9    
2026-01-28 07:49:18.601 DEBUG tokio-runtime-worker cbc_consensus::proposer_factory: ProposerFactory: - Author: d43593c715fdd31c61141abd04a99fd6822c8558854ccde39a5684e7a56da27d (5GrwvaEF...)    
2026-01-28 07:49:18.601 DEBUG tokio-runtime-worker cbc_consensus::proposer_factory: ProposerFactory: - State root: 0x36ad54fcf9e194640b43e3bfb0562ca4df25ee916655df2f20ef6d7928ae3ce1    
2026-01-28 07:49:18.601 DEBUG tokio-runtime-worker cbc_consensus::proposer_factory: ProposerFactory: - Extrinsics root: 0x4ba7bfce5801dd7e2b2f3feb0d2f3cf4c6cf960d1921cfb90be15de69bdd2126    
2026-01-28 07:49:18.601 DEBUG tokio-runtime-worker cbc_consensus::proposer_factory: ProposerFactory: - Parent hash: 0xec11de9a64e2224fbf89fe41e83f8ee6f018c6c34c2dbec3188a601b3525078c    
2026-01-28 07:49:18.601 DEBUG tokio-runtime-worker cbc_consensus::proposer_factory: ProposerFactory: - Extrinsics count: 1    
2026-01-28 07:49:18.601 DEBUG tokio-runtime-worker cbc_consensus::proposer_factory: ProposerFactory: Successfully created complete block #9 with author d43593c715fdd31c61141abd04a99fd6822c8558854ccde39a5684e7a56da27d (5GrwvaEF...)    
2026-01-28 07:49:18.601 DEBUG tokio-runtime-worker cbc_consensus::proposer_factory: ProposerFactory: Block hash: 0xa62eca38968372fead6a039c2fde349ca261d4b036472449ab2b25eb4947d979, state root: 0x36ad54fcf9e194640b43e3bfb0562ca4df25ee916655df2f20ef6d7928ae3ce1    
2026-01-28 07:49:18.601 DEBUG tokio-runtime-worker cbc_consensus::dcf: DCF: Successfully created block with comprehensive method    
2026-01-28 07:49:18.601 DEBUG tokio-runtime-worker cbc_consensus::dcf: DCF: Block validation passed - state root: 0x36ad54fcf9e194640b43e3bfb0562ca4df25ee916655df2f20ef6d7928ae3ce1, extrinsics root: 0x4ba7bfce5801dd7e2b2f3feb0d2f3cf4c6cf960d1921cfb90be15de69bdd2126    
2026-01-28 07:49:18.601 DEBUG tokio-runtime-worker cbc_consensus::dcf: Created block #9 with 1 extrinsics, parent: 0xec11de9a64e2224fbf89fe41e83f8ee6f018c6c34c2dbec3188a601b3525078c    
2026-01-28 07:49:18.601 DEBUG tokio-runtime-worker cbc_consensus::dcf: Block state root: 0x36ad54fcf9e194640b43e3bfb0562ca4df25ee916655df2f20ef6d7928ae3ce1, extrinsics root: 0x4ba7bfce5801dd7e2b2f3feb0d2f3cf4c6cf960d1921cfb90be15de69bdd2126    
2026-01-28 07:49:18.601 DEBUG tokio-runtime-worker cbc_consensus::dcf: Importing consensus block #9 (0xa62eca38968372fead6a039c2fde349ca261d4b036472449ab2b25eb4947d979) with parent 0xec11de9a64e2224fbf89fe41e83f8ee6f018c6c34c2dbec3188a601b3525078c    
2026-01-28 07:49:18.601  INFO tokio-runtime-worker pallet_cbc_dcf::pallet: DCF: Finality advanced from 7 to 8 in epoch 0    
2026-01-28 07:49:18.601  INFO tokio-runtime-worker pallet_cbc_dcf::pallet: DCF: Progressive finalization advanced to block 8    
2026-01-28 07:49:18.601 DEBUG tokio-runtime-worker pallet_cbc_dcf::pallet: DCF: No deterministic sequence found for epoch 0, using legacy selection for block 9    
2026-01-28 07:49:18.602 DEBUG tokio-runtime-worker pallet_cbc_dcf::pallet: DCF: Selected legacy author d43593c715fdd31c61141abd04a99fd6822c8558854ccde39a5684e7a56da27d (5GrwvaEF...) for block 9 (Combined: 16, PoS: 0, PoI: 42, Target: 9/16)    
2026-01-28 07:49:18.602 DEBUG tokio-runtime-worker pallet_cbc_dcf::pallet: DCF: Processing on_finalize for block #9    
2026-01-28 07:49:18.603 DEBUG tokio-runtime-worker cbc_consensus::dcf: Block #9 successfully imported    
2026-01-28 07:49:18.604  INFO tokio-runtime-worker substrate: 🏆 Imported #9 (0xec11…078c → 0xa62e…d979)    
2026-01-28 07:49:18.604 DEBUG tokio-runtime-worker pallet_cbc_dcf::pallet: DCF: Recorded successful block authorship for block #9 by d43593c715fdd31c61141abd04a99fd6822c8558854ccde39a5684e7a56da27d (5GrwvaEF...)    
2026-01-28 07:49:18.604 DEBUG tokio-runtime-worker cbc_consensus::dcf: Recorded successful block authorship for validator d43593c715fdd31c61141abd04a99fd6822c8558854ccde39a5684e7a56da27d (5GrwvaEF...) at block #9    
2026-01-28 07:49:18.606 DEBUG tokio-runtime-worker cbc_consensus::dcf: Block #9 produced successfully by d43593c715fdd31c61141abd04a99fd6822c8558854ccde39a5684e7a56da27d (5GrwvaEF...)    
2026-01-28 07:49:18.606 DEBUG tokio-runtime-worker cbc_consensus::dcf: Validator stats - Combined: 100, PoS: 10000, PoI: 8000, Trust: 7666, Uptime: 100, Inferences: 0, Participation: 0%, Missed: 9    
2026-01-28 07:49:18.606 DEBUG tokio-runtime-worker cbc_consensus::dcf: Updated consensus state - Block: 9, Slot: 9, Total Blocks: 9, Author: d43593c715fdd31c61141abd04a99fd6822c8558854ccde39a5684e7a56da27d (5GrwvaEF...)    
2026-01-28 07:49:18.606 DEBUG tokio-runtime-worker cbc_consensus::dcf: Block #9 produced by d43593c715fdd31c61141abd04a99fd6822c8558854ccde39a5684e7a56da27d (5GrwvaEF...) in 10.498336ms    
2026-01-28 07:49:18.606 DEBUG tokio-runtime-worker cbc_consensus::dcf: Block production successful for author d43593c715fdd31c61141abd04a99fd6822c8558854ccde39a5684e7a56da27d (5GrwvaEF...)    
2026-01-28 07:49:20.369 DEBUG tokio-runtime-worker cbc_node::block_tracker: Block Tracker: Processing 2 new blocks (#8 to #9)    
2026-01-28 07:49:20.375 DEBUG tokio-runtime-worker cbc_node::block_tracker: Block Tracker: Updated stats for validator d43593c715fdd31c61141abd04a99fd6822c8558854ccde39a5684e7a56da27d (5GrwvaEF...) - Authored: 0 (+0), Missed: 9 (+2), Rate: 0.00%    
2026-01-28 07:49:20.376  WARN tokio-runtime-worker cbc_node::block_tracker: Block Tracker: Validator d43593c715fdd31c61141abd04a99fd6822c8558854ccde39a5684e7a56da27d (5GrwvaEF...) has 9 consecutive missed blocks (threshold: 3)    
2026-01-28 07:49:20.432  INFO tokio-runtime-worker substrate: 💤 Idle (0 peers), best: #9 (0xa62e…d979), finalized #0 (0x64ae…6965), ⬇ 0 ⬆ 0    
2026-01-28 07:49:24.645 DEBUG tokio-runtime-worker cbc_consensus::dcf: Time to produce block - interval: 6s, time since last: 6.041754783s    
2026-01-28 07:49:24.646 DEBUG tokio-runtime-worker pallet_cbc_dcf::pallet: DCF: No deterministic sequence found for epoch 0, using legacy selection for block 10    
2026-01-28 07:49:24.646 DEBUG tokio-runtime-worker pallet_cbc_dcf::pallet: DCF: Selected legacy author d43593c715fdd31c61141abd04a99fd6822c8558854ccde39a5684e7a56da27d (5GrwvaEF...) for block 10 (Combined: 16, PoS: 0, PoI: 42, Target: 10/16)    
2026-01-28 07:49:24.647 DEBUG tokio-runtime-worker cbc_consensus::dcf: DCF: Author d43593c715fdd31c61141abd04a99fd6822c8558854ccde39a5684e7a56da27d (5GrwvaEF...) has final score: 100    
2026-01-28 07:49:24.648 DEBUG tokio-runtime-worker cbc_consensus::dcf: DCF: Validator profile - Combined: 100, PoS: 10000, PoI: 8000, Trust: 5000, Uptime: 100, Inferences: 0, Participation: 0%, Missed: 9    
2026-01-28 07:49:24.648 DEBUG tokio-runtime-worker cbc_consensus::dcf: Creating block proposal #10 for author d43593c715fdd31c61141abd04a99fd6822c8558854ccde39a5684e7a56da27d (5GrwvaEF...)    
2026-01-28 07:49:24.648 DEBUG tokio-runtime-worker cbc_consensus::dcf: Using parent hash 0xa62eca38968372fead6a039c2fde349ca261d4b036472449ab2b25eb4947d979 (block #9)    
2026-01-28 07:49:24.648 DEBUG tokio-runtime-worker cbc_consensus::dcf: DCF: Attempting to create block with comprehensive method    
2026-01-28 07:49:24.648 DEBUG tokio-runtime-worker cbc_consensus::proposer_factory: ProposerFactory: Starting complete block creation for slot 10    
2026-01-28 07:49:24.648 DEBUG tokio-runtime-worker cbc_consensus::proposer_factory: ProposerFactory: Creating block #10 with parent #9 (hash: 0xa62eca38968372fead6a039c2fde349ca261d4b036472449ab2b25eb4947d979)    
2026-01-28 07:49:24.648 DEBUG tokio-runtime-worker cbc_consensus::proposer_factory: ProposerFactory: Using forced author: d43593c715fdd31c61141abd04a99fd6822c8558854ccde39a5684e7a56da27d (5GrwvaEF...)    
2026-01-28 07:49:24.648 DEBUG tokio-runtime-worker cbc_consensus::proposer_factory: ProposerFactory: Creating inherent data    
2026-01-28 07:49:24.648 DEBUG tokio-runtime-worker cbc_consensus::inherent_providers: Added timestamp inherent: 1769586564648 ms    
2026-01-28 07:49:24.648 DEBUG tokio-runtime-worker cbc_consensus::inherent_providers: Successfully created inherent data with 1 providers    
2026-01-28 07:49:24.648 DEBUG tokio-runtime-worker cbc_consensus::proposer_factory: ProposerFactory: Created 1 inherent extrinsics    
2026-01-28 07:49:24.648 DEBUG tokio-runtime-worker cbc_consensus::proposer_factory: Collected 0 transactions from pool    
2026-01-28 07:49:24.648 DEBUG tokio-runtime-worker cbc_consensus::proposer_factory: ProposerFactory: Combined 1 inherent + 0 transaction extrinsics (total: 1)    
2026-01-28 07:49:24.648 DEBUG tokio-runtime-worker cbc_consensus::proposer_factory: ProposerFactory: Building block with proper state root calculation    
2026-01-28 07:49:24.648 DEBUG tokio-runtime-worker cbc_consensus::proposer_factory: ProposerFactory: Starting block building process for block #10    
2026-01-28 07:49:24.648 DEBUG tokio-runtime-worker cbc_consensus::proposer_factory: ProposerFactory: Parent hash: 0xa62eca38968372fead6a039c2fde349ca261d4b036472449ab2b25eb4947d979, Extrinsics count: 1    
2026-01-28 07:49:24.648 DEBUG tokio-runtime-worker cbc_consensus::proposer_factory: ProposerFactory: Created temporary header for block #10    
2026-01-28 07:49:24.648 DEBUG tokio-runtime-worker cbc_consensus::proposer_factory: ProposerFactory: Temp header - number: 10, parent: 0xa62eca38968372fead6a039c2fde349ca261d4b036472449ab2b25eb4947d979    
2026-01-28 07:49:24.648 DEBUG tokio-runtime-worker cbc_consensus::proposer_factory: ProposerFactory: Initializing block in runtime state    
2026-01-28 07:49:24.649  INFO tokio-runtime-worker pallet_cbc_dcf::pallet: DCF: Finality advanced from 8 to 9 in epoch 0    
2026-01-28 07:49:24.649  INFO tokio-runtime-worker pallet_cbc_dcf::pallet: DCF: Progressive finalization advanced to block 9    
2026-01-28 07:49:24.650  INFO tokio-runtime-worker pallet_cbc_dcf::pallet: DCF: Score aggregation completed - updated 1 validators    
2026-01-28 07:49:24.650  INFO tokio-runtime-worker pallet_cbc_dcf::pallet: DCF: Performance analysis - 0 high performers, 1 low performers    
2026-01-28 07:49:24.650  INFO tokio-runtime-worker pallet_cbc_dcf::pallet: DCF: Governance proposal generation completed    
2026-01-28 07:49:24.650  INFO tokio-runtime-worker pallet_cbc_dcf::pallet: DCF: Epoch proposal generation completed    
2026-01-28 07:49:24.650  INFO tokio-runtime-worker pallet_cbc_dcf::pallet: DCF: Processed 0 epoch proposals    
2026-01-28 07:49:24.651  INFO tokio-runtime-worker pallet_cbc_dcf::pallet: DCF: Auto epoch transition 0 -> 1 (standard mode) - 1 active validators    
2026-01-28 07:49:24.651 DEBUG tokio-runtime-worker pallet_cbc_dcf::pallet: DCF: Epoch 0 economic impact - Rewards: 0, Slashed: 0    
2026-01-28 07:49:24.652  INFO tokio-runtime-worker pallet_cbc_dcf::pallet: DCF: Deterministic epoch transition completed for epoch 1 at block 10 with 100 authors    
2026-01-28 07:49:24.652 DEBUG tokio-runtime-worker pallet_cbc_dcf::pallet: DCF Health Metrics at block 10: epoch=1, total_validators=1, active_validators=1, avg_score=16, governance_mode=false    
2026-01-28 07:49:24.652  INFO tokio-runtime-worker pallet_cbc_dcf::pallet: DCF: Epoch metrics updated at block 10    
2026-01-28 07:49:24.653 DEBUG tokio-runtime-worker cbc_consensus::proposer_factory: ProposerFactory: Block initialized successfully    
2026-01-28 07:49:24.653 DEBUG tokio-runtime-worker cbc_consensus::proposer_factory: ProposerFactory: Applying 1 extrinsics to runtime state    
2026-01-28 07:49:24.653 DEBUG tokio-runtime-worker cbc_consensus::proposer_factory: ProposerFactory: Applying extrinsic 1 of 1    
2026-01-28 07:49:24.653 DEBUG tokio-runtime-worker cbc_consensus::proposer_factory: ProposerFactory: Successfully applied extrinsic 0    
2026-01-28 07:49:24.653 DEBUG tokio-runtime-worker cbc_consensus::proposer_factory: ProposerFactory: Applied 1 extrinsics successfully, 0 failed    
2026-01-28 07:49:24.653 DEBUG tokio-runtime-worker cbc_consensus::proposer_factory: ProposerFactory: Finalizing block to calculate state root and extrinsics root    
2026-01-28 07:49:24.654 DEBUG tokio-runtime-worker pallet_cbc_dcf::pallet: DCF: Processing on_finalize for block #10    
2026-01-28 07:49:24.656 DEBUG tokio-runtime-worker cbc_consensus::proposer_factory: ProposerFactory: Block finalized successfully    
2026-01-28 07:49:24.656 DEBUG tokio-runtime-worker cbc_consensus::proposer_factory: ProposerFactory: Final header - number: 10, state_root: 0x13a4b3d3cbe350930e6760f8506de4d4f5c458e7263ea7c57dc17c5c9734ede5, extrinsics_root: 0xac5d0c0cc23d55404c1700188399d606c3e4947f613e120857ab382ece1698f4    
2026-01-28 07:49:24.656 DEBUG tokio-runtime-worker cbc_consensus::proposer_factory: ProposerFactory: Final header - parent_hash: 0xa62eca38968372fead6a039c2fde349ca261d4b036472449ab2b25eb4947d979, digest logs: 0    
2026-01-28 07:49:24.656 DEBUG tokio-runtime-worker cbc_consensus::proposer_factory: ProposerFactory: Created final block with 1 extrinsics    
2026-01-28 07:49:24.656 DEBUG tokio-runtime-worker cbc_consensus::proposer_factory: ProposerFactory: Final block hash: 0x8383ccdda71598aa11a13de3f640246487521109f7d8944fba42cf3768e2da3d    
2026-01-28 07:49:24.656 DEBUG tokio-runtime-worker cbc_consensus::proposer_factory: ProposerFactory: Validating built block structure    
2026-01-28 07:49:24.656 DEBUG tokio-runtime-worker cbc_consensus::proposer_factory: ProposerFactory: Block validation passed    
2026-01-28 07:49:24.656 DEBUG tokio-runtime-worker cbc_consensus::proposer_factory: ProposerFactory: - State root: 0x13a4b3d3cbe350930e6760f8506de4d4f5c458e7263ea7c57dc17c5c9734ede5 (non-zero: true)    
2026-01-28 07:49:24.656 DEBUG tokio-runtime-worker cbc_consensus::proposer_factory: ProposerFactory: - Extrinsics root: 0xac5d0c0cc23d55404c1700188399d606c3e4947f613e120857ab382ece1698f4 (non-zero: true)    
2026-01-28 07:49:24.656 DEBUG tokio-runtime-worker cbc_consensus::proposer_factory: ProposerFactory: - Parent hash: 0xa62eca38968372fead6a039c2fde349ca261d4b036472449ab2b25eb4947d979 (non-zero: true)    
2026-01-28 07:49:24.656 DEBUG tokio-runtime-worker cbc_consensus::proposer_factory: ProposerFactory: - Block number: 10    
2026-01-28 07:49:24.656 DEBUG tokio-runtime-worker cbc_consensus::proposer_factory: ProposerFactory: - Extrinsics count: 1    
2026-01-28 07:49:24.656 DEBUG tokio-runtime-worker cbc_consensus::proposer_factory: ProposerFactory: Block building completed successfully for block #10    
2026-01-28 07:49:24.656 DEBUG tokio-runtime-worker cbc_consensus::proposer_factory: ProposerFactory: Performing final block validation    
2026-01-28 07:49:24.656 DEBUG tokio-runtime-worker cbc_consensus::proposer_factory: ProposerFactory: Validating final block    
2026-01-28 07:49:24.656 DEBUG tokio-runtime-worker cbc_consensus::proposer_factory: ProposerFactory: Final block validation passed    
2026-01-28 07:49:24.656 DEBUG tokio-runtime-worker cbc_consensus::proposer_factory: ProposerFactory: - Block number: 10    
2026-01-28 07:49:24.656 DEBUG tokio-runtime-worker cbc_consensus::proposer_factory: ProposerFactory: - Author: d43593c715fdd31c61141abd04a99fd6822c8558854ccde39a5684e7a56da27d (5GrwvaEF...)    
2026-01-28 07:49:24.656 DEBUG tokio-runtime-worker cbc_consensus::proposer_factory: ProposerFactory: - State root: 0x13a4b3d3cbe350930e6760f8506de4d4f5c458e7263ea7c57dc17c5c9734ede5    
2026-01-28 07:49:24.656 DEBUG tokio-runtime-worker cbc_consensus::proposer_factory: ProposerFactory: - Extrinsics root: 0xac5d0c0cc23d55404c1700188399d606c3e4947f613e120857ab382ece1698f4    
2026-01-28 07:49:24.656 DEBUG tokio-runtime-worker cbc_consensus::proposer_factory: ProposerFactory: - Parent hash: 0xa62eca38968372fead6a039c2fde349ca261d4b036472449ab2b25eb4947d979    
2026-01-28 07:49:24.656 DEBUG tokio-runtime-worker cbc_consensus::proposer_factory: ProposerFactory: - Extrinsics count: 1    
2026-01-28 07:49:24.656 DEBUG tokio-runtime-worker cbc_consensus::proposer_factory: ProposerFactory: Successfully created complete block #10 with author d43593c715fdd31c61141abd04a99fd6822c8558854ccde39a5684e7a56da27d (5GrwvaEF...)    
2026-01-28 07:49:24.656 DEBUG tokio-runtime-worker cbc_consensus::proposer_factory: ProposerFactory: Block hash: 0x8383ccdda71598aa11a13de3f640246487521109f7d8944fba42cf3768e2da3d, state root: 0x13a4b3d3cbe350930e6760f8506de4d4f5c458e7263ea7c57dc17c5c9734ede5    
2026-01-28 07:49:24.656 DEBUG tokio-runtime-worker cbc_consensus::dcf: DCF: Successfully created block with comprehensive method    
2026-01-28 07:49:24.656 DEBUG tokio-runtime-worker cbc_consensus::dcf: DCF: Block validation passed - state root: 0x13a4b3d3cbe350930e6760f8506de4d4f5c458e7263ea7c57dc17c5c9734ede5, extrinsics root: 0xac5d0c0cc23d55404c1700188399d606c3e4947f613e120857ab382ece1698f4    
2026-01-28 07:49:24.656 DEBUG tokio-runtime-worker cbc_consensus::dcf: Created block #10 with 1 extrinsics, parent: 0xa62eca38968372fead6a039c2fde349ca261d4b036472449ab2b25eb4947d979    
2026-01-28 07:49:24.656 DEBUG tokio-runtime-worker cbc_consensus::dcf: Block state root: 0x13a4b3d3cbe350930e6760f8506de4d4f5c458e7263ea7c57dc17c5c9734ede5, extrinsics root: 0xac5d0c0cc23d55404c1700188399d606c3e4947f613e120857ab382ece1698f4    
2026-01-28 07:49:24.656 DEBUG tokio-runtime-worker cbc_consensus::dcf: Importing consensus block #10 (0x8383ccdda71598aa11a13de3f640246487521109f7d8944fba42cf3768e2da3d) with parent 0xa62eca38968372fead6a039c2fde349ca261d4b036472449ab2b25eb4947d979    
2026-01-28 07:49:24.657  INFO tokio-runtime-worker pallet_cbc_dcf::pallet: DCF: Finality advanced from 8 to 9 in epoch 0    
2026-01-28 07:49:24.657  INFO tokio-runtime-worker pallet_cbc_dcf::pallet: DCF: Progressive finalization advanced to block 9    
2026-01-28 07:49:24.657  INFO tokio-runtime-worker pallet_cbc_dcf::pallet: DCF: Score aggregation completed - updated 1 validators    
2026-01-28 07:49:24.657  INFO tokio-runtime-worker pallet_cbc_dcf::pallet: DCF: Performance analysis - 0 high performers, 1 low performers    
2026-01-28 07:49:24.657  INFO tokio-runtime-worker pallet_cbc_dcf::pallet: DCF: Governance proposal generation completed    
2026-01-28 07:49:24.657  INFO tokio-runtime-worker pallet_cbc_dcf::pallet: DCF: Epoch proposal generation completed    
2026-01-28 07:49:24.657  INFO tokio-runtime-worker pallet_cbc_dcf::pallet: DCF: Processed 0 epoch proposals    
2026-01-28 07:49:24.658  INFO tokio-runtime-worker pallet_cbc_dcf::pallet: DCF: Auto epoch transition 0 -> 1 (standard mode) - 1 active validators    
2026-01-28 07:49:24.658 DEBUG tokio-runtime-worker pallet_cbc_dcf::pallet: DCF: Epoch 0 economic impact - Rewards: 0, Slashed: 0    
2026-01-28 07:49:24.660  INFO tokio-runtime-worker pallet_cbc_dcf::pallet: DCF: Deterministic epoch transition completed for epoch 1 at block 10 with 100 authors    
2026-01-28 07:49:24.660 DEBUG tokio-runtime-worker pallet_cbc_dcf::pallet: DCF Health Metrics at block 10: epoch=1, total_validators=1, active_validators=1, avg_score=16, governance_mode=false    
2026-01-28 07:49:24.660  INFO tokio-runtime-worker pallet_cbc_dcf::pallet: DCF: Epoch metrics updated at block 10    
2026-01-28 07:49:24.661 DEBUG tokio-runtime-worker pallet_cbc_dcf::pallet: DCF: Processing on_finalize for block #10    
2026-01-28 07:49:24.663 DEBUG tokio-runtime-worker cbc_consensus::dcf: Block #10 successfully imported    
2026-01-28 07:49:24.664  INFO tokio-runtime-worker substrate: 🏆 Imported #10 (0xa62e…d979 → 0x8383…da3d)    
2026-01-28 07:49:24.665 DEBUG tokio-runtime-worker pallet_cbc_dcf::pallet: DCF: Recorded successful block authorship for block #10 by d43593c715fdd31c61141abd04a99fd6822c8558854ccde39a5684e7a56da27d (5GrwvaEF...)    
2026-01-28 07:49:24.665 DEBUG tokio-runtime-worker cbc_consensus::dcf: Recorded successful block authorship for validator d43593c715fdd31c61141abd04a99fd6822c8558854ccde39a5684e7a56da27d (5GrwvaEF...) at block #10    
2026-01-28 07:49:24.666  INFO      offchain-worker pallet_cbc_dcf::pallet: DCF: Computed PoI score for validator=d43593c715fdd31c61141abd04a99fd6822c8558854ccde39a5684e7a56da27d (5GrwvaEF...), score=0, block=10    
2026-01-28 07:49:24.666  INFO      offchain-worker pallet_cbc_dcf::pallet: DCF off-chain worker completed computation    
2026-01-28 07:49:24.668 DEBUG tokio-runtime-worker cbc_consensus::dcf: Block #10 produced successfully by d43593c715fdd31c61141abd04a99fd6822c8558854ccde39a5684e7a56da27d (5GrwvaEF...)    
2026-01-28 07:49:24.668 DEBUG tokio-runtime-worker cbc_consensus::dcf: Validator stats - Combined: 26, PoS: 0, PoI: 42, Trust: 6169, Uptime: 0, Inferences: 0, Participation: 0%, Missed: 9    
2026-01-28 07:49:24.668 DEBUG tokio-runtime-worker cbc_consensus::dcf: Updated consensus state - Block: 10, Slot: 10, Total Blocks: 10, Author: d43593c715fdd31c61141abd04a99fd6822c8558854ccde39a5684e7a56da27d (5GrwvaEF...)    
2026-01-28 07:49:24.669  INFO tokio-runtime-worker cbc_consensus::dcf: PoS+PoI: Consensus Health - Block: 10, Slot: 10, Validators: 1, Healthy: 0, Avg Score: 16    
2026-01-28 07:49:24.669 DEBUG tokio-runtime-worker cbc_consensus::dcf: PoS+PoI: Current epoch: 1, Total blocks produced: 10    
2026-01-28 07:49:24.669 DEBUG tokio-runtime-worker cbc_consensus::dcf: Block #10 produced by d43593c715fdd31c61141abd04a99fd6822c8558854ccde39a5684e7a56da27d (5GrwvaEF...) in 23.219181ms    
2026-01-28 07:49:24.669 DEBUG tokio-runtime-worker cbc_consensus::dcf: Block production successful for author d43593c715fdd31c61141abd04a99fd6822c8558854ccde39a5684e7a56da27d (5GrwvaEF...)    
2026-01-28 07:49:25.433  INFO tokio-runtime-worker substrate: 💤 Idle (0 peers), best: #10 (0x8383…da3d), finalized #0 (0x64ae…6965), ⬇ 0 ⬆ 0    
2026-01-28 07:49:30.378 DEBUG tokio-runtime-worker cbc_node::block_tracker: Block Tracker: Processing 1 new blocks (#10 to #10)    
2026-01-28 07:49:30.378  WARN tokio-runtime-worker cbc_node::block_tracker: Block Tracker: Validator d43593c715fdd31c61141abd04a99fd6822c8558854ccde39a5684e7a56da27d (5GrwvaEF...) has 9 consecutive missed blocks (threshold: 3)    
2026-01-28 07:49:30.437  INFO tokio-runtime-worker substrate: 💤 Idle (0 peers), best: #10 (0x8383…da3d), finalized #0 (0x64ae…6965), ⬇ 0 ⬆ 0    
2026-01-28 07:49:30.704 DEBUG tokio-runtime-worker cbc_consensus::dcf: Time to produce block - interval: 6s, time since last: 6.040699915s    
2026-01-28 07:49:30.704 DEBUG tokio-runtime-worker pallet_cbc_dcf::pallet: DCF: No deterministic sequence found for epoch 0, using legacy selection for block 11    
2026-01-28 07:49:30.704 DEBUG tokio-runtime-worker pallet_cbc_dcf::pallet: DCF: Selected legacy author d43593c715fdd31c61141abd04a99fd6822c8558854ccde39a5684e7a56da27d (5GrwvaEF...) for block 11 (Combined: 16, PoS: 0, PoI: 42, Target: 11/16)    
2026-01-28 07:49:30.704  INFO tokio-runtime-worker cbc_consensus::dcf: Producing block #11 with author d43593c715fdd31c61141abd04a99fd6822c8558854ccde39a5684e7a56da27d (5GrwvaEF...)    
2026-01-28 07:49:30.704 DEBUG tokio-runtime-worker cbc_consensus::dcf: DCF: Author d43593c715fdd31c61141abd04a99fd6822c8558854ccde39a5684e7a56da27d (5GrwvaEF...) has final score: 16    
2026-01-28 07:49:30.704 DEBUG tokio-runtime-worker cbc_consensus::dcf: DCF: Validator profile - Combined: 16, PoS: 0, PoI: 42, Trust: 6108, Uptime: 0, Inferences: 0, Participation: 0%, Missed: 9    
2026-01-28 07:49:30.704 DEBUG tokio-runtime-worker cbc_consensus::dcf: Creating block proposal #11 for author d43593c715fdd31c61141abd04a99fd6822c8558854ccde39a5684e7a56da27d (5GrwvaEF...)    
2026-01-28 07:49:30.704 DEBUG tokio-runtime-worker cbc_consensus::dcf: Using parent hash 0x8383ccdda71598aa11a13de3f640246487521109f7d8944fba42cf3768e2da3d (block #10)    
2026-01-28 07:49:30.704 DEBUG tokio-runtime-worker cbc_consensus::dcf: DCF: Attempting to create block with comprehensive method    
2026-01-28 07:49:30.704 DEBUG tokio-runtime-worker cbc_consensus::proposer_factory: ProposerFactory: Starting complete block creation for slot 11    
2026-01-28 07:49:30.705 DEBUG tokio-runtime-worker cbc_consensus::proposer_factory: ProposerFactory: Creating block #11 with parent #10 (hash: 0x8383ccdda71598aa11a13de3f640246487521109f7d8944fba42cf3768e2da3d)    
2026-01-28 07:49:30.705 DEBUG tokio-runtime-worker cbc_consensus::proposer_factory: ProposerFactory: Using forced author: d43593c715fdd31c61141abd04a99fd6822c8558854ccde39a5684e7a56da27d (5GrwvaEF...)    
2026-01-28 07:49:30.705 DEBUG tokio-runtime-worker cbc_consensus::proposer_factory: ProposerFactory: Creating inherent data    
2026-01-28 07:49:30.705 DEBUG tokio-runtime-worker cbc_consensus::inherent_providers: Added timestamp inherent: 1769586570705 ms    
2026-01-28 07:49:30.705 DEBUG tokio-runtime-worker cbc_consensus::inherent_providers: Successfully created inherent data with 1 providers    
2026-01-28 07:49:30.705 DEBUG tokio-runtime-worker cbc_consensus::proposer_factory: ProposerFactory: Created 1 inherent extrinsics    
2026-01-28 07:49:30.705 DEBUG tokio-runtime-worker cbc_consensus::proposer_factory: Collected 0 transactions from pool    
2026-01-28 07:49:30.705 DEBUG tokio-runtime-worker cbc_consensus::proposer_factory: ProposerFactory: Combined 1 inherent + 0 transaction extrinsics (total: 1)    
2026-01-28 07:49:30.705 DEBUG tokio-runtime-worker cbc_consensus::proposer_factory: ProposerFactory: Building block with proper state root calculation    
2026-01-28 07:49:30.705 DEBUG tokio-runtime-worker cbc_consensus::proposer_factory: ProposerFactory: Starting block building process for block #11    
2026-01-28 07:49:30.705 DEBUG tokio-runtime-worker cbc_consensus::proposer_factory: ProposerFactory: Parent hash: 0x8383ccdda71598aa11a13de3f640246487521109f7d8944fba42cf3768e2da3d, Extrinsics count: 1    
2026-01-28 07:49:30.705 DEBUG tokio-runtime-worker cbc_consensus::proposer_factory: ProposerFactory: Created temporary header for block #11    
2026-01-28 07:49:30.705 DEBUG tokio-runtime-worker cbc_consensus::proposer_factory: ProposerFactory: Temp header - number: 11, parent: 0x8383ccdda71598aa11a13de3f640246487521109f7d8944fba42cf3768e2da3d    
2026-01-28 07:49:30.705 DEBUG tokio-runtime-worker cbc_consensus::proposer_factory: ProposerFactory: Initializing block in runtime state    
2026-01-28 07:49:30.705  INFO tokio-runtime-worker pallet_cbc_dcf::pallet: DCF: Finality advanced from 9 to 10 in epoch 1    
2026-01-28 07:49:30.705  INFO tokio-runtime-worker pallet_cbc_dcf::pallet: DCF: Progressive finalization advanced to block 10    
2026-01-28 07:49:30.705 DEBUG tokio-runtime-worker pallet_cbc_dcf::pallet: DCF: No deterministic sequence found for epoch 0, using legacy selection for block 11    
2026-01-28 07:49:30.705 DEBUG tokio-runtime-worker pallet_cbc_dcf::pallet: DCF: Selected legacy author d43593c715fdd31c61141abd04a99fd6822c8558854ccde39a5684e7a56da27d (5GrwvaEF...) for block 11 (Combined: 16, PoS: 0, PoI: 42, Target: 11/16)    
2026-01-28 07:49:30.705 DEBUG tokio-runtime-worker cbc_consensus::proposer_factory: ProposerFactory: Block initialized successfully    
2026-01-28 07:49:30.705 DEBUG tokio-runtime-worker cbc_consensus::proposer_factory: ProposerFactory: Applying 1 extrinsics to runtime state    
2026-01-28 07:49:30.705 DEBUG tokio-runtime-worker cbc_consensus::proposer_factory: ProposerFactory: Applying extrinsic 1 of 1    
2026-01-28 07:49:30.705 DEBUG tokio-runtime-worker cbc_consensus::proposer_factory: ProposerFactory: Successfully applied extrinsic 0    
2026-01-28 07:49:30.705 DEBUG tokio-runtime-worker cbc_consensus::proposer_factory: ProposerFactory: Applied 1 extrinsics successfully, 0 failed    
2026-01-28 07:49:30.705 DEBUG tokio-runtime-worker cbc_consensus::proposer_factory: ProposerFactory: Finalizing block to calculate state root and extrinsics root    
2026-01-28 07:49:30.705 DEBUG tokio-runtime-worker pallet_cbc_dcf::pallet: DCF: Processing on_finalize for block #11    
2026-01-28 07:49:30.705 DEBUG tokio-runtime-worker cbc_consensus::proposer_factory: ProposerFactory: Block finalized successfully    
2026-01-28 07:49:30.705 DEBUG tokio-runtime-worker cbc_consensus::proposer_factory: ProposerFactory: Final header - number: 11, state_root: 0x4a29698f941eab4500d7bc5fdec927a8b8c74b4c341ce2ceacce5ecf6b0dad99, extrinsics_root: 0x7b7238c3cc74a80adc25efdb2046fded1e95162309a0e5119486e969e53a8c15    
2026-01-28 07:49:30.705 DEBUG tokio-runtime-worker cbc_consensus::proposer_factory: ProposerFactory: Final header - parent_hash: 0x8383ccdda71598aa11a13de3f640246487521109f7d8944fba42cf3768e2da3d, digest logs: 0    
2026-01-28 07:49:30.705 DEBUG tokio-runtime-worker cbc_consensus::proposer_factory: ProposerFactory: Created final block with 1 extrinsics    
2026-01-28 07:49:30.705 DEBUG tokio-runtime-worker cbc_consensus::proposer_factory: ProposerFactory: Final block hash: 0xeaa040a984c4cd9c5c430678622b90f27dbad153f9d930a6818b2e375c9d088e    
2026-01-28 07:49:30.705 DEBUG tokio-runtime-worker cbc_consensus::proposer_factory: ProposerFactory: Validating built block structure    
2026-01-28 07:49:30.705 DEBUG tokio-runtime-worker cbc_consensus::proposer_factory: ProposerFactory: Block validation passed    
2026-01-28 07:49:30.705 DEBUG tokio-runtime-worker cbc_consensus::proposer_factory: ProposerFactory: - State root: 0x4a29698f941eab4500d7bc5fdec927a8b8c74b4c341ce2ceacce5ecf6b0dad99 (non-zero: true)    
2026-01-28 07:49:30.705 DEBUG tokio-runtime-worker cbc_consensus::proposer_factory: ProposerFactory: - Extrinsics root: 0x7b7238c3cc74a80adc25efdb2046fded1e95162309a0e5119486e969e53a8c15 (non-zero: true)    
2026-01-28 07:49:30.705 DEBUG tokio-runtime-worker cbc_consensus::proposer_factory: ProposerFactory: - Parent hash: 0x8383ccdda71598aa11a13de3f640246487521109f7d8944fba42cf3768e2da3d (non-zero: true)    
2026-01-28 07:49:30.705 DEBUG tokio-runtime-worker cbc_consensus::proposer_factory: ProposerFactory: - Block number: 11    
2026-01-28 07:49:30.705 DEBUG tokio-runtime-worker cbc_consensus::proposer_factory: ProposerFactory: - Extrinsics count: 1    
2026-01-28 07:49:30.705 DEBUG tokio-runtime-worker cbc_consensus::proposer_factory: ProposerFactory: Block building completed successfully for block #11    
2026-01-28 07:49:30.705 DEBUG tokio-runtime-worker cbc_consensus::proposer_factory: ProposerFactory: Performing final block validation    
2026-01-28 07:49:30.705 DEBUG tokio-runtime-worker cbc_consensus::proposer_factory: ProposerFactory: Validating final block    
2026-01-28 07:49:30.705 DEBUG tokio-runtime-worker cbc_consensus::proposer_factory: ProposerFactory: Final block validation passed    
2026-01-28 07:49:30.705 DEBUG tokio-runtime-worker cbc_consensus::proposer_factory: ProposerFactory: - Block number: 11    
2026-01-28 07:49:30.705 DEBUG tokio-runtime-worker cbc_consensus::proposer_factory: ProposerFactory: - Author: d43593c715fdd31c61141abd04a99fd6822c8558854ccde39a5684e7a56da27d (5GrwvaEF...)    
2026-01-28 07:49:30.705 DEBUG tokio-runtime-worker cbc_consensus::proposer_factory: ProposerFactory: - State root: 0x4a29698f941eab4500d7bc5fdec927a8b8c74b4c341ce2ceacce5ecf6b0dad99    
2026-01-28 07:49:30.705 DEBUG tokio-runtime-worker cbc_consensus::proposer_factory: ProposerFactory: - Extrinsics root: 0x7b7238c3cc74a80adc25efdb2046fded1e95162309a0e5119486e969e53a8c15    
2026-01-28 07:49:30.705 DEBUG tokio-runtime-worker cbc_consensus::proposer_factory: ProposerFactory: - Parent hash: 0x8383ccdda71598aa11a13de3f640246487521109f7d8944fba42cf3768e2da3d    
2026-01-28 07:49:30.705 DEBUG tokio-runtime-worker cbc_consensus::proposer_factory: ProposerFactory: - Extrinsics count: 1    
2026-01-28 07:49:30.705 DEBUG tokio-runtime-worker cbc_consensus::proposer_factory: ProposerFactory: Successfully created complete block #11 with author d43593c715fdd31c61141abd04a99fd6822c8558854ccde39a5684e7a56da27d (5GrwvaEF...)    
2026-01-28 07:49:30.705 DEBUG tokio-runtime-worker cbc_consensus::proposer_factory: ProposerFactory: Block hash: 0xeaa040a984c4cd9c5c430678622b90f27dbad153f9d930a6818b2e375c9d088e, state root: 0x4a29698f941eab4500d7bc5fdec927a8b8c74b4c341ce2ceacce5ecf6b0dad99    
2026-01-28 07:49:30.705 DEBUG tokio-runtime-worker cbc_consensus::dcf: DCF: Successfully created block with comprehensive method    
2026-01-28 07:49:30.705 DEBUG tokio-runtime-worker cbc_consensus::dcf: DCF: Block validation passed - state root: 0x4a29698f941eab4500d7bc5fdec927a8b8c74b4c341ce2ceacce5ecf6b0dad99, extrinsics root: 0x7b7238c3cc74a80adc25efdb2046fded1e95162309a0e5119486e969e53a8c15    
2026-01-28 07:49:30.705 DEBUG tokio-runtime-worker cbc_consensus::dcf: Created block #11 with 1 extrinsics, parent: 0x8383ccdda71598aa11a13de3f640246487521109f7d8944fba42cf3768e2da3d    
2026-01-28 07:49:30.705 DEBUG tokio-runtime-worker cbc_consensus::dcf: Block state root: 0x4a29698f941eab4500d7bc5fdec927a8b8c74b4c341ce2ceacce5ecf6b0dad99, extrinsics root: 0x7b7238c3cc74a80adc25efdb2046fded1e95162309a0e5119486e969e53a8c15    
2026-01-28 07:49:30.705 DEBUG tokio-runtime-worker cbc_consensus::dcf: Importing consensus block #11 (0xeaa040a984c4cd9c5c430678622b90f27dbad153f9d930a6818b2e375c9d088e) with parent 0x8383ccdda71598aa11a13de3f640246487521109f7d8944fba42cf3768e2da3d    
2026-01-28 07:49:30.706  INFO tokio-runtime-worker pallet_cbc_dcf::pallet: DCF: Finality advanced from 9 to 10 in epoch 1    
2026-01-28 07:49:30.706  INFO tokio-runtime-worker pallet_cbc_dcf::pallet: DCF: Progressive finalization advanced to block 10    
2026-01-28 07:49:30.706 DEBUG tokio-runtime-worker pallet_cbc_dcf::pallet: DCF: No deterministic sequence found for epoch 0, using legacy selection for block 11    
2026-01-28 07:49:30.706 DEBUG tokio-runtime-worker pallet_cbc_dcf::pallet: DCF: Selected legacy author d43593c715fdd31c61141abd04a99fd6822c8558854ccde39a5684e7a56da27d (5GrwvaEF...) for block 11 (Combined: 16, PoS: 0, PoI: 42, Target: 11/16)    
2026-01-28 07:49:30.706 DEBUG tokio-runtime-worker pallet_cbc_dcf::pallet: DCF: Processing on_finalize for block #11    
2026-01-28 07:49:30.706 DEBUG tokio-runtime-worker cbc_consensus::dcf: Block #11 successfully imported    
2026-01-28 07:49:30.706  INFO tokio-runtime-worker substrate: 🏆 Imported #11 (0x8383…da3d → 0xeaa0…088e)    
2026-01-28 07:49:30.706 DEBUG tokio-runtime-worker pallet_cbc_dcf::pallet: DCF: Recorded successful block authorship for block #11 by d43593c715fdd31c61141abd04a99fd6822c8558854ccde39a5684e7a56da27d (5GrwvaEF...)    
2026-01-28 07:49:30.707 DEBUG tokio-runtime-worker cbc_consensus::dcf: Recorded successful block authorship for validator d43593c715fdd31c61141abd04a99fd6822c8558854ccde39a5684e7a56da27d (5GrwvaEF...) at block #11    
2026-01-28 07:49:30.707 DEBUG tokio-runtime-worker cbc_consensus::dcf: Block #11 produced successfully by d43593c715fdd31c61141abd04a99fd6822c8558854ccde39a5684e7a56da27d (5GrwvaEF...)    
2026-01-28 07:49:30.707 DEBUG tokio-runtime-worker cbc_consensus::dcf: Validator stats - Combined: 26, PoS: 0, PoI: 42, Trust: 6169, Uptime: 0, Inferences: 0, Participation: 0%, Missed: 10    
2026-01-28 07:49:30.707 DEBUG tokio-runtime-worker cbc_consensus::dcf: Updated consensus state - Block: 11, Slot: 11, Total Blocks: 11, Author: d43593c715fdd31c61141abd04a99fd6822c8558854ccde39a5684e7a56da27d (5GrwvaEF...)    
2026-01-28 07:49:30.707 DEBUG tokio-runtime-worker cbc_consensus::dcf: Block #11 produced by d43593c715fdd31c61141abd04a99fd6822c8558854ccde39a5684e7a56da27d (5GrwvaEF...) in 2.808732ms    
2026-01-28 07:49:30.707 DEBUG tokio-runtime-worker cbc_consensus::dcf: Block production successful for author d43593c715fdd31c61141abd04a99fd6822c8558854ccde39a5684e7a56da27d (5GrwvaEF...)    
2026-01-28 07:49:35.438  INFO tokio-runtime-worker substrate: 💤 Idle (0 peers), best: #11 (0xeaa0…088e), finalized #0 (0x64ae…6965), ⬇ 0 ⬆ 0    
2026-01-28 07:49:36.745 DEBUG tokio-runtime-worker cbc_consensus::dcf: Time to produce block - interval: 6s, time since last: 6.039157432s    
2026-01-28 07:49:36.752 DEBUG tokio-runtime-worker pallet_cbc_dcf::pallet: DCF: No deterministic sequence found for epoch 0, using legacy selection for block 12    
2026-01-28 07:49:36.752 DEBUG tokio-runtime-worker pallet_cbc_dcf::pallet: DCF: Selected legacy author d43593c715fdd31c61141abd04a99fd6822c8558854ccde39a5684e7a56da27d (5GrwvaEF...) for block 12 (Combined: 16, PoS: 0, PoI: 42, Target: 12/16)    
2026-01-28 07:49:36.753 DEBUG tokio-runtime-worker cbc_consensus::dcf: DCF: Author d43593c715fdd31c61141abd04a99fd6822c8558854ccde39a5684e7a56da27d (5GrwvaEF...) has final score: 16    
2026-01-28 07:49:36.754 DEBUG tokio-runtime-worker cbc_consensus::dcf: DCF: Validator profile - Combined: 16, PoS: 0, PoI: 42, Trust: 6108, Uptime: 0, Inferences: 0, Participation: 0%, Missed: 10    
2026-01-28 07:49:36.754 DEBUG tokio-runtime-worker cbc_consensus::dcf: Creating block proposal #12 for author d43593c715fdd31c61141abd04a99fd6822c8558854ccde39a5684e7a56da27d (5GrwvaEF...)    
2026-01-28 07:49:36.754 DEBUG tokio-runtime-worker cbc_consensus::dcf: Using parent hash 0xeaa040a984c4cd9c5c430678622b90f27dbad153f9d930a6818b2e375c9d088e (block #11)    
2026-01-28 07:49:36.754 DEBUG tokio-runtime-worker cbc_consensus::dcf: DCF: Attempting to create block with comprehensive method    
2026-01-28 07:49:36.754 DEBUG tokio-runtime-worker cbc_consensus::proposer_factory: ProposerFactory: Starting complete block creation for slot 12    
2026-01-28 07:49:36.754 DEBUG tokio-runtime-worker cbc_consensus::proposer_factory: ProposerFactory: Creating block #12 with parent #11 (hash: 0xeaa040a984c4cd9c5c430678622b90f27dbad153f9d930a6818b2e375c9d088e)    
2026-01-28 07:49:36.754 DEBUG tokio-runtime-worker cbc_consensus::proposer_factory: ProposerFactory: Using forced author: d43593c715fdd31c61141abd04a99fd6822c8558854ccde39a5684e7a56da27d (5GrwvaEF...)    
2026-01-28 07:49:36.754 DEBUG tokio-runtime-worker cbc_consensus::proposer_factory: ProposerFactory: Creating inherent data    
2026-01-28 07:49:36.754 DEBUG tokio-runtime-worker cbc_consensus::inherent_providers: Added timestamp inherent: 1769586576754 ms    
2026-01-28 07:49:36.754 DEBUG tokio-runtime-worker cbc_consensus::inherent_providers: Successfully created inherent data with 1 providers    
2026-01-28 07:49:36.755 DEBUG tokio-runtime-worker cbc_consensus::proposer_factory: ProposerFactory: Created 1 inherent extrinsics    
2026-01-28 07:49:36.755 DEBUG tokio-runtime-worker cbc_consensus::proposer_factory: Collected 0 transactions from pool    
2026-01-28 07:49:36.755 DEBUG tokio-runtime-worker cbc_consensus::proposer_factory: ProposerFactory: Combined 1 inherent + 0 transaction extrinsics (total: 1)    
2026-01-28 07:49:36.755 DEBUG tokio-runtime-worker cbc_consensus::proposer_factory: ProposerFactory: Building block with proper state root calculation    
2026-01-28 07:49:36.755 DEBUG tokio-runtime-worker cbc_consensus::proposer_factory: ProposerFactory: Starting block building process for block #12    
2026-01-28 07:49:36.755 DEBUG tokio-runtime-worker cbc_consensus::proposer_factory: ProposerFactory: Parent hash: 0xeaa040a984c4cd9c5c430678622b90f27dbad153f9d930a6818b2e375c9d088e, Extrinsics count: 1    
2026-01-28 07:49:36.755 DEBUG tokio-runtime-worker cbc_consensus::proposer_factory: ProposerFactory: Created temporary header for block #12    
2026-01-28 07:49:36.755 DEBUG tokio-runtime-worker cbc_consensus::proposer_factory: ProposerFactory: Temp header - number: 12, parent: 0xeaa040a984c4cd9c5c430678622b90f27dbad153f9d930a6818b2e375c9d088e    
2026-01-28 07:49:36.755 DEBUG tokio-runtime-worker cbc_consensus::proposer_factory: ProposerFactory: Initializing block in runtime state    
2026-01-28 07:49:36.756  INFO tokio-runtime-worker pallet_cbc_dcf::pallet: DCF: Finality advanced from 10 to 11 in epoch 1    
2026-01-28 07:49:36.756  INFO tokio-runtime-worker pallet_cbc_dcf::pallet: DCF: Progressive finalization advanced to block 11    
2026-01-28 07:49:36.756 DEBUG tokio-runtime-worker pallet_cbc_dcf::pallet: DCF: No deterministic sequence found for epoch 0, using legacy selection for block 12    
2026-01-28 07:49:36.756 DEBUG tokio-runtime-worker pallet_cbc_dcf::pallet: DCF: Selected legacy author d43593c715fdd31c61141abd04a99fd6822c8558854ccde39a5684e7a56da27d (5GrwvaEF...) for block 12 (Combined: 16, PoS: 0, PoI: 42, Target: 12/16)    
2026-01-28 07:49:36.756 DEBUG tokio-runtime-worker cbc_consensus::proposer_factory: ProposerFactory: Block initialized successfully    
2026-01-28 07:49:36.756 DEBUG tokio-runtime-worker cbc_consensus::proposer_factory: ProposerFactory: Applying 1 extrinsics to runtime state    
2026-01-28 07:49:36.756 DEBUG tokio-runtime-worker cbc_consensus::proposer_factory: ProposerFactory: Applying extrinsic 1 of 1    
2026-01-28 07:49:36.757 DEBUG tokio-runtime-worker cbc_consensus::proposer_factory: ProposerFactory: Successfully applied extrinsic 0    
2026-01-28 07:49:36.757 DEBUG tokio-runtime-worker cbc_consensus::proposer_factory: ProposerFactory: Applied 1 extrinsics successfully, 0 failed    
2026-01-28 07:49:36.757 DEBUG tokio-runtime-worker cbc_consensus::proposer_factory: ProposerFactory: Finalizing block to calculate state root and extrinsics root    
2026-01-28 07:49:36.758 DEBUG tokio-runtime-worker pallet_cbc_dcf::pallet: DCF: Processing on_finalize for block #12    
2026-01-28 07:49:36.759 DEBUG tokio-runtime-worker cbc_consensus::proposer_factory: ProposerFactory: Block finalized successfully    
2026-01-28 07:49:36.759 DEBUG tokio-runtime-worker cbc_consensus::proposer_factory: ProposerFactory: Final header - number: 12, state_root: 0x80d53e2de39e004cc522a1e919505017fb1b2d8d892d8c7e3059df06828bb5b4, extrinsics_root: 0xe9ad75c055286fd10ec3e85ef1d6912ee4e54e57adeea32f35f74319cb732888    
2026-01-28 07:49:36.759 DEBUG tokio-runtime-worker cbc_consensus::proposer_factory: ProposerFactory: Final header - parent_hash: 0xeaa040a984c4cd9c5c430678622b90f27dbad153f9d930a6818b2e375c9d088e, digest logs: 0    
2026-01-28 07:49:36.759 DEBUG tokio-runtime-worker cbc_consensus::proposer_factory: ProposerFactory: Created final block with 1 extrinsics    
2026-01-28 07:49:36.759 DEBUG tokio-runtime-worker cbc_consensus::proposer_factory: ProposerFactory: Final block hash: 0x53d39881de55fbe1646aace3941e2b0d5607bd17790522ec5249ef990f842414    
2026-01-28 07:49:36.759 DEBUG tokio-runtime-worker cbc_consensus::proposer_factory: ProposerFactory: Validating built block structure    
2026-01-28 07:49:36.759 DEBUG tokio-runtime-worker cbc_consensus::proposer_factory: ProposerFactory: Block validation passed    
2026-01-28 07:49:36.759 DEBUG tokio-runtime-worker cbc_consensus::proposer_factory: ProposerFactory: - State root: 0x80d53e2de39e004cc522a1e919505017fb1b2d8d892d8c7e3059df06828bb5b4 (non-zero: true)    
2026-01-28 07:49:36.759 DEBUG tokio-runtime-worker cbc_consensus::proposer_factory: ProposerFactory: - Extrinsics root: 0xe9ad75c055286fd10ec3e85ef1d6912ee4e54e57adeea32f35f74319cb732888 (non-zero: true)    
2026-01-28 07:49:36.759 DEBUG tokio-runtime-worker cbc_consensus::proposer_factory: ProposerFactory: - Parent hash: 0xeaa040a984c4cd9c5c430678622b90f27dbad153f9d930a6818b2e375c9d088e (non-zero: true)    
2026-01-28 07:49:36.759 DEBUG tokio-runtime-worker cbc_consensus::proposer_factory: ProposerFactory: - Block number: 12    
2026-01-28 07:49:36.759 DEBUG tokio-runtime-worker cbc_consensus::proposer_factory: ProposerFactory: - Extrinsics count: 1    
2026-01-28 07:49:36.759 DEBUG tokio-runtime-worker cbc_consensus::proposer_factory: ProposerFactory: Block building completed successfully for block #12    
2026-01-28 07:49:36.759 DEBUG tokio-runtime-worker cbc_consensus::proposer_factory: ProposerFactory: Performing final block validation    
2026-01-28 07:49:36.759 DEBUG tokio-runtime-worker cbc_consensus::proposer_factory: ProposerFactory: Validating final block    
2026-01-28 07:49:36.759 DEBUG tokio-runtime-worker cbc_consensus::proposer_factory: ProposerFactory: Final block validation passed    
2026-01-28 07:49:36.759 DEBUG tokio-runtime-worker cbc_consensus::proposer_factory: ProposerFactory: - Block number: 12    
2026-01-28 07:49:36.759 DEBUG tokio-runtime-worker cbc_consensus::proposer_factory: ProposerFactory: - Author: d43593c715fdd31c61141abd04a99fd6822c8558854ccde39a5684e7a56da27d (5GrwvaEF...)    
2026-01-28 07:49:36.759 DEBUG tokio-runtime-worker cbc_consensus::proposer_factory: ProposerFactory: - State root: 0x80d53e2de39e004cc522a1e919505017fb1b2d8d892d8c7e3059df06828bb5b4    
2026-01-28 07:49:36.759 DEBUG tokio-runtime-worker cbc_consensus::proposer_factory: ProposerFactory: - Extrinsics root: 0xe9ad75c055286fd10ec3e85ef1d6912ee4e54e57adeea32f35f74319cb732888    
2026-01-28 07:49:36.759 DEBUG tokio-runtime-worker cbc_consensus::proposer_factory: ProposerFactory: - Parent hash: 0xeaa040a984c4cd9c5c430678622b90f27dbad153f9d930a6818b2e375c9d088e    
2026-01-28 07:49:36.759 DEBUG tokio-runtime-worker cbc_consensus::proposer_factory: ProposerFactory: - Extrinsics count: 1    
2026-01-28 07:49:36.759 DEBUG tokio-runtime-worker cbc_consensus::proposer_factory: ProposerFactory: Successfully created complete block #12 with author d43593c715fdd31c61141abd04a99fd6822c8558854ccde39a5684e7a56da27d (5GrwvaEF...)    
2026-01-28 07:49:36.759 DEBUG tokio-runtime-worker cbc_consensus::proposer_factory: ProposerFactory: Block hash: 0x53d39881de55fbe1646aace3941e2b0d5607bd17790522ec5249ef990f842414, state root: 0x80d53e2de39e004cc522a1e919505017fb1b2d8d892d8c7e3059df06828bb5b4    
2026-01-28 07:49:36.759 DEBUG tokio-runtime-worker cbc_consensus::dcf: DCF: Successfully created block with comprehensive method    
2026-01-28 07:49:36.759 DEBUG tokio-runtime-worker cbc_consensus::dcf: DCF: Block validation passed - state root: 0x80d53e2de39e004cc522a1e919505017fb1b2d8d892d8c7e3059df06828bb5b4, extrinsics root: 0xe9ad75c055286fd10ec3e85ef1d6912ee4e54e57adeea32f35f74319cb732888    
2026-01-28 07:49:36.759 DEBUG tokio-runtime-worker cbc_consensus::dcf: Created block #12 with 1 extrinsics, parent: 0xeaa040a984c4cd9c5c430678622b90f27dbad153f9d930a6818b2e375c9d088e    
2026-01-28 07:49:36.759 DEBUG tokio-runtime-worker cbc_consensus::dcf: Block state root: 0x80d53e2de39e004cc522a1e919505017fb1b2d8d892d8c7e3059df06828bb5b4, extrinsics root: 0xe9ad75c055286fd10ec3e85ef1d6912ee4e54e57adeea32f35f74319cb732888    
2026-01-28 07:49:36.759 DEBUG tokio-runtime-worker cbc_consensus::dcf: Importing consensus block #12 (0x53d39881de55fbe1646aace3941e2b0d5607bd17790522ec5249ef990f842414) with parent 0xeaa040a984c4cd9c5c430678622b90f27dbad153f9d930a6818b2e375c9d088e    
2026-01-28 07:49:36.760  INFO tokio-runtime-worker pallet_cbc_dcf::pallet: DCF: Finality advanced from 10 to 11 in epoch 1    
2026-01-28 07:49:36.760  INFO tokio-runtime-worker pallet_cbc_dcf::pallet: DCF: Progressive finalization advanced to block 11    
2026-01-28 07:49:36.760 DEBUG tokio-runtime-worker pallet_cbc_dcf::pallet: DCF: No deterministic sequence found for epoch 0, using legacy selection for block 12    
2026-01-28 07:49:36.760 DEBUG tokio-runtime-worker pallet_cbc_dcf::pallet: DCF: Selected legacy author d43593c715fdd31c61141abd04a99fd6822c8558854ccde39a5684e7a56da27d (5GrwvaEF...) for block 12 (Combined: 16, PoS: 0, PoI: 42, Target: 12/16)    
2026-01-28 07:49:36.760 DEBUG tokio-runtime-worker pallet_cbc_dcf::pallet: DCF: Processing on_finalize for block #12    
2026-01-28 07:49:36.763 DEBUG tokio-runtime-worker cbc_consensus::dcf: Block #12 successfully imported    
2026-01-28 07:49:36.764  INFO tokio-runtime-worker substrate: 🏆 Imported #12 (0xeaa0…088e → 0x53d3…2414)    
2026-01-28 07:49:36.764 DEBUG tokio-runtime-worker pallet_cbc_dcf::pallet: DCF: Recorded successful block authorship for block #12 by d43593c715fdd31c61141abd04a99fd6822c8558854ccde39a5684e7a56da27d (5GrwvaEF...)    
2026-01-28 07:49:36.764 DEBUG tokio-runtime-worker cbc_consensus::dcf: Recorded successful block authorship for validator d43593c715fdd31c61141abd04a99fd6822c8558854ccde39a5684e7a56da27d (5GrwvaEF...) at block #12    
2026-01-28 07:49:36.778 DEBUG tokio-runtime-worker cbc_consensus::dcf: Block #12 produced successfully by d43593c715fdd31c61141abd04a99fd6822c8558854ccde39a5684e7a56da27d (5GrwvaEF...)    
2026-01-28 07:49:36.778 DEBUG tokio-runtime-worker cbc_consensus::dcf: Validator stats - Combined: 26, PoS: 0, PoI: 42, Trust: 6169, Uptime: 0, Inferences: 0, Participation: 0%, Missed: 11    
2026-01-28 07:49:36.778 DEBUG tokio-runtime-worker cbc_consensus::dcf: Updated consensus state - Block: 12, Slot: 12, Total Blocks: 12, Author: d43593c715fdd31c61141abd04a99fd6822c8558854ccde39a5684e7a56da27d (5GrwvaEF...)    
2026-01-28 07:49:36.779 DEBUG tokio-runtime-worker cbc_consensus::dcf: Block #12 produced by d43593c715fdd31c61141abd04a99fd6822c8558854ccde39a5684e7a56da27d (5GrwvaEF...) in 26.999513ms    
2026-01-28 07:49:36.779 DEBUG tokio-runtime-worker cbc_consensus::dcf: Block production successful for author d43593c715fdd31c61141abd04a99fd6822c8558854ccde39a5684e7a56da27d (5GrwvaEF...)    
2026-01-28 07:49:40.380 DEBUG tokio-runtime-worker cbc_node::block_tracker: Block Tracker: Processing 2 new blocks (#11 to #12)    
2026-01-28 07:49:40.381 DEBUG tokio-runtime-worker cbc_node::block_tracker: Block Tracker: Updated stats for validator d43593c715fdd31c61141abd04a99fd6822c8558854ccde39a5684e7a56da27d (5GrwvaEF...) - Authored: 0 (+0), Missed: 11 (+2), Rate: 0.00%    
2026-01-28 07:49:40.381  WARN tokio-runtime-worker cbc_node::block_tracker: Block Tracker: Validator d43593c715fdd31c61141abd04a99fd6822c8558854ccde39a5684e7a56da27d (5GrwvaEF...) underperforming - Participation rate: 0.00% (threshold: 80.00%)    
2026-01-28 07:49:40.381  WARN tokio-runtime-worker cbc_node::block_tracker: Block Tracker: Validator d43593c715fdd31c61141abd04a99fd6822c8558854ccde39a5684e7a56da27d (5GrwvaEF...) has 11 consecutive missed blocks (threshold: 3)    
2026-01-28 07:49:40.439  INFO tokio-runtime-worker substrate: 💤 Idle (0 peers), best: #12 (0x53d3…2414), finalized #0 (0x64ae…6965), ⬇ 0 ⬆ 0    
