CBC Node Startup Information
================================
Node Version:     0.1.0
Runtime Version:  0.1.0
Chain:            CBC Chain
Role:             Node
Timestamp:        1773040649
================================
[2026-03-22T07:17:29.671Z] [ThreadId(1)] ============== [CBC-TRACE] 1. [main.rs] Node entry point - main.rs started ==============
[2026-03-22T07:17:29.671Z] [ThreadId(1)] ============== [CBC-TRACE] 2. [main.rs] CLI configuration parsed ==============
[2026-03-22T07:17:29.671Z] [ThreadId(1)] ============== [CBC-TRACE] 3. [main.rs] Logging system configured ==============
[2026-03-22T07:17:29.671Z] [ThreadId(1)] ============== [CBC-TRACE] 4. [main.rs] Node metadata initialized ==============
[2026-03-22T07:17:29.671Z] [ThreadId(1)] ============== [CBC-TRACE] 5. [main.rs] Command execution started ==============
2026-03-09 07:17:29 CBC CHAIN    
2026-03-09 07:17:29 ✌️  version 0.1.0    
2026-03-09 07:17:29 ❤️  by Caerulean ByteChains Private Limited, 2025-2026    
2026-03-09 07:17:29 📋 Chain specification: CBC Local Testnet    
2026-03-09 07:17:29 🏷  Node name: Alice    
2026-03-09 07:17:29 👤 Role: AUTHORITY    
2026-03-09 07:17:29 💾 Database: RocksDb at /tmp/alice/chains/cbc_local/db/full    
2026-03-09 07:17:36 ============== [CBC-TRACE] 10.1 [pallet-cbc-dcf::genesis_build] Genesis block validation started ==============    
2026-03-09 07:17:36 Genesis configuration validation passed    
2026-03-09 07:17:36 ============== [CBC-TRACE] 10.2 [pallet-cbc-dcf::genesis_build] Genesis configuration loaded ==============    
2026-03-09 07:17:36   Validator count: 3    
2026-03-09 07:17:36   Epoch: 0    
2026-03-09 07:17:36   Blocks per epoch: 100    
2026-03-09 07:17:36 ============== [CBC-TRACE] 10.3.1 [pallet-cbc-dcf::genesis_build] Genesis validator 1 initialized ==============    
2026-03-09 07:17:36   Account ID: 88dc3417d5058ec4b4503e0c12ea1a0a89be200fe98922423d4334014fa6b0ee (5FA9nQDV...)    
2026-03-09 07:17:36   Stake: 10000000000000000000    
2026-03-09 07:17:36   Initial score: 80    
2026-03-09 07:17:36   PoS score: 10000000000000000    
2026-03-09 07:17:36   PoI score: 80    
2026-03-09 07:17:36   Combined DCF score: 31    
2026-03-09 07:17:36 Genesis validator 88dc3417d5058ec4b4503e0c12ea1a0a89be200fe98922423d4334014fa6b0ee (5FA9nQDV...) initialized with stake: 10000000000000000000, final_score: 31, name: None    
2026-03-09 07:17:36 ============== [CBC-TRACE] 10.3.2 [pallet-cbc-dcf::genesis_build] Genesis validator 2 initialized ==============    
2026-03-09 07:17:36   Account ID: d17c2d7823ebf260fd138f2d7e27d114c0145d968b5ff5006125f2414fadae69 (5GoNkf6W...)    
2026-03-09 07:17:36   Stake: 8000000000000000000    
2026-03-09 07:17:36   Initial score: 80    
2026-03-09 07:17:36   PoS score: 8000000000000000    
2026-03-09 07:17:36   PoI score: 80    
2026-03-09 07:17:36   Combined DCF score: 31    
2026-03-09 07:17:36 Genesis validator d17c2d7823ebf260fd138f2d7e27d114c0145d968b5ff5006125f2414fadae69 (5GoNkf6W...) initialized with stake: 8000000000000000000, final_score: 31, name: None    
2026-03-09 07:17:36 ============== [CBC-TRACE] 10.3.3 [pallet-cbc-dcf::genesis_build] Genesis validator 3 initialized ==============    
2026-03-09 07:17:36   Account ID: 439660b36c6c03afafca027b910b4fecf99801834c62a5e6006f27d978de234f (5DbKjhNL...)    
2026-03-09 07:17:36   Stake: 6000000000000000000    
2026-03-09 07:17:36   Initial score: 80    
2026-03-09 07:17:36   PoS score: 6000000000000000    
2026-03-09 07:17:36   PoI score: 80    
2026-03-09 07:17:36   Combined DCF score: 31    
2026-03-09 07:17:36 Genesis validator 439660b36c6c03afafca027b910b4fecf99801834c62a5e6006f27d978de234f (5DbKjhNL...) initialized with stake: 6000000000000000000, final_score: 31, name: None    
2026-03-09 07:17:36 ============== [CBC-TRACE] 10.4 [pallet-cbc-dcf::genesis_build] PoS scores calculated for all genesis validators ==============    
2026-03-09 07:17:36 ============== [CBC-TRACE] 10.5 [pallet-cbc-dcf::genesis_build] PoI scores calculated for all genesis validators ==============    
2026-03-09 07:17:36 ============== [CBC-TRACE] 10.6 [pallet-cbc-dcf::genesis_build] Combined DCF scores computed for all validators ==============    
2026-03-09 07:17:36   PoS weight: 6000    
2026-03-09 07:17:36   PoI weight: 4000    
2026-03-09 07:17:36 ============== [CBC-TRACE] 10.7 [pallet-cbc-dcf::genesis_build] Deterministic author sequence generated for epoch 0 ==============    
2026-03-09 07:17:36   Sequence length: 100    
2026-03-09 07:17:36 DCF: Generated deterministic author sequence for epoch 0 with 100 authors    
2026-03-09 07:17:36 ============== [CBC-TRACE] 10.8 [pallet-cbc-dcf::genesis_build] Genesis block created ==============    
2026-03-09 07:17:36   Note: Block hash and state root will be computed by runtime after genesis build completes    
2026-03-09 07:17:36 ============== [CBC-TRACE] 10.9 [pallet-cbc-dcf::genesis_build] Genesis validation completed successfully ==============    
2026-03-09 07:17:36 DCF Genesis completed: 3 validators initialized in epoch 0    
2026-03-09 07:17:36 DVF genesis initializing with 3 validators    
2026-03-09 07:17:36 DVF genesis initialization complete - EpochVotingWeight populated for epoch 0    
[2026-03-22T07:17:29.676Z] [ThreadId(1)] ============== [CBC-TRACE] 6. [service.rs::new_full] Full service initialization started ==============
[2026-03-22T07:17:29.676Z] [ThreadId(1)] ============== [CBC-TRACE] 7. [service.rs::new_partial] Partial node components initialization started ==============
[2026-03-22T07:17:29.676Z] [ThreadId(1)] ============== [CBC-TRACE] 8. [service.rs::new_partial] Telemetry endpoints configured (none) ==============
[2026-03-22T07:17:29.676Z] [ThreadId(1)] ============== [CBC-TRACE] 9. [service.rs::new_partial] WASM executor initialized ==============
[2026-03-22T07:17:37.673Z] [ThreadId(1)] ============== [CBC-TRACE] 10. [service.rs::new_partial] Client and backend initialized ==============
[2026-03-22T07:17:37.673Z] [ThreadId(1)] ============== [CBC-TRACE] 11. [service.rs::new_partial] Keystore container created ==============
[2026-03-22T07:17:37.673Z] [ThreadId(1)] ============== [CBC-TRACE] 12. [service.rs::new_partial] Chain selection strategy initialized ==============
[2026-03-22T07:17:37.674Z] [ThreadId(1)] ============== [CBC-TRACE] 13. [service.rs::new_partial] Transaction pool initialized ==============
[2026-03-22T07:17:37.674Z] [ThreadId(1)] ============== [CBC-TRACE] 14. [service.rs::new_partial] Prometheus consensus metrics registered ==============
[2026-03-22T07:17:37.674Z] [ThreadId(1)] ============== [CBC-TRACE] 15. [service.rs::new_partial] DCF import queue initialized ==============
[2026-03-22T07:17:37.674Z] [ThreadId(1)] ============== [CBC-TRACE] 16. [service.rs::new_partial] Partial node components ready ==============
2026-03-09 07:17:37 🔨 Initializing Genesis block/state (state: 0xdfe6…d195, header-hash: 0x289f…87d1)    
2026-03-09 07:17:37  creating SingleState txpool Limit { count: 8192, total_bytes: 20971520 }/Limit { count: 819, total_bytes: 2097152 }.    
2026-03-09 07:17:37 CBC: Consensus metrics initialized successfully in new_partial    
2026-03-09 07:17:37 DVF: Validating configuration parameters...    
2026-03-09 07:17:37 === DVF Configuration ===    
2026-03-09 07:17:37   FinalityCheckpointInterval: 10 blocks    
2026-03-09 07:17:37   FinalityThreshold: 67.00%    
2026-03-09 07:17:37   StakeWeightFactor: 1    
2026-03-09 07:17:37   ScoreWeightFactor: 1000    
2026-03-09 07:17:37   VoteRetentionRounds: 20    
2026-03-09 07:17:37 =========================    
2026-03-09 07:17:37 DVF: Configuration validation passed successfully    
2026-03-09 07:17:37 🏷  Local node identity is: 12D3KooWE86jS9BVyhwhkh9L3JtBfxzBAjWkQvDEvGVdjkvn5dnk    
2026-03-09 07:17:37 Running libp2p network backend    
2026-03-09 07:17:37 local_peer_id=12D3KooWE86jS9BVyhwhkh9L3JtBfxzBAjWkQvDEvGVdjkvn5dnk
2026-03-09 07:17:37 DVF: Generating ed25519 key for Alice    
2026-03-09 07:17:37 DVF: Generated and inserted ed25519 key: 5FA9nQDVg267DEd8m1ZypXLBnvN7SFxYwV7ndqSYGiN9TTpu    
2026-03-09 07:17:37 DVF Finality Notifier: Initializing    
2026-03-09 07:17:37 DVF Vote Creator: Initializing service for validator 88dc3417d5058ec4b4503e0c12ea1a0a89be200fe98922423d4334014fa6b0ee (5FA9nQDV...)    
2026-03-09 07:17:37 DVF: Vote Creator Service started for validator 88dc3417d5058ec4b4503e0c12ea1a0a89be200fe98922423d4334014fa6b0ee (5FA9nQDV...)    
2026-03-09 07:17:37 DVF Justification Builder: Initializing    
2026-03-09 07:17:37 DVF Vote Aggregator: Initializing service with check interval 1s    
2026-03-09 07:17:37 DVF: Vote Aggregator Service started    
2026-03-09 07:17:37 DVF Vote Pool Pruning Service: Initializing    
2026-03-09 07:17:37 DVF: Vote Pool Pruning Service started    
2026-03-09 07:17:37 DVF Vote Creator: Starting service    
2026-03-09 07:17:37 DVF Vote Pool Pruning Service: Starting service    
2026-03-09 07:17:37 DVF Vote Aggregator: Starting service    
2026-03-09 07:17:37 DVF Vote Aggregator: ===== Checking vote accumulation for round 0 =====    
2026-03-09 07:17:37 DVF Vote Aggregator: Total weight: 24000000000000240000, Finality threshold: 16080000000000160800 (67% of total)    
2026-03-09 07:17:37 DVF Vote Aggregator: Found 0 candidate blocks for round 0    
2026-03-09 07:17:37 DVF Vote Aggregator: Vote pool size: 0 votes total    
[2026-03-22T07:17:37.674Z] [ThreadId(1)] ============== [CBC-TRACE] 17. [service.rs::new_full] Network configuration prepared ==============
[2026-03-22T07:17:37.677Z] [ThreadId(1)] ============== [CBC-TRACE] 18. [service.rs::new_full] P2P network layer initialized ==============
[2026-03-22T07:17:37.677Z] [ThreadId(1)] ============== [CBC-TRACE] 19. [service.rs::new_full] Block synchronization service started ==============
[2026-03-22T07:17:37.773Z] [ThreadId(1)] ============== [CBC-TRACE] 20. [service.rs::new_full] Offchain workers spawned ==============
[2026-03-22T07:17:37.773Z] [ThreadId(1)] ============== [CBC-TRACE] 21. [service.rs::new_full] DCF consensus parameters set ==============
[2026-03-22T07:17:37.773Z] [ThreadId(1)] ============== [CBC-TRACE] 22. [service.rs::new_full] DCF consensus engine initialized ==============
[2026-03-22T07:17:37.773Z] [ThreadId(1)] ============== [CBC-TRACE] 23. [service.rs::new_full] Consensus engine task started ==============
[2026-03-22T07:17:37.773Z] [ThreadId(1)] ============== [CBC-TRACE] 24. [service.rs::new_full] Metrics updater task started ==============
[2026-03-22T07:17:37.773Z] [ThreadId(1)] ============== [CBC-TRACE] 25. [service.rs::new_full] Block authoring tracker started ==============
[2026-03-22T07:17:37.773Z] [ThreadId(1)] ============== [CBC-TRACE] 26. [service.rs::new_full] DCF finality sync service started ==============
[2026-03-22T07:17:37.773Z] [ThreadId(1)] ============== [CBC-TRACE] 27. [service.rs::new_full] RPC extensions configured ==============
[2026-03-22T07:17:37.773Z] [ThreadId(4)] ============== [CBC-TRACE] 40. [dcf.rs::run] Consensus loop iteration started for block 1 ==============
[2026-03-22T07:17:37.773Z] [ThreadId(4)] ============== [CBC-TRACE] 41. [dcf.rs::run] Active validators retrieved: 3 validators ==============
[2026-03-22T07:17:37.773Z] [ThreadId(4)] ============== [CBC-TRACE] 42. [dcf.rs::run] Author selection for block 1 started ==============
[2026-03-22T07:17:37.775Z] [ThreadId(4)] ============== [CBC-TRACE] 43. [dcf.rs::run] Expected author selected: 88dc3417d5058ec4b4503e0c12ea1a0a89be200fe98922423d4334014fa6b0ee (5FA9nQDV...) (method: runtime_deterministic) ==============
[2026-03-22T07:17:37.775Z] [ThreadId(4)] ============== [CBC-TRACE] 44. [dcf.rs::run] Block production triggered for block 1 ==============
[2026-03-22T07:17:37.778Z] [ThreadId(4)] ============== [CBC-TRACE] 45. [proposer_factory.rs::create_complete_block] Proposer factory create_complete_block entered ==============
[2026-03-22T07:17:37.778Z] [ThreadId(4)] ============== [CBC-TRACE] 46. [proposer_factory.rs::create_complete_block] Inherent data generated ==============
[2026-03-22T07:17:37.778Z] [ThreadId(4)] ============== [CBC-TRACE] 47. [proposer_factory.rs::create_complete_block] Transactions harvested from mempool (0 transactions) ==============
[2026-03-22T07:17:37.778Z] [ThreadId(4)] ============== [CBC-TRACE] 48. [proposer_factory.rs::create_complete_block] PreRuntime author digest added to header ==============
[2026-03-22T07:17:37.778Z] [ThreadId(4)] ============== [CBC-TRACE] 49. [proposer_factory.rs::create_complete_block] Substrate build_block executing ==============
[2026-03-22T07:17:37.779Z] [ThreadId(4)] ============== [CBC-TRACE] 50. [proposer_factory.rs::build_block_with_state_root] State root computed for block 1 ==============
[2026-03-22T07:17:37.779Z] [ThreadId(4)] ============== [CBC-TRACE] 51. [proposer_factory.rs::build_block_with_state_root] Block 1 sealed successfully ==============
[2026-03-22T07:17:37.779Z] [ThreadId(4)] ============== [CBC-TRACE] 52. [proposer_factory.rs::create_complete_block] Block 1 dispatched to import pipeline ==============
[2026-03-22T07:17:37.780Z] [ThreadId(4)] ============== [CBC-TRACE] 53. [dcf.rs::update_consensus_state] Consensus state updated after block production (block: 1, slot: 1, total: 1) ==============
[2026-03-22T07:17:37.780Z] [ThreadId(4)] ============== [CBC-TRACE] 54. [dcf.rs::update_consensus_state] Author scores updated - PoS: 10000000000000000, PoI: 80, Combined: 51, Trust: 7416, Uptime: 100, Inferences: 0, Participation: 100%, Missed: 0 ==============
[2026-03-22T07:17:37.806Z] [ThreadId(1)] ============== [CBC-TRACE] 28. [service.rs::new_full] All service tasks spawned successfully ==============
[2026-03-22T07:17:37.806Z] [ThreadId(1)] ============== [CBC-TRACE] 29. [service.rs::new_full] Full node service operational ==============
2026-03-09 07:17:37 DCF: Consensus monitoring active. Block production handled by Substrate's default mechanisms.    
2026-03-09 07:17:37 CBC: Starting real PoS+PoI consensus engine for block production    
2026-03-09 07:17:37 CBC: Starting consensus metrics updater    
2026-03-09 07:17:37 CBC: Starting block authoring tracking service    
2026-03-09 07:17:37 Block Tracker: Starting block authoring tracking service    
2026-03-09 07:17:37 DVF: Starting finality sync service    
2026-03-09 07:17:37 DVF: Performing initial finality sync on startup    
2026-03-09 07:17:37 DVF Startup Sync: Client finalized head is up to date at block #0    
2026-03-09 07:17:37 Producing block #1 with author 88dc3417d5058ec4b4503e0c12ea1a0a89be200fe98922423d4334014fa6b0ee (5FA9nQDV...)    
2026-03-09 07:17:37 ProposerFactory: Successfully created block #1 with 1 extrinsics    
2026-03-09 07:17:37 💻 Operating system: linux    
2026-03-09 07:17:37 💻 CPU architecture: x86_64    
2026-03-09 07:17:37 💻 Target environment: gnu    
2026-03-09 07:17:37 💻 CPU: Intel(R) Xeon(R) E-2224G CPU @ 3.50GHz    
2026-03-09 07:17:37 💻 CPU cores: 6    
2026-03-09 07:17:37 💻 Memory: 9943MB    
2026-03-09 07:17:37 💻 Kernel: 6.17.0-14-generic    
2026-03-09 07:17:37 💻 Linux distribution: Ubuntu 24.04.4 LTS    
2026-03-09 07:17:37 💻 Virtual machine: yes    
2026-03-09 07:17:37 📦 Highest known block at #0    
2026-03-09 07:17:37 〽️ Prometheus exporter started at 127.0.0.1:9615    
2026-03-09 07:17:37 Running JSON-RPC server: addr=0.0.0.0:9944,[::]:35673    
2026-03-09 07:17:38 Failed to trigger bootstrap: No known peers.
2026-03-09 07:17:38 DVF Vote Aggregator: ===== Checking vote accumulation for round 0 =====    
2026-03-09 07:17:38 DVF Vote Aggregator: Total weight: 24000000000000240000, Finality threshold: 16080000000000160800 (67% of total)    
2026-03-09 07:17:38 DVF Vote Aggregator: Found 0 candidate blocks for round 0    
2026-03-09 07:17:38 DVF Vote Aggregator: Vote pool size: 0 votes total    
2026-03-09 07:17:39 DVF Vote Aggregator: ===== Checking vote accumulation for round 0 =====    
2026-03-09 07:17:39 DVF Vote Aggregator: Total weight: 24000000000000240000, Finality threshold: 16080000000000160800 (67% of total)    
2026-03-09 07:17:39 DVF Vote Aggregator: Found 0 candidate blocks for round 0    
2026-03-09 07:17:39 DVF Vote Aggregator: Vote pool size: 0 votes total    
2026-03-09 07:17:40 DVF Vote Aggregator: ===== Checking vote accumulation for round 0 =====    
2026-03-09 07:17:40 DVF Vote Aggregator: Total weight: 24000000000000240000, Finality threshold: 16080000000000160800 (67% of total)    
2026-03-09 07:17:40 DVF Vote Aggregator: Found 0 candidate blocks for round 0    
2026-03-09 07:17:40 DVF Vote Aggregator: Vote pool size: 0 votes total    
2026-03-09 07:17:41 DVF Vote Aggregator: ===== Checking vote accumulation for round 0 =====    
2026-03-09 07:17:41 DVF Vote Aggregator: Total weight: 24000000000000240000, Finality threshold: 16080000000000160800 (67% of total)    
2026-03-09 07:17:41 DVF Vote Aggregator: Found 0 candidate blocks for round 0    
2026-03-09 07:17:41 DVF Vote Aggregator: Vote pool size: 0 votes total    
2026-03-09 07:17:42 DVF Vote Aggregator: ===== Checking vote accumulation for round 0 =====    
2026-03-09 07:17:42 DVF Vote Aggregator: Total weight: 24000000000000240000, Finality threshold: 16080000000000160800 (67% of total)    
2026-03-09 07:17:42 DVF Vote Aggregator: Found 0 candidate blocks for round 0    
2026-03-09 07:17:42 DVF Vote Aggregator: Vote pool size: 0 votes total    
2026-03-09 07:17:42 💤 Idle (0 peers), best: #1 (0xfebb…f029), finalized #0 (0x289f…87d1), ⬇ 0 ⬆ 0    
2026-03-09 07:17:43 DVF Vote Aggregator: ===== Checking vote accumulation for round 0 =====    
2026-03-09 07:17:43 DVF Vote Aggregator: Total weight: 24000000000000240000, Finality threshold: 16080000000000160800 (67% of total)    
2026-03-09 07:17:43 DVF Vote Aggregator: Found 0 candidate blocks for round 0    
2026-03-09 07:17:43 DVF Vote Aggregator: Vote pool size: 0 votes total    
[2026-03-22T07:17:43.777Z] [ThreadId(6)] ============== [CBC-TRACE] 65. [service.rs::dvf-finality-sync] Finality check iteration started ==============
2026-03-09 07:17:43 ProposerFactory: Successfully created block #2 with 1 extrinsics    
2026-03-09 07:17:43 🏆 Imported #2 (0xfebb…f029 → 0x403b…5d8d)    
2026-03-09 07:17:44 DVF Vote Aggregator: ===== Checking vote accumulation for round 0 =====    
2026-03-09 07:17:44 DVF Vote Aggregator: Total weight: 24000000000000240000, Finality threshold: 16080000000000160800 (67% of total)    
2026-03-09 07:17:44 DVF Vote Aggregator: Found 0 candidate blocks for round 0    
2026-03-09 07:17:44 DVF Vote Aggregator: Vote pool size: 0 votes total    
2026-03-09 07:17:45 DVF Vote Aggregator: ===== Checking vote accumulation for round 0 =====    
2026-03-09 07:17:45 DVF Vote Aggregator: Total weight: 24000000000000240000, Finality threshold: 16080000000000160800 (67% of total)    
2026-03-09 07:17:45 DVF Vote Aggregator: Found 0 candidate blocks for round 0    
2026-03-09 07:17:45 DVF Vote Aggregator: Vote pool size: 0 votes total    
2026-03-09 07:17:46 DVF Vote Aggregator: ===== Checking vote accumulation for round 0 =====    
2026-03-09 07:17:46 DVF Vote Aggregator: Total weight: 24000000000000240000, Finality threshold: 16080000000000160800 (67% of total)    
2026-03-09 07:17:46 DVF Vote Aggregator: Found 0 candidate blocks for round 0    
2026-03-09 07:17:46 DVF Vote Aggregator: Vote pool size: 0 votes total    
2026-03-09 07:17:47 discovered peer on address peer=12D3KooWC4du4Ev3dMfKqRpcK1p7DuAVfWhGZdLSsEsyP5RQmNcw address=/ip4/10.0.2.15/tcp/30334/p2p/12D3KooWC4du4Ev3dMfKqRpcK1p7DuAVfWhGZdLSsEsyP5RQmNcw
2026-03-09 07:17:47 discovered peer on address peer=12D3KooWC4du4Ev3dMfKqRpcK1p7DuAVfWhGZdLSsEsyP5RQmNcw address=/ip4/172.21.0.1/tcp/30334/p2p/12D3KooWC4du4Ev3dMfKqRpcK1p7DuAVfWhGZdLSsEsyP5RQmNcw
2026-03-09 07:17:47 discovered peer on address peer=12D3KooWC4du4Ev3dMfKqRpcK1p7DuAVfWhGZdLSsEsyP5RQmNcw address=/ip4/172.19.0.1/tcp/30334/p2p/12D3KooWC4du4Ev3dMfKqRpcK1p7DuAVfWhGZdLSsEsyP5RQmNcw
2026-03-09 07:17:47 discovered peer on address peer=12D3KooWC4du4Ev3dMfKqRpcK1p7DuAVfWhGZdLSsEsyP5RQmNcw address=/ip4/172.17.0.1/tcp/30334/p2p/12D3KooWC4du4Ev3dMfKqRpcK1p7DuAVfWhGZdLSsEsyP5RQmNcw
2026-03-09 07:17:47 discovered peer on address peer=12D3KooWC4du4Ev3dMfKqRpcK1p7DuAVfWhGZdLSsEsyP5RQmNcw address=/ip4/172.18.0.1/tcp/30334/p2p/12D3KooWC4du4Ev3dMfKqRpcK1p7DuAVfWhGZdLSsEsyP5RQmNcw
2026-03-09 07:17:47 discovered peer on address peer=12D3KooWC4du4Ev3dMfKqRpcK1p7DuAVfWhGZdLSsEsyP5RQmNcw address=/ip4/172.20.0.1/tcp/30334/p2p/12D3KooWC4du4Ev3dMfKqRpcK1p7DuAVfWhGZdLSsEsyP5RQmNcw
2026-03-09 07:17:47 DVF Vote Aggregator: ===== Checking vote accumulation for round 0 =====    
2026-03-09 07:17:47 DVF Vote Aggregator: Total weight: 24000000000000240000, Finality threshold: 16080000000000160800 (67% of total)    
2026-03-09 07:17:47 DVF Vote Aggregator: Found 0 candidate blocks for round 0    
2026-03-09 07:17:47 DVF Vote Aggregator: Vote pool size: 0 votes total    
2026-03-09 07:17:47 DCF Verifier: Block #1 verification passed    
2026-03-09 07:17:47 🆕 Imported #1 (0x289f…87d1 → 0x996d…175a)    
2026-03-09 07:17:47 💤 Idle (1 peers), best: #2 (0x403b…5d8d), finalized #0 (0x289f…87d1), ⬇ 0.7kiB/s ⬆ 0.7kiB/s    
2026-03-09 07:17:48 DVF Vote Aggregator: ===== Checking vote accumulation for round 0 =====    
2026-03-09 07:17:48 DVF Vote Aggregator: Total weight: 24000000000000240000, Finality threshold: 16080000000000160800 (67% of total)    
2026-03-09 07:17:48 DVF Vote Aggregator: Found 0 candidate blocks for round 0    
2026-03-09 07:17:48 DVF Vote Aggregator: Vote pool size: 0 votes total    
[2026-03-22T07:17:43.777Z] [ThreadId(6)] ============== [CBC-TRACE] 66. [service.rs::dvf-finality-sync] DVF finalized block retrieved (block 0) ==============
[2026-03-22T07:17:43.777Z] [ThreadId(6)] ============== [CBC-TRACE] 67. [service.rs::dvf-finality-sync] Client finalized block retrieved (block 0) ==============
[2026-03-22T07:17:43.791Z] [ThreadId(6)] ============== [CBC-TRACE] 40. [dcf.rs::run] Consensus loop iteration started for block 2 ==============
[2026-03-22T07:17:43.791Z] [ThreadId(6)] ============== [CBC-TRACE] 41. [dcf.rs::run] Active validators retrieved: 3 validators ==============
[2026-03-22T07:17:43.791Z] [ThreadId(6)] ============== [CBC-TRACE] 42. [dcf.rs::run] Author selection for block 2 started ==============
[2026-03-22T07:17:43.791Z] [ThreadId(6)] ============== [CBC-TRACE] 43. [dcf.rs::run] Expected author selected: 88dc3417d5058ec4b4503e0c12ea1a0a89be200fe98922423d4334014fa6b0ee (5FA9nQDV...) (method: runtime_deterministic) ==============
[2026-03-22T07:17:43.791Z] [ThreadId(6)] ============== [CBC-TRACE] 44. [dcf.rs::run] Block production triggered for block 2 ==============
[2026-03-22T07:17:43.791Z] [ThreadId(6)] ============== [CBC-TRACE] 45. [proposer_factory.rs::create_complete_block] Proposer factory create_complete_block entered ==============
[2026-03-22T07:17:43.791Z] [ThreadId(6)] ============== [CBC-TRACE] 46. [proposer_factory.rs::create_complete_block] Inherent data generated ==============
[2026-03-22T07:17:43.791Z] [ThreadId(6)] ============== [CBC-TRACE] 47. [proposer_factory.rs::create_complete_block] Transactions harvested from mempool (0 transactions) ==============
[2026-03-22T07:17:43.791Z] [ThreadId(6)] ============== [CBC-TRACE] 48. [proposer_factory.rs::create_complete_block] PreRuntime author digest added to header ==============
[2026-03-22T07:17:43.791Z] [ThreadId(6)] ============== [CBC-TRACE] 49. [proposer_factory.rs::create_complete_block] Substrate build_block executing ==============
[2026-03-22T07:17:43.792Z] [ThreadId(6)] ============== [CBC-TRACE] 50. [proposer_factory.rs::build_block_with_state_root] State root computed for block 2 ==============
[2026-03-22T07:17:43.792Z] [ThreadId(6)] ============== [CBC-TRACE] 51. [proposer_factory.rs::build_block_with_state_root] Block 2 sealed successfully ==============
[2026-03-22T07:17:43.792Z] [ThreadId(6)] ============== [CBC-TRACE] 52. [proposer_factory.rs::create_complete_block] Block 2 dispatched to import pipeline ==============
[2026-03-22T07:17:43.793Z] [ThreadId(6)] ============== [CBC-TRACE] 53. [dcf.rs::update_consensus_state] Consensus state updated after block production (block: 2, slot: 2, total: 2) ==============
[2026-03-22T07:17:43.793Z] [ThreadId(6)] ============== [CBC-TRACE] 54. [dcf.rs::update_consensus_state] Author scores updated - PoS: 10000000000000000, PoI: 80, Combined: 61, Trust: 7466, Uptime: 100, Inferences: 0, Participation: 100%, Missed: 0 ==============
[2026-03-22T07:17:49.806Z] [ThreadId(2)] ============== [CBC-TRACE] 65. [service.rs::dvf-finality-sync] Finality check iteration started ==============
2026-03-09 07:17:49 DVF Vote Aggregator: ===== Checking vote accumulation for round 0 =====    
2026-03-09 07:17:49 DVF Vote Aggregator: Total weight: 24000000000000240000, Finality threshold: 16080000000000160800 (67% of total)    
2026-03-09 07:17:49 DVF Vote Aggregator: Found 0 candidate blocks for round 0    
2026-03-09 07:17:49 DVF Vote Aggregator: Vote pool size: 0 votes total    
[2026-03-22T07:17:49.806Z] [ThreadId(2)] ============== [CBC-TRACE] 66. [service.rs::dvf-finality-sync] DVF finalized block retrieved (block 0) ==============
[2026-03-22T07:17:49.806Z] [ThreadId(2)] ============== [CBC-TRACE] 67. [service.rs::dvf-finality-sync] Client finalized block retrieved (block 0) ==============
[2026-03-22T07:17:49.915Z] [ThreadId(2)] ============== [CBC-TRACE] 40. [dcf.rs::run] Consensus loop iteration started for block 3 ==============
2026-03-09 07:17:49 DCF: Finality advanced from 1 to 2 in epoch 0    
2026-03-09 07:17:49 DCF: Progressive finalization advanced to block 2    
2026-03-09 07:17:49 ProposerFactory: Successfully created block #3 with 1 extrinsics    
2026-03-09 07:17:49 DCF: Finality advanced from 1 to 2 in epoch 0    
2026-03-09 07:17:49 DCF: Progressive finalization advanced to block 2    
2026-03-09 07:17:49 🏆 Imported #3 (0x403b…5d8d → 0x59ff…3e3d)    
2026-03-09 07:17:50 DVF Vote Aggregator: ===== Checking vote accumulation for round 0 =====    
2026-03-09 07:17:50 DVF Vote Aggregator: Total weight: 24000000000000240000, Finality threshold: 16080000000000160800 (67% of total)    
2026-03-09 07:17:50 DVF Vote Aggregator: Found 0 candidate blocks for round 0    
2026-03-09 07:17:50 DVF Vote Aggregator: Vote pool size: 0 votes total    
2026-03-09 07:17:51 discovered peer on address peer=12D3KooWRL6FwEShGTUzQ5bvJFkc9XtC2vbfBrD4ZiB9NAVcZeCo address=/ip4/10.0.2.15/tcp/30335/p2p/12D3KooWRL6FwEShGTUzQ5bvJFkc9XtC2vbfBrD4ZiB9NAVcZeCo
2026-03-09 07:17:51 discovered peer on address peer=12D3KooWRL6FwEShGTUzQ5bvJFkc9XtC2vbfBrD4ZiB9NAVcZeCo address=/ip4/172.20.0.1/tcp/30335/p2p/12D3KooWRL6FwEShGTUzQ5bvJFkc9XtC2vbfBrD4ZiB9NAVcZeCo
2026-03-09 07:17:51 discovered peer on address peer=12D3KooWRL6FwEShGTUzQ5bvJFkc9XtC2vbfBrD4ZiB9NAVcZeCo address=/ip4/172.19.0.1/tcp/30335/p2p/12D3KooWRL6FwEShGTUzQ5bvJFkc9XtC2vbfBrD4ZiB9NAVcZeCo
2026-03-09 07:17:51 DVF Vote Aggregator: ===== Checking vote accumulation for round 0 =====    
2026-03-09 07:17:51 DVF Vote Aggregator: Total weight: 24000000000000240000, Finality threshold: 16080000000000160800 (67% of total)    
2026-03-09 07:17:51 DVF Vote Aggregator: Found 0 candidate blocks for round 0    
2026-03-09 07:17:51 DVF Vote Aggregator: Vote pool size: 0 votes total    
2026-03-09 07:17:51 discovered peer on address peer=12D3KooWRL6FwEShGTUzQ5bvJFkc9XtC2vbfBrD4ZiB9NAVcZeCo address=/ip4/172.21.0.1/tcp/30335/p2p/12D3KooWRL6FwEShGTUzQ5bvJFkc9XtC2vbfBrD4ZiB9NAVcZeCo
2026-03-09 07:17:51 discovered peer on address peer=12D3KooWRL6FwEShGTUzQ5bvJFkc9XtC2vbfBrD4ZiB9NAVcZeCo address=/ip4/172.18.0.1/tcp/30335/p2p/12D3KooWRL6FwEShGTUzQ5bvJFkc9XtC2vbfBrD4ZiB9NAVcZeCo
2026-03-09 07:17:51 DCF Verifier: Block #1 verification passed    
2026-03-09 07:17:51 🆕 Imported #1 (0x289f…87d1 → 0x578e…876d)    
2026-03-09 07:17:52 DVF Vote Aggregator: ===== Checking vote accumulation for round 0 =====    
2026-03-09 07:17:52 DVF Vote Aggregator: Total weight: 24000000000000240000, Finality threshold: 16080000000000160800 (67% of total)    
2026-03-09 07:17:52 DVF Vote Aggregator: Found 0 candidate blocks for round 0    
2026-03-09 07:17:52 DVF Vote Aggregator: Vote pool size: 0 votes total    
2026-03-09 07:17:52 💤 Idle (2 peers), best: #3 (0x59ff…3e3d), finalized #0 (0x289f…87d1), ⬇ 1.7kiB/s ⬆ 2.3kiB/s    
2026-03-09 07:17:53 DCF Verifier: Block #4 verification passed    
2026-03-09 07:17:53 DCF: Finality advanced from 2 to 3 in epoch 0    
2026-03-09 07:17:53 DCF: Progressive finalization advanced to block 3    
2026-03-09 07:17:53 🏆 Imported #4 (0x59ff…3e3d → 0x00ab…2967)    
2026-03-09 07:17:53 DVF Vote Aggregator: ===== Checking vote accumulation for round 0 =====    
2026-03-09 07:17:53 DVF Vote Aggregator: Total weight: 24000000000000240000, Finality threshold: 16080000000000160800 (67% of total)    
2026-03-09 07:17:53 DVF Vote Aggregator: Found 0 candidate blocks for round 0    
2026-03-09 07:17:53 DVF Vote Aggregator: Vote pool size: 0 votes total    
2026-03-09 07:17:54 DVF Vote Aggregator: ===== Checking vote accumulation for round 0 =====    
2026-03-09 07:17:54 DVF Vote Aggregator: Total weight: 24000000000000240000, Finality threshold: 16080000000000160800 (67% of total)    
2026-03-09 07:17:54 DVF Vote Aggregator: Found 0 candidate blocks for round 0    
2026-03-09 07:17:54 DVF Vote Aggregator: Vote pool size: 0 votes total    
2026-03-09 07:17:55 DVF Vote Aggregator: ===== Checking vote accumulation for round 0 =====    
2026-03-09 07:17:55 DVF Vote Aggregator: Total weight: 24000000000000240000, Finality threshold: 16080000000000160800 (67% of total)    
2026-03-09 07:17:55 DVF Vote Aggregator: Found 0 candidate blocks for round 0    
2026-03-09 07:17:55 DVF Vote Aggregator: Vote pool size: 0 votes total    
[2026-03-22T07:17:49.915Z] [ThreadId(2)] ============== [CBC-TRACE] 41. [dcf.rs::run] Active validators retrieved: 3 validators ==============
[2026-03-22T07:17:49.915Z] [ThreadId(2)] ============== [CBC-TRACE] 42. [dcf.rs::run] Author selection for block 3 started ==============
[2026-03-22T07:17:49.915Z] [ThreadId(2)] ============== [CBC-TRACE] 43. [dcf.rs::run] Expected author selected: 439660b36c6c03afafca027b910b4fecf99801834c62a5e6006f27d978de234f (5DbKjhNL...) (method: runtime_deterministic) ==============
[2026-03-22T07:17:49.915Z] [ThreadId(2)] ============== [CBC-TRACE] 44. [dcf.rs::run] Block production triggered for block 3 ==============
[2026-03-22T07:17:49.916Z] [ThreadId(2)] ============== [CBC-TRACE] 45. [proposer_factory.rs::create_complete_block] Proposer factory create_complete_block entered ==============
[2026-03-22T07:17:49.916Z] [ThreadId(2)] ============== [CBC-TRACE] 46. [proposer_factory.rs::create_complete_block] Inherent data generated ==============
[2026-03-22T07:17:49.916Z] [ThreadId(2)] ============== [CBC-TRACE] 47. [proposer_factory.rs::create_complete_block] Transactions harvested from mempool (0 transactions) ==============
[2026-03-22T07:17:49.916Z] [ThreadId(2)] ============== [CBC-TRACE] 48. [proposer_factory.rs::create_complete_block] PreRuntime author digest added to header ==============
[2026-03-22T07:17:49.916Z] [ThreadId(2)] ============== [CBC-TRACE] 49. [proposer_factory.rs::create_complete_block] Substrate build_block executing ==============
[2026-03-22T07:17:49.916Z] [ThreadId(2)] ============== [CBC-TRACE] 50. [proposer_factory.rs::build_block_with_state_root] State root computed for block 3 ==============
[2026-03-22T07:17:49.916Z] [ThreadId(2)] ============== [CBC-TRACE] 51. [proposer_factory.rs::build_block_with_state_root] Block 3 sealed successfully ==============
[2026-03-22T07:17:49.916Z] [ThreadId(2)] ============== [CBC-TRACE] 52. [proposer_factory.rs::create_complete_block] Block 3 dispatched to import pipeline ==============
[2026-03-22T07:17:49.917Z] [ThreadId(2)] ============== [CBC-TRACE] 53. [dcf.rs::update_consensus_state] Consensus state updated after block production (block: 3, slot: 3, total: 3) ==============
[2026-03-22T07:17:49.917Z] [ThreadId(2)] ============== [CBC-TRACE] 54. [dcf.rs::update_consensus_state] Author scores updated - PoS: 6000000000000000, PoI: 80, Combined: 51, Trust: 7416, Uptime: 100, Inferences: 0, Participation: 100%, Missed: 0 ==============
[2026-03-22T07:17:55.807Z] [ThreadId(5)] ============== [CBC-TRACE] 65. [service.rs::dvf-finality-sync] Finality check iteration started ==============
[2026-03-22T07:17:55.807Z] [ThreadId(5)] ============== [CBC-TRACE] 66. [service.rs::dvf-finality-sync] DVF finalized block retrieved (block 0) ==============
[2026-03-22T07:17:55.807Z] [ThreadId(5)] ============== [CBC-TRACE] 67. [service.rs::dvf-finality-sync] Client finalized block retrieved (block 0) ==============
[2026-03-22T07:17:55.927Z] [ThreadId(5)] ============== [CBC-TRACE] 40. [dcf.rs::run] Consensus loop iteration started for block 5 ==============
2026-03-09 07:17:55 DCF: Finality advanced from 3 to 4 in epoch 0    
2026-03-09 07:17:55 DCF: Progressive finalization advanced to block 4    
2026-03-09 07:17:55 ProposerFactory: Successfully created block #5 with 1 extrinsics    
2026-03-09 07:17:55 DCF: Finality advanced from 3 to 4 in epoch 0    
2026-03-09 07:17:55 DCF: Progressive finalization advanced to block 4    
2026-03-09 07:17:55 DCF: Computed PoI score for validator=88dc3417d5058ec4b4503e0c12ea1a0a89be200fe98922423d4334014fa6b0ee (5FA9nQDV...), score=0, block=5    
2026-03-09 07:17:55 DCF: Computed PoI score for validator=d17c2d7823ebf260fd138f2d7e27d114c0145d968b5ff5006125f2414fadae69 (5GoNkf6W...), score=0, block=5    
2026-03-09 07:17:55 DCF: Computed PoI score for validator=439660b36c6c03afafca027b910b4fecf99801834c62a5e6006f27d978de234f (5DbKjhNL...), score=0, block=5    
2026-03-09 07:17:55 DCF off-chain worker completed computation    
2026-03-09 07:17:55 🏆 Imported #5 (0x00ab…2967 → 0xff1c…7085)    
2026-03-09 07:17:56 DVF Vote Aggregator: ===== Checking vote accumulation for round 0 =====    
2026-03-09 07:17:56 DVF Vote Aggregator: Total weight: 24000000000000240000, Finality threshold: 16080000000000160800 (67% of total)    
2026-03-09 07:17:56 DVF Vote Aggregator: Found 0 candidate blocks for round 0    
2026-03-09 07:17:56 DVF Vote Aggregator: Vote pool size: 0 votes total    
2026-03-09 07:17:57 DVF Vote Aggregator: ===== Checking vote accumulation for round 0 =====    
2026-03-09 07:17:57 DVF Vote Aggregator: Total weight: 24000000000000240000, Finality threshold: 16080000000000160800 (67% of total)    
2026-03-09 07:17:57 DVF Vote Aggregator: Found 0 candidate blocks for round 0    
2026-03-09 07:17:57 DVF Vote Aggregator: Vote pool size: 0 votes total    
2026-03-09 07:17:57 DCF Verifier: Block #6 verification passed    
2026-03-09 07:17:57 DCF: Finality advanced from 4 to 5 in epoch 0    
2026-03-09 07:17:57 DCF: Progressive finalization advanced to block 5    
2026-03-09 07:17:57 🏆 Imported #6 (0xff1c…7085 → 0x0453…acbd)    
2026-03-09 07:17:57 💤 Idle (2 peers), best: #6 (0x0453…acbd), finalized #0 (0x289f…87d1), ⬇ 0.3kiB/s ⬆ 0.6kiB/s    
2026-03-09 07:17:58 DVF Vote Aggregator: ===== Checking vote accumulation for round 0 =====    
2026-03-09 07:17:58 DVF Vote Aggregator: Total weight: 24000000000000240000, Finality threshold: 16080000000000160800 (67% of total)    
2026-03-09 07:17:58 DVF Vote Aggregator: Found 0 candidate blocks for round 0    
2026-03-09 07:17:58 DVF Vote Aggregator: Vote pool size: 0 votes total    
2026-03-09 07:17:59 DCF Verifier: Block #7 verification passed    
2026-03-09 07:17:59 DCF: Finality advanced from 5 to 6 in epoch 0    
2026-03-09 07:17:59 DCF: Progressive finalization advanced to block 6    
2026-03-09 07:17:59 🏆 Imported #7 (0x0453…acbd → 0x489b…e5cd)    
2026-03-09 07:17:59 DVF Vote Aggregator: ===== Checking vote accumulation for round 0 =====    
2026-03-09 07:17:59 DVF Vote Aggregator: Total weight: 24000000000000240000, Finality threshold: 16080000000000160800 (67% of total)    
2026-03-09 07:17:59 DVF Vote Aggregator: Found 0 candidate blocks for round 0    
2026-03-09 07:17:59 DVF Vote Aggregator: Vote pool size: 0 votes total    
2026-03-09 07:18:00 DVF Vote Aggregator: ===== Checking vote accumulation for round 0 =====    
2026-03-09 07:18:00 DVF Vote Aggregator: Total weight: 24000000000000240000, Finality threshold: 16080000000000160800 (67% of total)    
2026-03-09 07:18:00 DVF Vote Aggregator: Found 0 candidate blocks for round 0    
2026-03-09 07:18:00 DVF Vote Aggregator: Vote pool size: 0 votes total    
2026-03-09 07:18:01 DVF Vote Aggregator: ===== Checking vote accumulation for round 0 =====    
2026-03-09 07:18:01 DVF Vote Aggregator: Total weight: 24000000000000240000, Finality threshold: 16080000000000160800 (67% of total)    
2026-03-09 07:18:01 DVF Vote Aggregator: Found 0 candidate blocks for round 0    
2026-03-09 07:18:01 DVF Vote Aggregator: Vote pool size: 0 votes total    
[2026-03-22T07:17:55.928Z] [ThreadId(5)] ============== [CBC-TRACE] 41. [dcf.rs::run] Active validators retrieved: 3 validators ==============
[2026-03-22T07:17:55.928Z] [ThreadId(5)] ============== [CBC-TRACE] 42. [dcf.rs::run] Author selection for block 5 started ==============
[2026-03-22T07:17:55.928Z] [ThreadId(5)] ============== [CBC-TRACE] 43. [dcf.rs::run] Expected author selected: 439660b36c6c03afafca027b910b4fecf99801834c62a5e6006f27d978de234f (5DbKjhNL...) (method: runtime_deterministic) ==============
[2026-03-22T07:17:55.928Z] [ThreadId(5)] ============== [CBC-TRACE] 44. [dcf.rs::run] Block production triggered for block 5 ==============
[2026-03-22T07:17:55.928Z] [ThreadId(5)] ============== [CBC-TRACE] 45. [proposer_factory.rs::create_complete_block] Proposer factory create_complete_block entered ==============
[2026-03-22T07:17:55.928Z] [ThreadId(5)] ============== [CBC-TRACE] 46. [proposer_factory.rs::create_complete_block] Inherent data generated ==============
[2026-03-22T07:17:55.928Z] [ThreadId(5)] ============== [CBC-TRACE] 47. [proposer_factory.rs::create_complete_block] Transactions harvested from mempool (0 transactions) ==============
[2026-03-22T07:17:55.928Z] [ThreadId(5)] ============== [CBC-TRACE] 48. [proposer_factory.rs::create_complete_block] PreRuntime author digest added to header ==============
[2026-03-22T07:17:55.928Z] [ThreadId(5)] ============== [CBC-TRACE] 49. [proposer_factory.rs::create_complete_block] Substrate build_block executing ==============
[2026-03-22T07:17:55.929Z] [ThreadId(5)] ============== [CBC-TRACE] 50. [proposer_factory.rs::build_block_with_state_root] State root computed for block 5 ==============
[2026-03-22T07:17:55.929Z] [ThreadId(5)] ============== [CBC-TRACE] 51. [proposer_factory.rs::build_block_with_state_root] Block 5 sealed successfully ==============
[2026-03-22T07:17:55.929Z] [ThreadId(5)] ============== [CBC-TRACE] 52. [proposer_factory.rs::create_complete_block] Block 5 dispatched to import pipeline ==============
[2026-03-22T07:17:55.930Z] [ThreadId(5)] ============== [CBC-TRACE] 53. [dcf.rs::update_consensus_state] Consensus state updated after block production (block: 5, slot: 4, total: 4) ==============
[2026-03-22T07:17:55.931Z] [ThreadId(5)] ============== [CBC-TRACE] 54. [dcf.rs::update_consensus_state] Author scores updated - PoS: 6000000000000000, PoI: 80, Combined: 61, Trust: 7466, Uptime: 100, Inferences: 0, Participation: 100%, Missed: 0 ==============
[2026-03-22T07:18:01.810Z] [ThreadId(2)] ============== [CBC-TRACE] 65. [service.rs::dvf-finality-sync] Finality check iteration started ==============
[2026-03-22T07:18:01.810Z] [ThreadId(2)] ============== [CBC-TRACE] 66. [service.rs::dvf-finality-sync] DVF finalized block retrieved (block 0) ==============
[2026-03-22T07:18:01.810Z] [ThreadId(2)] ============== [CBC-TRACE] 67. [service.rs::dvf-finality-sync] Client finalized block retrieved (block 0) ==============
[2026-03-22T07:18:01.941Z] [ThreadId(2)] ============== [CBC-TRACE] 40. [dcf.rs::run] Consensus loop iteration started for block 8 ==============
2026-03-09 07:18:01 DCF: Finality advanced from 6 to 7 in epoch 0    
2026-03-09 07:18:01 DCF: Progressive finalization advanced to block 7    
2026-03-09 07:18:01 ProposerFactory: Successfully created block #8 with 1 extrinsics    
2026-03-09 07:18:01 DCF: Finality advanced from 6 to 7 in epoch 0    
2026-03-09 07:18:01 DCF: Progressive finalization advanced to block 7    
2026-03-09 07:18:01 🏆 Imported #8 (0x489b…e5cd → 0xb4a1…1b7f)    
2026-03-09 07:18:02 DVF Vote Aggregator: ===== Checking vote accumulation for round 0 =====    
2026-03-09 07:18:02 DVF Vote Aggregator: Total weight: 24000000000000240000, Finality threshold: 16080000000000160800 (67% of total)    
2026-03-09 07:18:02 DVF Vote Aggregator: Found 0 candidate blocks for round 0    
2026-03-09 07:18:02 DVF Vote Aggregator: Vote pool size: 0 votes total    
2026-03-09 07:18:02 💤 Idle (2 peers), best: #8 (0xb4a1…1b7f), finalized #0 (0x289f…87d1), ⬇ 0.2kiB/s ⬆ 0.5kiB/s    
2026-03-09 07:18:03 DVF Vote Aggregator: ===== Checking vote accumulation for round 0 =====    
2026-03-09 07:18:03 DVF Vote Aggregator: Total weight: 24000000000000240000, Finality threshold: 16080000000000160800 (67% of total)    
2026-03-09 07:18:03 DVF Vote Aggregator: Found 0 candidate blocks for round 0    
2026-03-09 07:18:03 DVF Vote Aggregator: Vote pool size: 0 votes total    
2026-03-09 07:18:03 DCF Verifier: Block #9 verification passed    
2026-03-09 07:18:03 DCF: Finality advanced from 7 to 8 in epoch 0    
2026-03-09 07:18:03 DCF: Progressive finalization advanced to block 8    
2026-03-09 07:18:03 🏆 Imported #9 (0xb4a1…1b7f → 0x5367…0817)    
2026-03-09 07:18:04 DVF Vote Aggregator: ===== Checking vote accumulation for round 0 =====    
2026-03-09 07:18:04 DVF Vote Aggregator: Total weight: 24000000000000240000, Finality threshold: 16080000000000160800 (67% of total)    
2026-03-09 07:18:04 DVF Vote Aggregator: Found 0 candidate blocks for round 0    
2026-03-09 07:18:04 DVF Vote Aggregator: Vote pool size: 0 votes total    
2026-03-09 07:18:05 DVF Gossip Validator: Accepted vote for block #10 (0xfffcd1f1d3cfabd77d571df89295d70956dae3a41565aff9276c3a669ecdbbe6) from validator d17c2d7823ebf260fd138f2d7e27d114c0145d968b5ff5006125f2414fadae69 (5GoNkf6W...) (round: 0, epoch: 0, validator_set: 0)    
2026-03-09 07:18:05 DVF Gossip Validator: Vote inserted into pool successfully    
2026-03-09 07:18:05 DCF Verifier: Block #10 verification passed    
2026-03-09 07:18:05 DCF: Finality advanced from 8 to 9 in epoch 0    
2026-03-09 07:18:05 DCF: Progressive finalization advanced to block 9    
2026-03-09 07:18:05 🏆 Imported #10 (0x5367…0817 → 0xfffc…bbe6)    
2026-03-09 07:18:05 DVF Vote Creator: Creating vote for block #10 (0xfffcd1f1d3cfabd77d571df89295d70956dae3a41565aff9276c3a669ecdbbe6)    
2026-03-09 07:18:05 DVF Vote Creator: Vote inserted into local pool successfully    
2026-03-09 07:18:05 DVF Vote Creator: Successfully broadcast vote for block #10 (epoch: 0, round: 0, validator_set: 0)    
2026-03-09 07:18:05 DCF: Computed PoI score for validator=88dc3417d5058ec4b4503e0c12ea1a0a89be200fe98922423d4334014fa6b0ee (5FA9nQDV...), score=0, block=10    
2026-03-09 07:18:05 DCF: Computed PoI score for validator=d17c2d7823ebf260fd138f2d7e27d114c0145d968b5ff5006125f2414fadae69 (5GoNkf6W...), score=0, block=10    
2026-03-09 07:18:05 DCF: Computed PoI score for validator=439660b36c6c03afafca027b910b4fecf99801834c62a5e6006f27d978de234f (5DbKjhNL...), score=0, block=10    
2026-03-09 07:18:05 DCF off-chain worker completed computation    
2026-03-09 07:18:05 DVF Gossip Validator: Accepted vote for block #10 (0xfffcd1f1d3cfabd77d571df89295d70956dae3a41565aff9276c3a669ecdbbe6) from validator 439660b36c6c03afafca027b910b4fecf99801834c62a5e6006f27d978de234f (5DbKjhNL...) (round: 0, epoch: 0, validator_set: 0)    
2026-03-09 07:18:05 DVF Gossip Validator: Vote inserted into pool successfully    
2026-03-09 07:18:05 DVF Vote Aggregator: ===== Checking vote accumulation for round 0 =====    
2026-03-09 07:18:05 DVF Vote Aggregator: Total weight: 24000000000000240000, Finality threshold: 16080000000000160800 (67% of total)    
2026-03-09 07:18:05 DVF Vote Aggregator: Found 1 candidate blocks for round 0    
2026-03-09 07:18:05 DVF Vote Aggregator: Vote pool size: 3 votes total    
2026-03-09 07:18:05 DVF Vote Aggregator: Found 3 votes for block 0xfffcd1f1d3cfabd77d571df89295d70956dae3a41565aff9276c3a669ecdbbe6 in round 0    
2026-03-09 07:18:05 DVF Vote Aggregator:   - Validator d17c2d7823ebf260fd138f2d7e27d114c0145d968b5ff5006125f2414fadae69 (5GoNkf6W...) voted with weight 8000000000000080000    
2026-03-09 07:18:05 DVF Vote Aggregator:   - Validator 88dc3417d5058ec4b4503e0c12ea1a0a89be200fe98922423d4334014fa6b0ee (5FA9nQDV...) voted with weight 10000000000000080000    
2026-03-09 07:18:05 DVF Vote Aggregator:   - Validator 439660b36c6c03afafca027b910b4fecf99801834c62a5e6006f27d978de234f (5DbKjhNL...) voted with weight 6000000000000080000    
2026-03-09 07:18:05 DVF Vote Aggregator: Total accumulated weight for block 0xfffcd1f1d3cfabd77d571df89295d70956dae3a41565aff9276c3a669ecdbbe6: 24000000000000240000 (from 3 votes)    
2026-03-09 07:18:05 DVF Vote Aggregator: Block 0xfffcd1f1d3cfabd77d571df89295d70956dae3a41565aff9276c3a669ecdbbe6 has accumulated weight 24000000000000240000 (threshold: 16080000000000160800, reached: true)    
2026-03-09 07:18:05 DVF Vote Aggregator: Block 0xfffcd1f1d3cfabd77d571df89295d70956dae3a41565aff9276c3a669ecdbbe6 reached finality threshold! Weight: 24000000000000240000, Threshold: 16080000000000160800    
2026-03-09 07:18:05 DVF Vote Aggregator: Triggering justification construction for block 0xfffcd1f1d3cfabd77d571df89295d70956dae3a41565aff9276c3a669ecdbbe6 (round: 0, weight: 24000000000000240000)    
2026-03-09 07:18:05 DVF Justification Builder: Constructing justification for block 0xfffcd1f1d3cfabd77d571df89295d70956dae3a41565aff9276c3a669ecdbbe6 in round 0    
2026-03-09 07:18:05 DVF Justification Builder: Selected 2 votes with accumulated weight 18000000000000160000 (threshold: 16080000000000160800)    
2026-03-09 07:18:05 DVF Justification Builder: Constructed justification with 2 votes, accumulated weight 18000000000000160000 (threshold: 16080000000000160800)    
2026-03-09 07:18:05 DVF Justification Builder: Justification constructed for block 0xfffcd1f1d3cfabd77d571df89295d70956dae3a41565aff9276c3a669ecdbbe6, round 0, 2 votes, weight 18000000000000160000    
2026-03-09 07:18:05 DVF Vote Aggregator: Successfully constructed justification with 2 votes    
2026-03-09 07:18:05 DVF Vote Aggregator: Justification constructed for block #10 (0xfffcd1f1d3cfabd77d571df89295d70956dae3a41565aff9276c3a669ecdbbe6) with 2 votes, weight: 24000000000000240000    
2026-03-09 07:18:05 DVF Vote Aggregator: Encoded justification (389 bytes) for block #10 (0xfffcd1f1d3cfabd77d571df89295d70956dae3a41565aff9276c3a669ecdbbe6)    
2026-03-09 07:18:05 DVF Vote Aggregator: Successfully finalized block #10 (0xfffcd1f1d3cfabd77d571df89295d70956dae3a41565aff9276c3a669ecdbbe6) with justification    
2026-03-09 07:18:05 DVF Vote Aggregator: Finality latency for round 0: 0.00s    
2026-03-09 07:18:06 DVF Vote Aggregator: ===== Checking vote accumulation for round 0 =====    
2026-03-09 07:18:06 DVF Vote Aggregator: Total weight: 24000000000000240000, Finality threshold: 16080000000000160800 (67% of total)    
2026-03-09 07:18:06 DVF Vote Aggregator: Found 1 candidate blocks for round 0    
2026-03-09 07:18:06 DVF Vote Aggregator: Vote pool size: 3 votes total    
2026-03-09 07:18:06 DVF Vote Aggregator: Found 3 votes for block 0xfffcd1f1d3cfabd77d571df89295d70956dae3a41565aff9276c3a669ecdbbe6 in round 0    
2026-03-09 07:18:06 DVF Vote Aggregator:   - Validator d17c2d7823ebf260fd138f2d7e27d114c0145d968b5ff5006125f2414fadae69 (5GoNkf6W...) voted with weight 8000000000000080000    
2026-03-09 07:18:06 DVF Vote Aggregator:   - Validator 88dc3417d5058ec4b4503e0c12ea1a0a89be200fe98922423d4334014fa6b0ee (5FA9nQDV...) voted with weight 10000000000000080000    
2026-03-09 07:18:06 DVF Vote Aggregator:   - Validator 439660b36c6c03afafca027b910b4fecf99801834c62a5e6006f27d978de234f (5DbKjhNL...) voted with weight 6000000000000080000    
2026-03-09 07:18:06 DVF Vote Aggregator: Total accumulated weight for block 0xfffcd1f1d3cfabd77d571df89295d70956dae3a41565aff9276c3a669ecdbbe6: 24000000000000240000 (from 3 votes)    
2026-03-09 07:18:06 DVF Vote Aggregator: Block 0xfffcd1f1d3cfabd77d571df89295d70956dae3a41565aff9276c3a669ecdbbe6 has accumulated weight 24000000000000240000 (threshold: 16080000000000160800, reached: true)    
2026-03-09 07:18:06 DVF Vote Aggregator: Block 0xfffcd1f1d3cfabd77d571df89295d70956dae3a41565aff9276c3a669ecdbbe6 reached finality threshold! Weight: 24000000000000240000, Threshold: 16080000000000160800    
2026-03-09 07:18:06 DVF Vote Aggregator: Triggering justification construction for block 0xfffcd1f1d3cfabd77d571df89295d70956dae3a41565aff9276c3a669ecdbbe6 (round: 0, weight: 24000000000000240000)    
2026-03-09 07:18:06 DVF Justification Builder: Constructing justification for block 0xfffcd1f1d3cfabd77d571df89295d70956dae3a41565aff9276c3a669ecdbbe6 in round 0    
2026-03-09 07:18:06 DVF Justification Builder: Selected 2 votes with accumulated weight 18000000000000160000 (threshold: 16080000000000160800)    
2026-03-09 07:18:06 DVF Justification Builder: Constructed justification with 2 votes, accumulated weight 18000000000000160000 (threshold: 16080000000000160800)    
2026-03-09 07:18:06 DVF Justification Builder: Justification constructed for block 0xfffcd1f1d3cfabd77d571df89295d70956dae3a41565aff9276c3a669ecdbbe6, round 0, 2 votes, weight 18000000000000160000    
2026-03-09 07:18:06 DVF Vote Aggregator: Successfully constructed justification with 2 votes    
2026-03-09 07:18:06 DVF Vote Aggregator: Justification constructed for block #10 (0xfffcd1f1d3cfabd77d571df89295d70956dae3a41565aff9276c3a669ecdbbe6) with 2 votes, weight: 24000000000000240000    
2026-03-09 07:18:06 DVF Vote Aggregator: Encoded justification (389 bytes) for block #10 (0xfffcd1f1d3cfabd77d571df89295d70956dae3a41565aff9276c3a669ecdbbe6)    
2026-03-09 07:18:06 Possible safety violation: attempted to re-finalize last finalized block 0xfffcd1f1d3cfabd77d571df89295d70956dae3a41565aff9276c3a669ecdbbe6     
2026-03-09 07:18:06 DVF Vote Aggregator: Successfully finalized block #10 (0xfffcd1f1d3cfabd77d571df89295d70956dae3a41565aff9276c3a669ecdbbe6) with justification    
2026-03-09 07:18:06 DVF Vote Aggregator: Finality latency for round 0: 0.00s    
2026-03-09 07:18:07 DVF Vote Aggregator: ===== Checking vote accumulation for round 0 =====    
2026-03-09 07:18:07 DVF Vote Aggregator: Total weight: 24000000000000240000, Finality threshold: 16080000000000160800 (67% of total)    
2026-03-09 07:18:07 DVF Vote Aggregator: Found 1 candidate blocks for round 0    
2026-03-09 07:18:07 DVF Vote Aggregator: Vote pool size: 3 votes total    
2026-03-09 07:18:07 DVF Vote Aggregator: Found 3 votes for block 0xfffcd1f1d3cfabd77d571df89295d70956dae3a41565aff9276c3a669ecdbbe6 in round 0    
2026-03-09 07:18:07 DVF Vote Aggregator:   - Validator d17c2d7823ebf260fd138f2d7e27d114c0145d968b5ff5006125f2414fadae69 (5GoNkf6W...) voted with weight 8000000000000080000    
2026-03-09 07:18:07 DVF Vote Aggregator:   - Validator 88dc3417d5058ec4b4503e0c12ea1a0a89be200fe98922423d4334014fa6b0ee (5FA9nQDV...) voted with weight 10000000000000080000    
2026-03-09 07:18:07 DVF Vote Aggregator:   - Validator 439660b36c6c03afafca027b910b4fecf99801834c62a5e6006f27d978de234f (5DbKjhNL...) voted with weight 6000000000000080000    
2026-03-09 07:18:07 DVF Vote Aggregator: Total accumulated weight for block 0xfffcd1f1d3cfabd77d571df89295d70956dae3a41565aff9276c3a669ecdbbe6: 24000000000000240000 (from 3 votes)    
2026-03-09 07:18:07 DVF Vote Aggregator: Block 0xfffcd1f1d3cfabd77d571df89295d70956dae3a41565aff9276c3a669ecdbbe6 has accumulated weight 24000000000000240000 (threshold: 16080000000000160800, reached: true)    
2026-03-09 07:18:07 DVF Vote Aggregator: Block 0xfffcd1f1d3cfabd77d571df89295d70956dae3a41565aff9276c3a669ecdbbe6 reached finality threshold! Weight: 24000000000000240000, Threshold: 16080000000000160800    
2026-03-09 07:18:07 DVF Vote Aggregator: Triggering justification construction for block 0xfffcd1f1d3cfabd77d571df89295d70956dae3a41565aff9276c3a669ecdbbe6 (round: 0, weight: 24000000000000240000)    
2026-03-09 07:18:07 DVF Justification Builder: Constructing justification for block 0xfffcd1f1d3cfabd77d571df89295d70956dae3a41565aff9276c3a669ecdbbe6 in round 0    
2026-03-09 07:18:07 DVF Justification Builder: Selected 2 votes with accumulated weight 18000000000000160000 (threshold: 16080000000000160800)    
2026-03-09 07:18:07 DVF Justification Builder: Constructed justification with 2 votes, accumulated weight 18000000000000160000 (threshold: 16080000000000160800)    
2026-03-09 07:18:07 DVF Justification Builder: Justification constructed for block 0xfffcd1f1d3cfabd77d571df89295d70956dae3a41565aff9276c3a669ecdbbe6, round 0, 2 votes, weight 18000000000000160000    
2026-03-09 07:18:07 DVF Vote Aggregator: Successfully constructed justification with 2 votes    
2026-03-09 07:18:07 DVF Vote Aggregator: Justification constructed for block #10 (0xfffcd1f1d3cfabd77d571df89295d70956dae3a41565aff9276c3a669ecdbbe6) with 2 votes, weight: 24000000000000240000    
2026-03-09 07:18:07 DVF Vote Aggregator: Encoded justification (389 bytes) for block #10 (0xfffcd1f1d3cfabd77d571df89295d70956dae3a41565aff9276c3a669ecdbbe6)    
2026-03-09 07:18:07 Possible safety violation: attempted to re-finalize last finalized block 0xfffcd1f1d3cfabd77d571df89295d70956dae3a41565aff9276c3a669ecdbbe6     
2026-03-09 07:18:07 DVF Vote Aggregator: Successfully finalized block #10 (0xfffcd1f1d3cfabd77d571df89295d70956dae3a41565aff9276c3a669ecdbbe6) with justification    
2026-03-09 07:18:07 DVF Vote Aggregator: Finality latency for round 0: 0.00s    
[2026-03-22T07:18:01.941Z] [ThreadId(2)] ============== [CBC-TRACE] 41. [dcf.rs::run] Active validators retrieved: 3 validators ==============
[2026-03-22T07:18:01.941Z] [ThreadId(2)] ============== [CBC-TRACE] 42. [dcf.rs::run] Author selection for block 8 started ==============
[2026-03-22T07:18:01.942Z] [ThreadId(2)] ============== [CBC-TRACE] 43. [dcf.rs::run] Expected author selected: 439660b36c6c03afafca027b910b4fecf99801834c62a5e6006f27d978de234f (5DbKjhNL...) (method: runtime_deterministic) ==============
[2026-03-22T07:18:01.942Z] [ThreadId(2)] ============== [CBC-TRACE] 44. [dcf.rs::run] Block production triggered for block 8 ==============
[2026-03-22T07:18:01.942Z] [ThreadId(2)] ============== [CBC-TRACE] 45. [proposer_factory.rs::create_complete_block] Proposer factory create_complete_block entered ==============
[2026-03-22T07:18:01.942Z] [ThreadId(2)] ============== [CBC-TRACE] 46. [proposer_factory.rs::create_complete_block] Inherent data generated ==============
[2026-03-22T07:18:01.942Z] [ThreadId(2)] ============== [CBC-TRACE] 47. [proposer_factory.rs::create_complete_block] Transactions harvested from mempool (0 transactions) ==============
[2026-03-22T07:18:01.942Z] [ThreadId(2)] ============== [CBC-TRACE] 48. [proposer_factory.rs::create_complete_block] PreRuntime author digest added to header ==============
[2026-03-22T07:18:01.942Z] [ThreadId(2)] ============== [CBC-TRACE] 49. [proposer_factory.rs::create_complete_block] Substrate build_block executing ==============
[2026-03-22T07:18:01.943Z] [ThreadId(2)] ============== [CBC-TRACE] 50. [proposer_factory.rs::build_block_with_state_root] State root computed for block 8 ==============
[2026-03-22T07:18:01.943Z] [ThreadId(2)] ============== [CBC-TRACE] 51. [proposer_factory.rs::build_block_with_state_root] Block 8 sealed successfully ==============
[2026-03-22T07:18:01.943Z] [ThreadId(2)] ============== [CBC-TRACE] 52. [proposer_factory.rs::create_complete_block] Block 8 dispatched to import pipeline ==============
[2026-03-22T07:18:01.944Z] [ThreadId(2)] ============== [CBC-TRACE] 53. [dcf.rs::update_consensus_state] Consensus state updated after block production (block: 8, slot: 5, total: 5) ==============
[2026-03-22T07:18:01.944Z] [ThreadId(2)] ============== [CBC-TRACE] 54. [dcf.rs::update_consensus_state] Author scores updated - PoS: 6000000000000000, PoI: 80, Combined: 91, Trust: 7563, Uptime: 100, Inferences: 0, Participation: 100%, Missed: 0 ==============
[2026-03-22T07:18:07.811Z] [ThreadId(3)] ============== [CBC-TRACE] 65. [service.rs::dvf-finality-sync] Finality check iteration started ==============
2026-03-09 07:18:07 Client finalized head (#10) is ahead of DVF finalized head (#0)!    
2026-03-09 07:18:07 💤 Idle (2 peers), best: #10 (0xfffc…bbe6), finalized #10 (0xfffc…bbe6), ⬇ 0.7kiB/s ⬆ 0.8kiB/s    
[2026-03-22T07:18:07.811Z] [ThreadId(3)] ============== [CBC-TRACE] 66. [service.rs::dvf-finality-sync] DVF finalized block retrieved (block 0) ==============
[2026-03-22T07:18:07.811Z] [ThreadId(3)] ============== [CBC-TRACE] 67. [service.rs::dvf-finality-sync] Client finalized block retrieved (block 10) ==============
[2026-03-22T07:18:07.954Z] [ThreadId(7)] ============== [CBC-TRACE] 40. [dcf.rs::run] Consensus loop iteration started for block 11 ==============
2026-03-09 07:18:07 Producing block #11 with author 88dc3417d5058ec4b4503e0c12ea1a0a89be200fe98922423d4334014fa6b0ee (5FA9nQDV...)    
2026-03-09 07:18:07 DCF: Finality advanced from 9 to 10 in epoch 0    
2026-03-09 07:18:07 DCF: Progressive finalization advanced to block 10    
2026-03-09 07:18:07 ProposerFactory: Successfully created block #11 with 1 extrinsics    
2026-03-09 07:18:07 DCF: Finality advanced from 9 to 10 in epoch 0    
2026-03-09 07:18:07 DCF: Progressive finalization advanced to block 10    
2026-03-09 07:18:07 🏆 Imported #11 (0xfffc…bbe6 → 0xdaa1…fe21)    
2026-03-09 07:18:08 DVF Vote Aggregator: ===== Checking vote accumulation for round 0 =====    
2026-03-09 07:18:08 DVF Vote Aggregator: Total weight: 24000000000000240000, Finality threshold: 16080000000000160800 (67% of total)    
2026-03-09 07:18:08 DVF Vote Aggregator: Found 0 candidate blocks for round 0    
2026-03-09 07:18:08 DVF Vote Aggregator: Vote pool size: 0 votes total    
2026-03-09 07:18:09 DVF Vote Aggregator: ===== Checking vote accumulation for round 0 =====    
2026-03-09 07:18:09 DVF Vote Aggregator: Total weight: 24000000000000240000, Finality threshold: 16080000000000160800 (67% of total)    
2026-03-09 07:18:09 DVF Vote Aggregator: Found 0 candidate blocks for round 0    
2026-03-09 07:18:09 DVF Vote Aggregator: Vote pool size: 0 votes total    
2026-03-09 07:18:09 DCF Verifier: Block #12 verification passed    
2026-03-09 07:18:09 DCF: Finality advanced from 10 to 11 in epoch 0    
2026-03-09 07:18:09 DCF: Progressive finalization advanced to block 11    
2026-03-09 07:18:09 🏆 Imported #12 (0xdaa1…fe21 → 0x8d12…540f)    
2026-03-09 07:18:10 DVF Vote Aggregator: ===== Checking vote accumulation for round 0 =====    
2026-03-09 07:18:10 DVF Vote Aggregator: Total weight: 24000000000000240000, Finality threshold: 16080000000000160800 (67% of total)    
2026-03-09 07:18:10 DVF Vote Aggregator: Found 0 candidate blocks for round 0    
2026-03-09 07:18:10 DVF Vote Aggregator: Vote pool size: 0 votes total    
2026-03-09 07:18:11 DCF Verifier: Block #13 verification passed    
2026-03-09 07:18:11 DCF: Finality advanced from 11 to 12 in epoch 0    
2026-03-09 07:18:11 DCF: Progressive finalization advanced to block 12    
2026-03-09 07:18:11 🏆 Imported #13 (0x8d12…540f → 0x5c94…393d)    
2026-03-09 07:18:11 DVF Vote Aggregator: ===== Checking vote accumulation for round 0 =====    
2026-03-09 07:18:11 DVF Vote Aggregator: Total weight: 24000000000000240000, Finality threshold: 16080000000000160800 (67% of total)    
2026-03-09 07:18:11 DVF Vote Aggregator: Found 0 candidate blocks for round 0    
2026-03-09 07:18:11 DVF Vote Aggregator: Vote pool size: 0 votes total    
2026-03-09 07:18:12 DVF Vote Aggregator: ===== Checking vote accumulation for round 0 =====    
2026-03-09 07:18:12 DVF Vote Aggregator: Total weight: 24000000000000240000, Finality threshold: 16080000000000160800 (67% of total)    
2026-03-09 07:18:12 DVF Vote Aggregator: Found 0 candidate blocks for round 0    
2026-03-09 07:18:12 DVF Vote Aggregator: Vote pool size: 0 votes total    
2026-03-09 07:18:12 💤 Idle (2 peers), best: #13 (0x5c94…393d), finalized #10 (0xfffc…bbe6), ⬇ 1.5kiB/s ⬆ 1.2kiB/s    
2026-03-09 07:18:13 DVF Vote Aggregator: ===== Checking vote accumulation for round 0 =====    
2026-03-09 07:18:13 DVF Vote Aggregator: Total weight: 24000000000000240000, Finality threshold: 16080000000000160800 (67% of total)    
2026-03-09 07:18:13 DVF Vote Aggregator: Found 0 candidate blocks for round 0    
2026-03-09 07:18:13 DVF Vote Aggregator: Vote pool size: 0 votes total    
[2026-03-22T07:18:07.954Z] [ThreadId(7)] ============== [CBC-TRACE] 41. [dcf.rs::run] Active validators retrieved: 3 validators ==============
[2026-03-22T07:18:07.954Z] [ThreadId(7)] ============== [CBC-TRACE] 42. [dcf.rs::run] Author selection for block 11 started ==============
[2026-03-22T07:18:07.954Z] [ThreadId(7)] ============== [CBC-TRACE] 43. [dcf.rs::run] Expected author selected: 88dc3417d5058ec4b4503e0c12ea1a0a89be200fe98922423d4334014fa6b0ee (5FA9nQDV...) (method: runtime_deterministic) ==============
[2026-03-22T07:18:07.954Z] [ThreadId(7)] ============== [CBC-TRACE] 44. [dcf.rs::run] Block production triggered for block 11 ==============
[2026-03-22T07:18:07.954Z] [ThreadId(7)] ============== [CBC-TRACE] 45. [proposer_factory.rs::create_complete_block] Proposer factory create_complete_block entered ==============
[2026-03-22T07:18:07.954Z] [ThreadId(7)] ============== [CBC-TRACE] 46. [proposer_factory.rs::create_complete_block] Inherent data generated ==============
[2026-03-22T07:18:07.954Z] [ThreadId(7)] ============== [CBC-TRACE] 47. [proposer_factory.rs::create_complete_block] Transactions harvested from mempool (0 transactions) ==============
[2026-03-22T07:18:07.954Z] [ThreadId(7)] ============== [CBC-TRACE] 48. [proposer_factory.rs::create_complete_block] PreRuntime author digest added to header ==============
[2026-03-22T07:18:07.954Z] [ThreadId(7)] ============== [CBC-TRACE] 49. [proposer_factory.rs::create_complete_block] Substrate build_block executing ==============
[2026-03-22T07:18:07.956Z] [ThreadId(7)] ============== [CBC-TRACE] 50. [proposer_factory.rs::build_block_with_state_root] State root computed for block 11 ==============
[2026-03-22T07:18:07.956Z] [ThreadId(7)] ============== [CBC-TRACE] 51. [proposer_factory.rs::build_block_with_state_root] Block 11 sealed successfully ==============
[2026-03-22T07:18:07.956Z] [ThreadId(7)] ============== [CBC-TRACE] 52. [proposer_factory.rs::create_complete_block] Block 11 dispatched to import pipeline ==============
[2026-03-22T07:18:07.957Z] [ThreadId(7)] ============== [CBC-TRACE] 53. [dcf.rs::update_consensus_state] Consensus state updated after block production (block: 11, slot: 6, total: 6) ==============
[2026-03-22T07:18:07.957Z] [ThreadId(7)] ============== [CBC-TRACE] 54. [dcf.rs::update_consensus_state] Author scores updated - PoS: 10000000000000000, PoI: 80, Combined: 81, Trust: 7538, Uptime: 100, Inferences: 0, Participation: 100%, Missed: 0 ==============
[2026-03-22T07:18:13.813Z] [ThreadId(3)] ============== [CBC-TRACE] 65. [service.rs::dvf-finality-sync] Finality check iteration started ==============
2026-03-09 07:18:13 Client finalized head (#10) is ahead of DVF finalized head (#0)!    
[2026-03-22T07:18:13.813Z] [ThreadId(3)] ============== [CBC-TRACE] 66. [service.rs::dvf-finality-sync] DVF finalized block retrieved (block 0) ==============
[2026-03-22T07:18:13.813Z] [ThreadId(3)] ============== [CBC-TRACE] 67. [service.rs::dvf-finality-sync] Client finalized block retrieved (block 10) ==============
[2026-03-22T07:18:13.967Z] [ThreadId(3)] ============== [CBC-TRACE] 40. [dcf.rs::run] Consensus loop iteration started for block 14 ==============
2026-03-09 07:18:13 DCF: Finality advanced from 12 to 13 in epoch 0    
2026-03-09 07:18:13 DCF: Progressive finalization advanced to block 13    
2026-03-09 07:18:13 ProposerFactory: Successfully created block #14 with 1 extrinsics    
2026-03-09 07:18:13 DCF: Finality advanced from 12 to 13 in epoch 0    
2026-03-09 07:18:13 DCF: Progressive finalization advanced to block 13    
2026-03-09 07:18:13 🏆 Imported #14 (0x5c94…393d → 0xeeec…e8f0)    
2026-03-09 07:18:14 DVF Vote Aggregator: ===== Checking vote accumulation for round 0 =====    
2026-03-09 07:18:14 DVF Vote Aggregator: Total weight: 24000000000000240000, Finality threshold: 16080000000000160800 (67% of total)    
2026-03-09 07:18:14 DVF Vote Aggregator: Found 0 candidate blocks for round 0    
2026-03-09 07:18:14 DVF Vote Aggregator: Vote pool size: 0 votes total    
2026-03-09 07:18:15 DVF Vote Aggregator: ===== Checking vote accumulation for round 0 =====    
2026-03-09 07:18:15 DVF Vote Aggregator: Total weight: 24000000000000240000, Finality threshold: 16080000000000160800 (67% of total)    
2026-03-09 07:18:15 DVF Vote Aggregator: Found 0 candidate blocks for round 0    
2026-03-09 07:18:15 DVF Vote Aggregator: Vote pool size: 0 votes total    
2026-03-09 07:18:15 DCF Verifier: Block #15 verification passed    
2026-03-09 07:18:15 DCF: Finality advanced from 13 to 14 in epoch 0    
2026-03-09 07:18:15 DCF: Progressive finalization advanced to block 14    
2026-03-09 07:18:15 🏆 Imported #15 (0xeeec…e8f0 → 0xb8c1…209c)    
2026-03-09 07:18:15 DCF: Computed PoI score for validator=88dc3417d5058ec4b4503e0c12ea1a0a89be200fe98922423d4334014fa6b0ee (5FA9nQDV...), score=0, block=15    
2026-03-09 07:18:15 DCF: Computed PoI score for validator=d17c2d7823ebf260fd138f2d7e27d114c0145d968b5ff5006125f2414fadae69 (5GoNkf6W...), score=0, block=15    
2026-03-09 07:18:15 DCF: Computed PoI score for validator=439660b36c6c03afafca027b910b4fecf99801834c62a5e6006f27d978de234f (5DbKjhNL...), score=0, block=15    
2026-03-09 07:18:15 DCF off-chain worker completed computation    
2026-03-09 07:18:16 DVF Vote Aggregator: ===== Checking vote accumulation for round 0 =====    
2026-03-09 07:18:16 DVF Vote Aggregator: Total weight: 24000000000000240000, Finality threshold: 16080000000000160800 (67% of total)    
2026-03-09 07:18:16 DVF Vote Aggregator: Found 0 candidate blocks for round 0    
2026-03-09 07:18:16 DVF Vote Aggregator: Vote pool size: 0 votes total    
2026-03-09 07:18:17 DCF Verifier: Block #16 verification passed    
2026-03-09 07:18:17 DCF: Finality advanced from 14 to 15 in epoch 0    
2026-03-09 07:18:17 DCF: Progressive finalization advanced to block 15    
2026-03-09 07:18:17 🏆 Imported #16 (0xb8c1…209c → 0x58e9…fe74)    
2026-03-09 07:18:17 DVF Vote Aggregator: ===== Checking vote accumulation for round 0 =====    
2026-03-09 07:18:17 DVF Vote Aggregator: Total weight: 24000000000000240000, Finality threshold: 16080000000000160800 (67% of total)    
2026-03-09 07:18:17 DVF Vote Aggregator: Found 0 candidate blocks for round 0    
2026-03-09 07:18:17 DVF Vote Aggregator: Vote pool size: 0 votes total    
2026-03-09 07:18:17 💤 Idle (2 peers), best: #16 (0x58e9…fe74), finalized #10 (0xfffc…bbe6), ⬇ 1.2kiB/s ⬆ 1.3kiB/s    
2026-03-09 07:18:18 DVF Vote Aggregator: ===== Checking vote accumulation for round 0 =====    
2026-03-09 07:18:18 DVF Vote Aggregator: Total weight: 24000000000000240000, Finality threshold: 16080000000000160800 (67% of total)    
2026-03-09 07:18:18 DVF Vote Aggregator: Found 0 candidate blocks for round 0    
2026-03-09 07:18:18 DVF Vote Aggregator: Vote pool size: 0 votes total    
2026-03-09 07:18:19 DVF Vote Aggregator: ===== Checking vote accumulation for round 0 =====    
2026-03-09 07:18:19 DVF Vote Aggregator: Total weight: 24000000000000240000, Finality threshold: 16080000000000160800 (67% of total)    
2026-03-09 07:18:19 DVF Vote Aggregator: Found 0 candidate blocks for round 0    
2026-03-09 07:18:19 DVF Vote Aggregator: Vote pool size: 0 votes total    
[2026-03-22T07:18:13.967Z] [ThreadId(3)] ============== [CBC-TRACE] 41. [dcf.rs::run] Active validators retrieved: 3 validators ==============
[2026-03-22T07:18:13.967Z] [ThreadId(3)] ============== [CBC-TRACE] 42. [dcf.rs::run] Author selection for block 14 started ==============
[2026-03-22T07:18:13.967Z] [ThreadId(3)] ============== [CBC-TRACE] 43. [dcf.rs::run] Expected author selected: d17c2d7823ebf260fd138f2d7e27d114c0145d968b5ff5006125f2414fadae69 (5GoNkf6W...) (method: runtime_deterministic) ==============
[2026-03-22T07:18:13.967Z] [ThreadId(3)] ============== [CBC-TRACE] 44. [dcf.rs::run] Block production triggered for block 14 ==============
[2026-03-22T07:18:13.967Z] [ThreadId(3)] ============== [CBC-TRACE] 45. [proposer_factory.rs::create_complete_block] Proposer factory create_complete_block entered ==============
[2026-03-22T07:18:13.967Z] [ThreadId(3)] ============== [CBC-TRACE] 46. [proposer_factory.rs::create_complete_block] Inherent data generated ==============
[2026-03-22T07:18:13.968Z] [ThreadId(3)] ============== [CBC-TRACE] 47. [proposer_factory.rs::create_complete_block] Transactions harvested from mempool (0 transactions) ==============
[2026-03-22T07:18:13.968Z] [ThreadId(3)] ============== [CBC-TRACE] 48. [proposer_factory.rs::create_complete_block] PreRuntime author digest added to header ==============
[2026-03-22T07:18:13.968Z] [ThreadId(3)] ============== [CBC-TRACE] 49. [proposer_factory.rs::create_complete_block] Substrate build_block executing ==============
[2026-03-22T07:18:13.968Z] [ThreadId(3)] ============== [CBC-TRACE] 50. [proposer_factory.rs::build_block_with_state_root] State root computed for block 14 ==============
[2026-03-22T07:18:13.968Z] [ThreadId(3)] ============== [CBC-TRACE] 51. [proposer_factory.rs::build_block_with_state_root] Block 14 sealed successfully ==============
[2026-03-22T07:18:13.968Z] [ThreadId(3)] ============== [CBC-TRACE] 52. [proposer_factory.rs::create_complete_block] Block 14 dispatched to import pipeline ==============
[2026-03-22T07:18:13.969Z] [ThreadId(3)] ============== [CBC-TRACE] 53. [dcf.rs::update_consensus_state] Consensus state updated after block production (block: 14, slot: 7, total: 7) ==============
[2026-03-22T07:18:13.969Z] [ThreadId(3)] ============== [CBC-TRACE] 54. [dcf.rs::update_consensus_state] Author scores updated - PoS: 8000000000000000, PoI: 80, Combined: 81, Trust: 7538, Uptime: 100, Inferences: 0, Participation: 100%, Missed: 0 ==============
[2026-03-22T07:18:19.814Z] [ThreadId(3)] ============== [CBC-TRACE] 65. [service.rs::dvf-finality-sync] Finality check iteration started ==============
2026-03-09 07:18:19 Client finalized head (#10) is ahead of DVF finalized head (#0)!    
[2026-03-22T07:18:19.815Z] [ThreadId(3)] ============== [CBC-TRACE] 66. [service.rs::dvf-finality-sync] DVF finalized block retrieved (block 0) ==============
[2026-03-22T07:18:19.815Z] [ThreadId(3)] ============== [CBC-TRACE] 67. [service.rs::dvf-finality-sync] Client finalized block retrieved (block 10) ==============
[2026-03-22T07:18:19.976Z] [ThreadId(2)] ============== [CBC-TRACE] 40. [dcf.rs::run] Consensus loop iteration started for block 17 ==============
2026-03-09 07:18:19 DCF: Finality advanced from 15 to 16 in epoch 0    
2026-03-09 07:18:19 DCF: Progressive finalization advanced to block 16    
2026-03-09 07:18:19 ProposerFactory: Successfully created block #17 with 1 extrinsics    
2026-03-09 07:18:19 DCF: Finality advanced from 15 to 16 in epoch 0    
2026-03-09 07:18:19 DCF: Progressive finalization advanced to block 16    
2026-03-09 07:18:19 🏆 Imported #17 (0x58e9…fe74 → 0x21fe…eaf1)    
2026-03-09 07:18:20 DVF Vote Aggregator: ===== Checking vote accumulation for round 0 =====    
2026-03-09 07:18:20 DVF Vote Aggregator: Total weight: 24000000000000240000, Finality threshold: 16080000000000160800 (67% of total)    
2026-03-09 07:18:20 DVF Vote Aggregator: Found 0 candidate blocks for round 0    
2026-03-09 07:18:20 DVF Vote Aggregator: Vote pool size: 0 votes total    
2026-03-09 07:18:21 DVF Vote Aggregator: ===== Checking vote accumulation for round 0 =====    
2026-03-09 07:18:21 DVF Vote Aggregator: Total weight: 24000000000000240000, Finality threshold: 16080000000000160800 (67% of total)    
2026-03-09 07:18:21 DVF Vote Aggregator: Found 0 candidate blocks for round 0    
2026-03-09 07:18:21 DVF Vote Aggregator: Vote pool size: 0 votes total    
2026-03-09 07:18:21 DCF Verifier: Block #18 verification passed    
2026-03-09 07:18:21 DCF: Finality advanced from 16 to 17 in epoch 0    
2026-03-09 07:18:21 DCF: Progressive finalization advanced to block 17    
2026-03-09 07:18:21 🏆 Imported #18 (0x21fe…eaf1 → 0x2f77…fe68)    
2026-03-09 07:18:22 DVF Vote Aggregator: ===== Checking vote accumulation for round 0 =====    
2026-03-09 07:18:22 DVF Vote Aggregator: Total weight: 24000000000000240000, Finality threshold: 16080000000000160800 (67% of total)    
2026-03-09 07:18:22 DVF Vote Aggregator: Found 0 candidate blocks for round 0    
2026-03-09 07:18:22 DVF Vote Aggregator: Vote pool size: 0 votes total    
2026-03-09 07:18:22 💤 Idle (2 peers), best: #18 (0x2f77…fe68), finalized #10 (0xfffc…bbe6), ⬇ 1.1kiB/s ⬆ 1.4kiB/s    
2026-03-09 07:18:23 DCF Verifier: Block #19 verification passed    
2026-03-09 07:18:23 DCF: Finality advanced from 17 to 18 in epoch 0    
2026-03-09 07:18:23 DCF: Progressive finalization advanced to block 18    
2026-03-09 07:18:23 🏆 Imported #19 (0x2f77…fe68 → 0x6d91…25c5)    
2026-03-09 07:18:23 DVF Vote Aggregator: ===== Checking vote accumulation for round 0 =====    
2026-03-09 07:18:23 DVF Vote Aggregator: Total weight: 24000000000000240000, Finality threshold: 16080000000000160800 (67% of total)    
2026-03-09 07:18:23 DVF Vote Aggregator: Found 0 candidate blocks for round 0    
2026-03-09 07:18:23 DVF Vote Aggregator: Vote pool size: 0 votes total    
2026-03-09 07:18:24 DVF Vote Aggregator: ===== Checking vote accumulation for round 0 =====    
2026-03-09 07:18:24 DVF Vote Aggregator: Total weight: 24000000000000240000, Finality threshold: 16080000000000160800 (67% of total)    
2026-03-09 07:18:24 DVF Vote Aggregator: Found 0 candidate blocks for round 0    
2026-03-09 07:18:24 DVF Vote Aggregator: Vote pool size: 0 votes total    
2026-03-09 07:18:25 DVF Vote Aggregator: ===== Checking vote accumulation for round 0 =====    
2026-03-09 07:18:25 DVF Vote Aggregator: Total weight: 24000000000000240000, Finality threshold: 16080000000000160800 (67% of total)    
2026-03-09 07:18:25 DVF Vote Aggregator: Found 0 candidate blocks for round 0    
2026-03-09 07:18:25 DVF Vote Aggregator: Vote pool size: 0 votes total    
[2026-03-22T07:18:19.977Z] [ThreadId(2)] ============== [CBC-TRACE] 41. [dcf.rs::run] Active validators retrieved: 3 validators ==============
[2026-03-22T07:18:19.977Z] [ThreadId(2)] ============== [CBC-TRACE] 42. [dcf.rs::run] Author selection for block 17 started ==============
[2026-03-22T07:18:19.977Z] [ThreadId(2)] ============== [CBC-TRACE] 43. [dcf.rs::run] Expected author selected: 439660b36c6c03afafca027b910b4fecf99801834c62a5e6006f27d978de234f (5DbKjhNL...) (method: runtime_deterministic) ==============
[2026-03-22T07:18:19.977Z] [ThreadId(2)] ============== [CBC-TRACE] 44. [dcf.rs::run] Block production triggered for block 17 ==============
[2026-03-22T07:18:19.977Z] [ThreadId(2)] ============== [CBC-TRACE] 45. [proposer_factory.rs::create_complete_block] Proposer factory create_complete_block entered ==============
[2026-03-22T07:18:19.977Z] [ThreadId(2)] ============== [CBC-TRACE] 46. [proposer_factory.rs::create_complete_block] Inherent data generated ==============
[2026-03-22T07:18:19.977Z] [ThreadId(2)] ============== [CBC-TRACE] 47. [proposer_factory.rs::create_complete_block] Transactions harvested from mempool (0 transactions) ==============
[2026-03-22T07:18:19.977Z] [ThreadId(2)] ============== [CBC-TRACE] 48. [proposer_factory.rs::create_complete_block] PreRuntime author digest added to header ==============
[2026-03-22T07:18:19.977Z] [ThreadId(2)] ============== [CBC-TRACE] 49. [proposer_factory.rs::create_complete_block] Substrate build_block executing ==============
[2026-03-22T07:18:19.978Z] [ThreadId(2)] ============== [CBC-TRACE] 50. [proposer_factory.rs::build_block_with_state_root] State root computed for block 17 ==============
[2026-03-22T07:18:19.978Z] [ThreadId(2)] ============== [CBC-TRACE] 51. [proposer_factory.rs::build_block_with_state_root] Block 17 sealed successfully ==============
[2026-03-22T07:18:19.978Z] [ThreadId(2)] ============== [CBC-TRACE] 52. [proposer_factory.rs::create_complete_block] Block 17 dispatched to import pipeline ==============
[2026-03-22T07:18:19.979Z] [ThreadId(2)] ============== [CBC-TRACE] 53. [dcf.rs::update_consensus_state] Consensus state updated after block production (block: 17, slot: 8, total: 8) ==============
[2026-03-22T07:18:19.982Z] [ThreadId(2)] ============== [CBC-TRACE] 54. [dcf.rs::update_consensus_state] Author scores updated - PoS: 6000000000000000, PoI: 80, Combined: 100, Trust: 7612, Uptime: 100, Inferences: 0, Participation: 100%, Missed: 0 ==============
[2026-03-22T07:18:25.816Z] [ThreadId(3)] ============== [CBC-TRACE] 65. [service.rs::dvf-finality-sync] Finality check iteration started ==============
2026-03-09 07:18:25 Client finalized head (#10) is ahead of DVF finalized head (#0)!    
[2026-03-22T07:18:25.816Z] [ThreadId(3)] ============== [CBC-TRACE] 66. [service.rs::dvf-finality-sync] DVF finalized block retrieved (block 0) ==============
[2026-03-22T07:18:25.816Z] [ThreadId(3)] ============== [CBC-TRACE] 67. [service.rs::dvf-finality-sync] Client finalized block retrieved (block 10) ==============
[2026-03-22T07:18:25.992Z] [ThreadId(3)] ============== [CBC-TRACE] 40. [dcf.rs::run] Consensus loop iteration started for block 20 ==============
2026-03-09 07:18:25 DCF: Finality advanced from 18 to 19 in epoch 0    
2026-03-09 07:18:25 DCF: Progressive finalization advanced to block 19    
2026-03-09 07:18:25 ProposerFactory: Successfully created block #20 with 1 extrinsics    
2026-03-09 07:18:25 DCF: Finality advanced from 18 to 19 in epoch 0    
2026-03-09 07:18:25 DCF: Progressive finalization advanced to block 19    
2026-03-09 07:18:25 PoS+PoI: Consensus Health - Block: 20, Slot: 9, Validators: 3, Healthy: 3, Avg Score: 90    
2026-03-09 07:18:25 DVF Vote Creator: Creating vote for block #20 (0x21582656aa0d6fe25975aa04631eb166f2e009e4eb8d3aad84a9c9924b6ae3a8)    
2026-03-09 07:18:25 DCF: Computed PoI score for validator=88dc3417d5058ec4b4503e0c12ea1a0a89be200fe98922423d4334014fa6b0ee (5FA9nQDV...), score=0, block=20    
2026-03-09 07:18:25 DCF: Computed PoI score for validator=d17c2d7823ebf260fd138f2d7e27d114c0145d968b5ff5006125f2414fadae69 (5GoNkf6W...), score=0, block=20    
2026-03-09 07:18:25 DCF: Computed PoI score for validator=439660b36c6c03afafca027b910b4fecf99801834c62a5e6006f27d978de234f (5DbKjhNL...), score=0, block=20    
2026-03-09 07:18:25 DCF off-chain worker completed computation    
2026-03-09 07:18:25 DVF Vote Creator: Vote inserted into local pool successfully    
2026-03-09 07:18:25 DVF Vote Creator: Successfully broadcast vote for block #20 (epoch: 0, round: 0, validator_set: 0)    
2026-03-09 07:18:25 🏆 Imported #20 (0x6d91…25c5 → 0x2158…e3a8)    
2026-03-09 07:18:26 DVF Gossip Validator: Accepted vote for block #20 (0x21582656aa0d6fe25975aa04631eb166f2e009e4eb8d3aad84a9c9924b6ae3a8) from validator d17c2d7823ebf260fd138f2d7e27d114c0145d968b5ff5006125f2414fadae69 (5GoNkf6W...) (round: 0, epoch: 0, validator_set: 0)    
2026-03-09 07:18:26 DVF Gossip Validator: Vote inserted into pool successfully    
2026-03-09 07:18:26 DVF Gossip Validator: Accepted vote for block #20 (0x21582656aa0d6fe25975aa04631eb166f2e009e4eb8d3aad84a9c9924b6ae3a8) from validator 439660b36c6c03afafca027b910b4fecf99801834c62a5e6006f27d978de234f (5DbKjhNL...) (round: 0, epoch: 0, validator_set: 0)    
2026-03-09 07:18:26 DVF Gossip Validator: Vote inserted into pool successfully    
2026-03-09 07:18:26 DVF Vote Aggregator: ===== Checking vote accumulation for round 0 =====    
2026-03-09 07:18:26 DVF Vote Aggregator: Total weight: 24000000000000240000, Finality threshold: 16080000000000160800 (67% of total)    
2026-03-09 07:18:26 DVF Vote Aggregator: Found 1 candidate blocks for round 0    
2026-03-09 07:18:26 DVF Vote Aggregator: Vote pool size: 3 votes total    
2026-03-09 07:18:26 DVF Vote Aggregator: Found 3 votes for block 0x21582656aa0d6fe25975aa04631eb166f2e009e4eb8d3aad84a9c9924b6ae3a8 in round 0    
2026-03-09 07:18:26 DVF Vote Aggregator:   - Validator 88dc3417d5058ec4b4503e0c12ea1a0a89be200fe98922423d4334014fa6b0ee (5FA9nQDV...) voted with weight 10000000000000080000    
2026-03-09 07:18:26 DVF Vote Aggregator:   - Validator d17c2d7823ebf260fd138f2d7e27d114c0145d968b5ff5006125f2414fadae69 (5GoNkf6W...) voted with weight 8000000000000080000    
2026-03-09 07:18:26 DVF Vote Aggregator:   - Validator 439660b36c6c03afafca027b910b4fecf99801834c62a5e6006f27d978de234f (5DbKjhNL...) voted with weight 6000000000000080000    
2026-03-09 07:18:26 DVF Vote Aggregator: Total accumulated weight for block 0x21582656aa0d6fe25975aa04631eb166f2e009e4eb8d3aad84a9c9924b6ae3a8: 24000000000000240000 (from 3 votes)    
2026-03-09 07:18:26 DVF Vote Aggregator: Block 0x21582656aa0d6fe25975aa04631eb166f2e009e4eb8d3aad84a9c9924b6ae3a8 has accumulated weight 24000000000000240000 (threshold: 16080000000000160800, reached: true)    
2026-03-09 07:18:26 DVF Vote Aggregator: Block 0x21582656aa0d6fe25975aa04631eb166f2e009e4eb8d3aad84a9c9924b6ae3a8 reached finality threshold! Weight: 24000000000000240000, Threshold: 16080000000000160800    
2026-03-09 07:18:26 DVF Vote Aggregator: Triggering justification construction for block 0x21582656aa0d6fe25975aa04631eb166f2e009e4eb8d3aad84a9c9924b6ae3a8 (round: 0, weight: 24000000000000240000)    
2026-03-09 07:18:26 DVF Justification Builder: Constructing justification for block 0x21582656aa0d6fe25975aa04631eb166f2e009e4eb8d3aad84a9c9924b6ae3a8 in round 0    
2026-03-09 07:18:26 DVF Justification Builder: Selected 2 votes with accumulated weight 18000000000000160000 (threshold: 16080000000000160800)    
2026-03-09 07:18:26 DVF Justification Builder: Constructed justification with 2 votes, accumulated weight 18000000000000160000 (threshold: 16080000000000160800)    
2026-03-09 07:18:26 DVF Justification Builder: Justification constructed for block 0x21582656aa0d6fe25975aa04631eb166f2e009e4eb8d3aad84a9c9924b6ae3a8, round 0, 2 votes, weight 18000000000000160000    
2026-03-09 07:18:26 DVF Vote Aggregator: Successfully constructed justification with 2 votes    
2026-03-09 07:18:26 DVF Vote Aggregator: Justification constructed for block #20 (0x21582656aa0d6fe25975aa04631eb166f2e009e4eb8d3aad84a9c9924b6ae3a8) with 2 votes, weight: 24000000000000240000    
2026-03-09 07:18:26 DVF Vote Aggregator: Encoded justification (389 bytes) for block #20 (0x21582656aa0d6fe25975aa04631eb166f2e009e4eb8d3aad84a9c9924b6ae3a8)    
2026-03-09 07:18:26 DVF Vote Aggregator: Successfully finalized block #20 (0x21582656aa0d6fe25975aa04631eb166f2e009e4eb8d3aad84a9c9924b6ae3a8) with justification    
2026-03-09 07:18:26 DVF Vote Aggregator: Finality latency for round 0: 0.00s    
2026-03-09 07:18:27 DVF Vote Aggregator: ===== Checking vote accumulation for round 0 =====    
2026-03-09 07:18:27 DVF Vote Aggregator: Total weight: 24000000000000240000, Finality threshold: 16080000000000160800 (67% of total)    
2026-03-09 07:18:27 DVF Vote Aggregator: Found 1 candidate blocks for round 0    
2026-03-09 07:18:27 DVF Vote Aggregator: Vote pool size: 3 votes total    
2026-03-09 07:18:27 DVF Vote Aggregator: Found 3 votes for block 0x21582656aa0d6fe25975aa04631eb166f2e009e4eb8d3aad84a9c9924b6ae3a8 in round 0    
2026-03-09 07:18:27 DVF Vote Aggregator:   - Validator 88dc3417d5058ec4b4503e0c12ea1a0a89be200fe98922423d4334014fa6b0ee (5FA9nQDV...) voted with weight 10000000000000080000    
2026-03-09 07:18:27 DVF Vote Aggregator:   - Validator d17c2d7823ebf260fd138f2d7e27d114c0145d968b5ff5006125f2414fadae69 (5GoNkf6W...) voted with weight 8000000000000080000    
2026-03-09 07:18:27 DVF Vote Aggregator:   - Validator 439660b36c6c03afafca027b910b4fecf99801834c62a5e6006f27d978de234f (5DbKjhNL...) voted with weight 6000000000000080000    
2026-03-09 07:18:27 DVF Vote Aggregator: Total accumulated weight for block 0x21582656aa0d6fe25975aa04631eb166f2e009e4eb8d3aad84a9c9924b6ae3a8: 24000000000000240000 (from 3 votes)    
2026-03-09 07:18:27 DVF Vote Aggregator: Block 0x21582656aa0d6fe25975aa04631eb166f2e009e4eb8d3aad84a9c9924b6ae3a8 has accumulated weight 24000000000000240000 (threshold: 16080000000000160800, reached: true)    
2026-03-09 07:18:27 DVF Vote Aggregator: Block 0x21582656aa0d6fe25975aa04631eb166f2e009e4eb8d3aad84a9c9924b6ae3a8 reached finality threshold! Weight: 24000000000000240000, Threshold: 16080000000000160800    
2026-03-09 07:18:27 DVF Vote Aggregator: Triggering justification construction for block 0x21582656aa0d6fe25975aa04631eb166f2e009e4eb8d3aad84a9c9924b6ae3a8 (round: 0, weight: 24000000000000240000)    
2026-03-09 07:18:27 DVF Justification Builder: Constructing justification for block 0x21582656aa0d6fe25975aa04631eb166f2e009e4eb8d3aad84a9c9924b6ae3a8 in round 0    
2026-03-09 07:18:27 DVF Justification Builder: Selected 2 votes with accumulated weight 18000000000000160000 (threshold: 16080000000000160800)    
2026-03-09 07:18:27 DVF Justification Builder: Constructed justification with 2 votes, accumulated weight 18000000000000160000 (threshold: 16080000000000160800)    
2026-03-09 07:18:27 DVF Justification Builder: Justification constructed for block 0x21582656aa0d6fe25975aa04631eb166f2e009e4eb8d3aad84a9c9924b6ae3a8, round 0, 2 votes, weight 18000000000000160000    
2026-03-09 07:18:27 DVF Vote Aggregator: Successfully constructed justification with 2 votes    
2026-03-09 07:18:27 DVF Vote Aggregator: Justification constructed for block #20 (0x21582656aa0d6fe25975aa04631eb166f2e009e4eb8d3aad84a9c9924b6ae3a8) with 2 votes, weight: 24000000000000240000    
2026-03-09 07:18:27 DVF Vote Aggregator: Encoded justification (389 bytes) for block #20 (0x21582656aa0d6fe25975aa04631eb166f2e009e4eb8d3aad84a9c9924b6ae3a8)    
2026-03-09 07:18:27 Possible safety violation: attempted to re-finalize last finalized block 0x21582656aa0d6fe25975aa04631eb166f2e009e4eb8d3aad84a9c9924b6ae3a8     
2026-03-09 07:18:27 DVF Vote Aggregator: Successfully finalized block #20 (0x21582656aa0d6fe25975aa04631eb166f2e009e4eb8d3aad84a9c9924b6ae3a8) with justification    
2026-03-09 07:18:27 DVF Vote Aggregator: Finality latency for round 0: 0.00s    
2026-03-09 07:18:27 DCF Verifier: Block #21 verification passed    
2026-03-09 07:18:27 DCF: Finality advanced from 19 to 20 in epoch 0    
2026-03-09 07:18:27 DCF: Progressive finalization advanced to block 20    
2026-03-09 07:18:27 🏆 Imported #21 (0x2158…e3a8 → 0x98cd…61c7)    
2026-03-09 07:18:27 💤 Idle (2 peers), best: #21 (0x98cd…61c7), finalized #20 (0x2158…e3a8), ⬇ 1.6kiB/s ⬆ 1.8kiB/s    
2026-03-09 07:18:28 DVF Vote Aggregator: ===== Checking vote accumulation for round 0 =====    
2026-03-09 07:18:28 DVF Vote Aggregator: Total weight: 24000000000000240000, Finality threshold: 16080000000000160800 (67% of total)    
2026-03-09 07:18:28 DVF Vote Aggregator: Found 1 candidate blocks for round 0    
2026-03-09 07:18:28 DVF Vote Aggregator: Vote pool size: 3 votes total    
2026-03-09 07:18:28 DVF Vote Aggregator: Found 3 votes for block 0x21582656aa0d6fe25975aa04631eb166f2e009e4eb8d3aad84a9c9924b6ae3a8 in round 0    
2026-03-09 07:18:28 DVF Vote Aggregator:   - Validator 88dc3417d5058ec4b4503e0c12ea1a0a89be200fe98922423d4334014fa6b0ee (5FA9nQDV...) voted with weight 10000000000000080000    
2026-03-09 07:18:28 DVF Vote Aggregator:   - Validator d17c2d7823ebf260fd138f2d7e27d114c0145d968b5ff5006125f2414fadae69 (5GoNkf6W...) voted with weight 8000000000000080000    
2026-03-09 07:18:28 DVF Vote Aggregator:   - Validator 439660b36c6c03afafca027b910b4fecf99801834c62a5e6006f27d978de234f (5DbKjhNL...) voted with weight 6000000000000080000    
2026-03-09 07:18:28 DVF Vote Aggregator: Total accumulated weight for block 0x21582656aa0d6fe25975aa04631eb166f2e009e4eb8d3aad84a9c9924b6ae3a8: 24000000000000240000 (from 3 votes)    
2026-03-09 07:18:28 DVF Vote Aggregator: Block 0x21582656aa0d6fe25975aa04631eb166f2e009e4eb8d3aad84a9c9924b6ae3a8 has accumulated weight 24000000000000240000 (threshold: 16080000000000160800, reached: true)    
2026-03-09 07:18:28 DVF Vote Aggregator: Block 0x21582656aa0d6fe25975aa04631eb166f2e009e4eb8d3aad84a9c9924b6ae3a8 reached finality threshold! Weight: 24000000000000240000, Threshold: 16080000000000160800    
2026-03-09 07:18:28 DVF Vote Aggregator: Triggering justification construction for block 0x21582656aa0d6fe25975aa04631eb166f2e009e4eb8d3aad84a9c9924b6ae3a8 (round: 0, weight: 24000000000000240000)    
2026-03-09 07:18:28 DVF Justification Builder: Constructing justification for block 0x21582656aa0d6fe25975aa04631eb166f2e009e4eb8d3aad84a9c9924b6ae3a8 in round 0    
2026-03-09 07:18:28 DVF Justification Builder: Selected 2 votes with accumulated weight 18000000000000160000 (threshold: 16080000000000160800)    
2026-03-09 07:18:28 DVF Justification Builder: Constructed justification with 2 votes, accumulated weight 18000000000000160000 (threshold: 16080000000000160800)    
2026-03-09 07:18:28 DVF Justification Builder: Justification constructed for block 0x21582656aa0d6fe25975aa04631eb166f2e009e4eb8d3aad84a9c9924b6ae3a8, round 0, 2 votes, weight 18000000000000160000    
2026-03-09 07:18:28 DVF Vote Aggregator: Successfully constructed justification with 2 votes    
2026-03-09 07:18:28 DVF Vote Aggregator: Justification constructed for block #20 (0x21582656aa0d6fe25975aa04631eb166f2e009e4eb8d3aad84a9c9924b6ae3a8) with 2 votes, weight: 24000000000000240000    
2026-03-09 07:18:28 DVF Vote Aggregator: Encoded justification (389 bytes) for block #20 (0x21582656aa0d6fe25975aa04631eb166f2e009e4eb8d3aad84a9c9924b6ae3a8)    
2026-03-09 07:18:28 Possible safety violation: attempted to re-finalize last finalized block 0x21582656aa0d6fe25975aa04631eb166f2e009e4eb8d3aad84a9c9924b6ae3a8     
2026-03-09 07:18:28 DVF Vote Aggregator: Successfully finalized block #20 (0x21582656aa0d6fe25975aa04631eb166f2e009e4eb8d3aad84a9c9924b6ae3a8) with justification    
2026-03-09 07:18:28 DVF Vote Aggregator: Finality latency for round 0: 0.00s    
2026-03-09 07:18:29 DVF Vote Aggregator: ===== Checking vote accumulation for round 0 =====    
2026-03-09 07:18:29 DVF Vote Aggregator: Total weight: 24000000000000240000, Finality threshold: 16080000000000160800 (67% of total)    
2026-03-09 07:18:29 DVF Vote Aggregator: Found 1 candidate blocks for round 0    
2026-03-09 07:18:29 DVF Vote Aggregator: Vote pool size: 3 votes total    
2026-03-09 07:18:29 DVF Vote Aggregator: Found 3 votes for block 0x21582656aa0d6fe25975aa04631eb166f2e009e4eb8d3aad84a9c9924b6ae3a8 in round 0    
2026-03-09 07:18:29 DVF Vote Aggregator:   - Validator 88dc3417d5058ec4b4503e0c12ea1a0a89be200fe98922423d4334014fa6b0ee (5FA9nQDV...) voted with weight 10000000000000080000    
2026-03-09 07:18:29 DVF Vote Aggregator:   - Validator d17c2d7823ebf260fd138f2d7e27d114c0145d968b5ff5006125f2414fadae69 (5GoNkf6W...) voted with weight 8000000000000080000    
2026-03-09 07:18:29 DVF Vote Aggregator:   - Validator 439660b36c6c03afafca027b910b4fecf99801834c62a5e6006f27d978de234f (5DbKjhNL...) voted with weight 6000000000000080000    
2026-03-09 07:18:29 DVF Vote Aggregator: Total accumulated weight for block 0x21582656aa0d6fe25975aa04631eb166f2e009e4eb8d3aad84a9c9924b6ae3a8: 24000000000000240000 (from 3 votes)    
2026-03-09 07:18:29 DVF Vote Aggregator: Block 0x21582656aa0d6fe25975aa04631eb166f2e009e4eb8d3aad84a9c9924b6ae3a8 has accumulated weight 24000000000000240000 (threshold: 16080000000000160800, reached: true)    
2026-03-09 07:18:29 DCF Verifier: Block #22 verification passed    
2026-03-09 07:18:29 DVF Vote Aggregator: Block 0x21582656aa0d6fe25975aa04631eb166f2e009e4eb8d3aad84a9c9924b6ae3a8 reached finality threshold! Weight: 24000000000000240000, Threshold: 16080000000000160800    
2026-03-09 07:18:29 DVF Vote Aggregator: Triggering justification construction for block 0x21582656aa0d6fe25975aa04631eb166f2e009e4eb8d3aad84a9c9924b6ae3a8 (round: 0, weight: 24000000000000240000)    
2026-03-09 07:18:29 DVF Justification Builder: Constructing justification for block 0x21582656aa0d6fe25975aa04631eb166f2e009e4eb8d3aad84a9c9924b6ae3a8 in round 0    
2026-03-09 07:18:29 DVF Justification Builder: Selected 2 votes with accumulated weight 18000000000000160000 (threshold: 16080000000000160800)    
2026-03-09 07:18:29 DCF: Finality advanced from 20 to 21 in epoch 0    
2026-03-09 07:18:29 DCF: Progressive finalization advanced to block 21    
2026-03-09 07:18:29 DVF Justification Builder: Constructed justification with 2 votes, accumulated weight 18000000000000160000 (threshold: 16080000000000160800)    
2026-03-09 07:18:29 DVF Justification Builder: Justification constructed for block 0x21582656aa0d6fe25975aa04631eb166f2e009e4eb8d3aad84a9c9924b6ae3a8, round 0, 2 votes, weight 18000000000000160000    
2026-03-09 07:18:29 DVF Vote Aggregator: Successfully constructed justification with 2 votes    
2026-03-09 07:18:29 DVF Vote Aggregator: Justification constructed for block #20 (0x21582656aa0d6fe25975aa04631eb166f2e009e4eb8d3aad84a9c9924b6ae3a8) with 2 votes, weight: 24000000000000240000    
2026-03-09 07:18:29 DVF Vote Aggregator: Encoded justification (389 bytes) for block #20 (0x21582656aa0d6fe25975aa04631eb166f2e009e4eb8d3aad84a9c9924b6ae3a8)    
2026-03-09 07:18:29 Possible safety violation: attempted to re-finalize last finalized block 0x21582656aa0d6fe25975aa04631eb166f2e009e4eb8d3aad84a9c9924b6ae3a8     
2026-03-09 07:18:29 DVF Vote Aggregator: Successfully finalized block #20 (0x21582656aa0d6fe25975aa04631eb166f2e009e4eb8d3aad84a9c9924b6ae3a8) with justification    
2026-03-09 07:18:29 DVF Vote Aggregator: Finality latency for round 0: 0.00s    
2026-03-09 07:18:29 🏆 Imported #22 (0x98cd…61c7 → 0xe9a4…34c6)    
2026-03-09 07:18:30 DVF Vote Aggregator: ===== Checking vote accumulation for round 0 =====    
2026-03-09 07:18:30 DVF Vote Aggregator: Total weight: 24000000000000240000, Finality threshold: 16080000000000160800 (67% of total)    
2026-03-09 07:18:30 DVF Vote Aggregator: Found 1 candidate blocks for round 0    
2026-03-09 07:18:30 DVF Vote Aggregator: Vote pool size: 3 votes total    
2026-03-09 07:18:30 DVF Vote Aggregator: Found 3 votes for block 0x21582656aa0d6fe25975aa04631eb166f2e009e4eb8d3aad84a9c9924b6ae3a8 in round 0    
2026-03-09 07:18:30 DVF Vote Aggregator:   - Validator 88dc3417d5058ec4b4503e0c12ea1a0a89be200fe98922423d4334014fa6b0ee (5FA9nQDV...) voted with weight 10000000000000080000    
2026-03-09 07:18:30 DVF Vote Aggregator:   - Validator d17c2d7823ebf260fd138f2d7e27d114c0145d968b5ff5006125f2414fadae69 (5GoNkf6W...) voted with weight 8000000000000080000    
2026-03-09 07:18:30 DVF Vote Aggregator:   - Validator 439660b36c6c03afafca027b910b4fecf99801834c62a5e6006f27d978de234f (5DbKjhNL...) voted with weight 6000000000000080000    
2026-03-09 07:18:30 DVF Vote Aggregator: Total accumulated weight for block 0x21582656aa0d6fe25975aa04631eb166f2e009e4eb8d3aad84a9c9924b6ae3a8: 24000000000000240000 (from 3 votes)    
2026-03-09 07:18:30 DVF Vote Aggregator: Block 0x21582656aa0d6fe25975aa04631eb166f2e009e4eb8d3aad84a9c9924b6ae3a8 has accumulated weight 24000000000000240000 (threshold: 16080000000000160800, reached: true)    
2026-03-09 07:18:30 DVF Vote Aggregator: Block 0x21582656aa0d6fe25975aa04631eb166f2e009e4eb8d3aad84a9c9924b6ae3a8 reached finality threshold! Weight: 24000000000000240000, Threshold: 16080000000000160800    
2026-03-09 07:18:30 DVF Vote Aggregator: Triggering justification construction for block 0x21582656aa0d6fe25975aa04631eb166f2e009e4eb8d3aad84a9c9924b6ae3a8 (round: 0, weight: 24000000000000240000)    
2026-03-09 07:18:30 DVF Justification Builder: Constructing justification for block 0x21582656aa0d6fe25975aa04631eb166f2e009e4eb8d3aad84a9c9924b6ae3a8 in round 0    
2026-03-09 07:18:30 DVF Justification Builder: Selected 2 votes with accumulated weight 18000000000000160000 (threshold: 16080000000000160800)    
2026-03-09 07:18:30 DVF Justification Builder: Constructed justification with 2 votes, accumulated weight 18000000000000160000 (threshold: 16080000000000160800)    
2026-03-09 07:18:30 DVF Justification Builder: Justification constructed for block 0x21582656aa0d6fe25975aa04631eb166f2e009e4eb8d3aad84a9c9924b6ae3a8, round 0, 2 votes, weight 18000000000000160000    
2026-03-09 07:18:30 DVF Vote Aggregator: Successfully constructed justification with 2 votes    
2026-03-09 07:18:30 DVF Vote Aggregator: Justification constructed for block #20 (0x21582656aa0d6fe25975aa04631eb166f2e009e4eb8d3aad84a9c9924b6ae3a8) with 2 votes, weight: 24000000000000240000    
2026-03-09 07:18:30 DVF Vote Aggregator: Encoded justification (389 bytes) for block #20 (0x21582656aa0d6fe25975aa04631eb166f2e009e4eb8d3aad84a9c9924b6ae3a8)    
2026-03-09 07:18:30 Possible safety violation: attempted to re-finalize last finalized block 0x21582656aa0d6fe25975aa04631eb166f2e009e4eb8d3aad84a9c9924b6ae3a8     
2026-03-09 07:18:30 DVF Vote Aggregator: Successfully finalized block #20 (0x21582656aa0d6fe25975aa04631eb166f2e009e4eb8d3aad84a9c9924b6ae3a8) with justification    
2026-03-09 07:18:30 DVF Vote Aggregator: Finality latency for round 0: 0.00s    
2026-03-09 07:18:31 DVF Vote Aggregator: ===== Checking vote accumulation for round 0 =====    
2026-03-09 07:18:31 DVF Vote Aggregator: Total weight: 24000000000000240000, Finality threshold: 16080000000000160800 (67% of total)    
2026-03-09 07:18:31 DVF Vote Aggregator: Found 1 candidate blocks for round 0    
2026-03-09 07:18:31 DVF Vote Aggregator: Vote pool size: 3 votes total    
2026-03-09 07:18:31 DVF Vote Aggregator: Found 3 votes for block 0x21582656aa0d6fe25975aa04631eb166f2e009e4eb8d3aad84a9c9924b6ae3a8 in round 0    
2026-03-09 07:18:31 DVF Vote Aggregator:   - Validator 88dc3417d5058ec4b4503e0c12ea1a0a89be200fe98922423d4334014fa6b0ee (5FA9nQDV...) voted with weight 10000000000000080000    
2026-03-09 07:18:31 DVF Vote Aggregator:   - Validator d17c2d7823ebf260fd138f2d7e27d114c0145d968b5ff5006125f2414fadae69 (5GoNkf6W...) voted with weight 8000000000000080000    
2026-03-09 07:18:31 DVF Vote Aggregator:   - Validator 439660b36c6c03afafca027b910b4fecf99801834c62a5e6006f27d978de234f (5DbKjhNL...) voted with weight 6000000000000080000    
2026-03-09 07:18:31 DVF Vote Aggregator: Total accumulated weight for block 0x21582656aa0d6fe25975aa04631eb166f2e009e4eb8d3aad84a9c9924b6ae3a8: 24000000000000240000 (from 3 votes)    
2026-03-09 07:18:31 DVF Vote Aggregator: Block 0x21582656aa0d6fe25975aa04631eb166f2e009e4eb8d3aad84a9c9924b6ae3a8 has accumulated weight 24000000000000240000 (threshold: 16080000000000160800, reached: true)    
2026-03-09 07:18:31 DVF Vote Aggregator: Block 0x21582656aa0d6fe25975aa04631eb166f2e009e4eb8d3aad84a9c9924b6ae3a8 reached finality threshold! Weight: 24000000000000240000, Threshold: 16080000000000160800    
2026-03-09 07:18:31 DVF Vote Aggregator: Triggering justification construction for block 0x21582656aa0d6fe25975aa04631eb166f2e009e4eb8d3aad84a9c9924b6ae3a8 (round: 0, weight: 24000000000000240000)    
2026-03-09 07:18:31 DVF Justification Builder: Constructing justification for block 0x21582656aa0d6fe25975aa04631eb166f2e009e4eb8d3aad84a9c9924b6ae3a8 in round 0    
2026-03-09 07:18:31 DVF Justification Builder: Selected 2 votes with accumulated weight 18000000000000160000 (threshold: 16080000000000160800)    
2026-03-09 07:18:31 DVF Justification Builder: Constructed justification with 2 votes, accumulated weight 18000000000000160000 (threshold: 16080000000000160800)    
2026-03-09 07:18:31 DVF Justification Builder: Justification constructed for block 0x21582656aa0d6fe25975aa04631eb166f2e009e4eb8d3aad84a9c9924b6ae3a8, round 0, 2 votes, weight 18000000000000160000    
2026-03-09 07:18:31 DVF Vote Aggregator: Successfully constructed justification with 2 votes    
2026-03-09 07:18:31 DVF Vote Aggregator: Justification constructed for block #20 (0x21582656aa0d6fe25975aa04631eb166f2e009e4eb8d3aad84a9c9924b6ae3a8) with 2 votes, weight: 24000000000000240000    
2026-03-09 07:18:31 DVF Vote Aggregator: Encoded justification (389 bytes) for block #20 (0x21582656aa0d6fe25975aa04631eb166f2e009e4eb8d3aad84a9c9924b6ae3a8)    
2026-03-09 07:18:31 Possible safety violation: attempted to re-finalize last finalized block 0x21582656aa0d6fe25975aa04631eb166f2e009e4eb8d3aad84a9c9924b6ae3a8     
2026-03-09 07:18:31 DVF Vote Aggregator: Successfully finalized block #20 (0x21582656aa0d6fe25975aa04631eb166f2e009e4eb8d3aad84a9c9924b6ae3a8) with justification    
2026-03-09 07:18:31 DVF Vote Aggregator: Finality latency for round 0: 0.00s    
[2026-03-22T07:18:25.992Z] [ThreadId(3)] ============== [CBC-TRACE] 41. [dcf.rs::run] Active validators retrieved: 3 validators ==============
[2026-03-22T07:18:25.992Z] [ThreadId(3)] ============== [CBC-TRACE] 42. [dcf.rs::run] Author selection for block 20 started ==============
[2026-03-22T07:18:25.992Z] [ThreadId(3)] ============== [CBC-TRACE] 43. [dcf.rs::run] Expected author selected: d17c2d7823ebf260fd138f2d7e27d114c0145d968b5ff5006125f2414fadae69 (5GoNkf6W...) (method: runtime_deterministic) ==============
[2026-03-22T07:18:25.992Z] [ThreadId(3)] ============== [CBC-TRACE] 44. [dcf.rs::run] Block production triggered for block 20 ==============
[2026-03-22T07:18:25.993Z] [ThreadId(3)] ============== [CBC-TRACE] 45. [proposer_factory.rs::create_complete_block] Proposer factory create_complete_block entered ==============
[2026-03-22T07:18:25.993Z] [ThreadId(3)] ============== [CBC-TRACE] 46. [proposer_factory.rs::create_complete_block] Inherent data generated ==============
[2026-03-22T07:18:25.993Z] [ThreadId(3)] ============== [CBC-TRACE] 47. [proposer_factory.rs::create_complete_block] Transactions harvested from mempool (0 transactions) ==============
[2026-03-22T07:18:25.993Z] [ThreadId(3)] ============== [CBC-TRACE] 48. [proposer_factory.rs::create_complete_block] PreRuntime author digest added to header ==============
[2026-03-22T07:18:25.993Z] [ThreadId(3)] ============== [CBC-TRACE] 49. [proposer_factory.rs::create_complete_block] Substrate build_block executing ==============
[2026-03-22T07:18:25.993Z] [ThreadId(3)] ============== [CBC-TRACE] 50. [proposer_factory.rs::build_block_with_state_root] State root computed for block 20 ==============
[2026-03-22T07:18:25.993Z] [ThreadId(3)] ============== [CBC-TRACE] 51. [proposer_factory.rs::build_block_with_state_root] Block 20 sealed successfully ==============
[2026-03-22T07:18:25.993Z] [ThreadId(3)] ============== [CBC-TRACE] 52. [proposer_factory.rs::create_complete_block] Block 20 dispatched to import pipeline ==============
[2026-03-22T07:18:25.994Z] [ThreadId(3)] ============== [CBC-TRACE] 53. [dcf.rs::update_consensus_state] Consensus state updated after block production (block: 20, slot: 9, total: 9) ==============
[2026-03-22T07:18:25.994Z] [ThreadId(3)] ============== [CBC-TRACE] 54. [dcf.rs::update_consensus_state] Author scores updated - PoS: 8000000000000000, PoI: 80, Combined: 100, Trust: 7583, Uptime: 100, Inferences: 0, Participation: 100%, Missed: 0 ==============
[2026-03-22T07:18:31.818Z] [ThreadId(3)] ============== [CBC-TRACE] 65. [service.rs::dvf-finality-sync] Finality check iteration started ==============
2026-03-09 07:18:31 Client finalized head (#20) is ahead of DVF finalized head (#0)!    
[2026-03-22T07:18:31.818Z] [ThreadId(3)] ============== [CBC-TRACE] 66. [service.rs::dvf-finality-sync] DVF finalized block retrieved (block 0) ==============
[2026-03-22T07:18:31.818Z] [ThreadId(3)] ============== [CBC-TRACE] 67. [service.rs::dvf-finality-sync] Client finalized block retrieved (block 20) ==============
[2026-03-22T07:18:32.004Z] [ThreadId(6)] ============== [CBC-TRACE] 40. [dcf.rs::run] Consensus loop iteration started for block 23 ==============
2026-03-09 07:18:32 DCF: Finality advanced from 21 to 22 in epoch 0    
2026-03-09 07:18:32 DCF: Progressive finalization advanced to block 22    
2026-03-09 07:18:32 ProposerFactory: Successfully created block #23 with 1 extrinsics    
2026-03-09 07:18:32 DCF: Finality advanced from 21 to 22 in epoch 0    
2026-03-09 07:18:32 DCF: Progressive finalization advanced to block 22    
2026-03-09 07:18:32 🏆 Imported #23 (0xe9a4…34c6 → 0xcea1…b035)    
2026-03-09 07:18:32 DVF Vote Aggregator: ===== Checking vote accumulation for round 0 =====    
2026-03-09 07:18:32 DVF Vote Aggregator: Total weight: 24000000000000240000, Finality threshold: 16080000000000160800 (67% of total)    
2026-03-09 07:18:32 DVF Vote Aggregator: Found 0 candidate blocks for round 0    
2026-03-09 07:18:32 DVF Vote Aggregator: Vote pool size: 0 votes total    
2026-03-09 07:18:32 💤 Idle (2 peers), best: #23 (0xcea1…b035), finalized #20 (0x2158…e3a8), ⬇ 2.3kiB/s ⬆ 2.3kiB/s    
2026-03-09 07:18:33 DVF Vote Aggregator: ===== Checking vote accumulation for round 0 =====    
2026-03-09 07:18:33 DVF Vote Aggregator: Total weight: 24000000000000240000, Finality threshold: 16080000000000160800 (67% of total)    
2026-03-09 07:18:33 DVF Vote Aggregator: Found 0 candidate blocks for round 0    
2026-03-09 07:18:33 DVF Vote Aggregator: Vote pool size: 0 votes total    
2026-03-09 07:18:33 DCF Verifier: Block #24 verification passed    
2026-03-09 07:18:33 DCF: Finality advanced from 22 to 23 in epoch 0    
2026-03-09 07:18:33 DCF: Progressive finalization advanced to block 23    
2026-03-09 07:18:33 🏆 Imported #24 (0xcea1…b035 → 0xeada…7def)    
2026-03-09 07:18:34 DVF Vote Aggregator: ===== Checking vote accumulation for round 0 =====    
2026-03-09 07:18:34 DVF Vote Aggregator: Total weight: 24000000000000240000, Finality threshold: 16080000000000160800 (67% of total)    
2026-03-09 07:18:34 DVF Vote Aggregator: Found 0 candidate blocks for round 0    
2026-03-09 07:18:34 DVF Vote Aggregator: Vote pool size: 0 votes total    
2026-03-09 07:18:35 DVF Vote Aggregator: ===== Checking vote accumulation for round 0 =====    
2026-03-09 07:18:35 DVF Vote Aggregator: Total weight: 24000000000000240000, Finality threshold: 16080000000000160800 (67% of total)    
2026-03-09 07:18:35 DVF Vote Aggregator: Found 0 candidate blocks for round 0    
2026-03-09 07:18:35 DVF Vote Aggregator: Vote pool size: 0 votes total    
2026-03-09 07:18:35 DCF Verifier: Block #25 verification passed    
2026-03-09 07:18:35 DCF: Finality advanced from 23 to 24 in epoch 0    
2026-03-09 07:18:35 DCF: Progressive finalization advanced to block 24    
2026-03-09 07:18:35 🏆 Imported #25 (0xeada…7def → 0xc299…f4af)    
2026-03-09 07:18:35 DCF: Computed PoI score for validator=88dc3417d5058ec4b4503e0c12ea1a0a89be200fe98922423d4334014fa6b0ee (5FA9nQDV...), score=0, block=25    
2026-03-09 07:18:35 DCF: Computed PoI score for validator=d17c2d7823ebf260fd138f2d7e27d114c0145d968b5ff5006125f2414fadae69 (5GoNkf6W...), score=0, block=25    
2026-03-09 07:18:35 DCF: Computed PoI score for validator=439660b36c6c03afafca027b910b4fecf99801834c62a5e6006f27d978de234f (5DbKjhNL...), score=0, block=25    
2026-03-09 07:18:35 DCF off-chain worker completed computation    
2026-03-09 07:18:36 DVF Vote Aggregator: ===== Checking vote accumulation for round 0 =====    
2026-03-09 07:18:36 DVF Vote Aggregator: Total weight: 24000000000000240000, Finality threshold: 16080000000000160800 (67% of total)    
2026-03-09 07:18:36 DVF Vote Aggregator: Found 0 candidate blocks for round 0    
2026-03-09 07:18:36 DVF Vote Aggregator: Vote pool size: 0 votes total    
2026-03-09 07:18:37 DVF Vote Aggregator: ===== Checking vote accumulation for round 0 =====    
2026-03-09 07:18:37 DVF Vote Aggregator: Total weight: 24000000000000240000, Finality threshold: 16080000000000160800 (67% of total)    
2026-03-09 07:18:37 DVF Vote Aggregator: Found 0 candidate blocks for round 0    
2026-03-09 07:18:37 DVF Vote Aggregator: Vote pool size: 0 votes total    
[2026-03-22T07:18:32.004Z] [ThreadId(6)] ============== [CBC-TRACE] 41. [dcf.rs::run] Active validators retrieved: 3 validators ==============
[2026-03-22T07:18:32.004Z] [ThreadId(6)] ============== [CBC-TRACE] 42. [dcf.rs::run] Author selection for block 23 started ==============
[2026-03-22T07:18:32.004Z] [ThreadId(6)] ============== [CBC-TRACE] 43. [dcf.rs::run] Expected author selected: 88dc3417d5058ec4b4503e0c12ea1a0a89be200fe98922423d4334014fa6b0ee (5FA9nQDV...) (method: runtime_deterministic) ==============
[2026-03-22T07:18:32.004Z] [ThreadId(6)] ============== [CBC-TRACE] 44. [dcf.rs::run] Block production triggered for block 23 ==============
[2026-03-22T07:18:32.004Z] [ThreadId(6)] ============== [CBC-TRACE] 45. [proposer_factory.rs::create_complete_block] Proposer factory create_complete_block entered ==============
[2026-03-22T07:18:32.004Z] [ThreadId(6)] ============== [CBC-TRACE] 46. [proposer_factory.rs::create_complete_block] Inherent data generated ==============
[2026-03-22T07:18:32.004Z] [ThreadId(6)] ============== [CBC-TRACE] 47. [proposer_factory.rs::create_complete_block] Transactions harvested from mempool (0 transactions) ==============
[2026-03-22T07:18:32.004Z] [ThreadId(6)] ============== [CBC-TRACE] 48. [proposer_factory.rs::create_complete_block] PreRuntime author digest added to header ==============
[2026-03-22T07:18:32.004Z] [ThreadId(6)] ============== [CBC-TRACE] 49. [proposer_factory.rs::create_complete_block] Substrate build_block executing ==============
[2026-03-22T07:18:32.005Z] [ThreadId(6)] ============== [CBC-TRACE] 50. [proposer_factory.rs::build_block_with_state_root] State root computed for block 23 ==============
[2026-03-22T07:18:32.005Z] [ThreadId(6)] ============== [CBC-TRACE] 51. [proposer_factory.rs::build_block_with_state_root] Block 23 sealed successfully ==============
[2026-03-22T07:18:32.005Z] [ThreadId(6)] ============== [CBC-TRACE] 52. [proposer_factory.rs::create_complete_block] Block 23 dispatched to import pipeline ==============
[2026-03-22T07:18:32.006Z] [ThreadId(6)] ============== [CBC-TRACE] 53. [dcf.rs::update_consensus_state] Consensus state updated after block production (block: 23, slot: 10, total: 10) ==============
[2026-03-22T07:18:32.006Z] [ThreadId(6)] ============== [CBC-TRACE] 54. [dcf.rs::update_consensus_state] Author scores updated - PoS: 10000000000000000, PoI: 80, Combined: 100, Trust: 7599, Uptime: 100, Inferences: 0, Participation: 100%, Missed: 0 ==============
[2026-03-22T07:18:37.819Z] [ThreadId(2)] ============== [CBC-TRACE] 65. [service.rs::dvf-finality-sync] Finality check iteration started ==============
2026-03-09 07:18:37 💤 Idle (2 peers), best: #25 (0xc299…f4af), finalized #20 (0x2158…e3a8), ⬇ 1.9kiB/s ⬆ 1.7kiB/s    
2026-03-09 07:18:37 Client finalized head (#20) is ahead of DVF finalized head (#0)!    
[2026-03-22T07:18:37.819Z] [ThreadId(2)] ============== [CBC-TRACE] 66. [service.rs::dvf-finality-sync] DVF finalized block retrieved (block 0) ==============
[2026-03-22T07:18:37.819Z] [ThreadId(2)] ============== [CBC-TRACE] 67. [service.rs::dvf-finality-sync] Client finalized block retrieved (block 20) ==============
[2026-03-22T07:18:38.021Z] [ThreadId(2)] ============== [CBC-TRACE] 40. [dcf.rs::run] Consensus loop iteration started for block 26 ==============
2026-03-09 07:18:38 DCF: Finality advanced from 24 to 25 in epoch 0    
2026-03-09 07:18:38 DCF: Progressive finalization advanced to block 25    
2026-03-09 07:18:38 ProposerFactory: Successfully created block #26 with 1 extrinsics    
2026-03-09 07:18:38 DCF: Finality advanced from 24 to 25 in epoch 0    
2026-03-09 07:18:38 DCF: Progressive finalization advanced to block 25    
2026-03-09 07:18:38 🏆 Imported #26 (0xc299…f4af → 0xd8b8…0e67)    
2026-03-09 07:18:38 DVF Vote Aggregator: ===== Checking vote accumulation for round 0 =====    
2026-03-09 07:18:38 DVF Vote Aggregator: Total weight: 24000000000000240000, Finality threshold: 16080000000000160800 (67% of total)    
2026-03-09 07:18:38 DVF Vote Aggregator: Found 0 candidate blocks for round 0    
2026-03-09 07:18:38 DVF Vote Aggregator: Vote pool size: 0 votes total    
2026-03-09 07:18:39 DVF Vote Aggregator: ===== Checking vote accumulation for round 0 =====    
2026-03-09 07:18:39 DVF Vote Aggregator: Total weight: 24000000000000240000, Finality threshold: 16080000000000160800 (67% of total)    
2026-03-09 07:18:39 DVF Vote Aggregator: Found 0 candidate blocks for round 0    
2026-03-09 07:18:39 DVF Vote Aggregator: Vote pool size: 0 votes total    
2026-03-09 07:18:39 DCF Verifier: Block #27 verification passed    
2026-03-09 07:18:39 DCF: Finality advanced from 25 to 26 in epoch 0    
2026-03-09 07:18:39 DCF: Progressive finalization advanced to block 26    
2026-03-09 07:18:39 🏆 Imported #27 (0xd8b8…0e67 → 0x4ff8…8062)    
2026-03-09 07:18:40 DVF Vote Aggregator: ===== Checking vote accumulation for round 0 =====    
2026-03-09 07:18:40 DVF Vote Aggregator: Total weight: 24000000000000240000, Finality threshold: 16080000000000160800 (67% of total)    
2026-03-09 07:18:40 DVF Vote Aggregator: Found 0 candidate blocks for round 0    
2026-03-09 07:18:40 DVF Vote Aggregator: Vote pool size: 0 votes total    
2026-03-09 07:18:41 DVF Vote Aggregator: ===== Checking vote accumulation for round 0 =====    
2026-03-09 07:18:41 DVF Vote Aggregator: Total weight: 24000000000000240000, Finality threshold: 16080000000000160800 (67% of total)    
2026-03-09 07:18:41 DVF Vote Aggregator: Found 0 candidate blocks for round 0    
2026-03-09 07:18:41 DVF Vote Aggregator: Vote pool size: 0 votes total    
2026-03-09 07:18:41 DCF Verifier: Block #28 verification passed    
2026-03-09 07:18:41 DCF: Finality advanced from 26 to 27 in epoch 0    
2026-03-09 07:18:41 DCF: Progressive finalization advanced to block 27    
2026-03-09 07:18:41 🏆 Imported #28 (0x4ff8…8062 → 0x5a83…7a9f)    
2026-03-09 07:18:42 DVF Vote Aggregator: ===== Checking vote accumulation for round 0 =====    
2026-03-09 07:18:42 DVF Vote Aggregator: Total weight: 24000000000000240000, Finality threshold: 16080000000000160800 (67% of total)    
2026-03-09 07:18:42 DVF Vote Aggregator: Found 0 candidate blocks for round 0    
2026-03-09 07:18:42 DVF Vote Aggregator: Vote pool size: 0 votes total    
2026-03-09 07:18:42 💤 Idle (2 peers), best: #28 (0x5a83…7a9f), finalized #20 (0x2158…e3a8), ⬇ 2.7kiB/s ⬆ 2.4kiB/s    
2026-03-09 07:18:43 DVF Vote Aggregator: ===== Checking vote accumulation for round 0 =====    
2026-03-09 07:18:43 DVF Vote Aggregator: Total weight: 24000000000000240000, Finality threshold: 16080000000000160800 (67% of total)    
2026-03-09 07:18:43 DVF Vote Aggregator: Found 0 candidate blocks for round 0    
2026-03-09 07:18:43 DVF Vote Aggregator: Vote pool size: 0 votes total    
[2026-03-22T07:18:38.021Z] [ThreadId(2)] ============== [CBC-TRACE] 41. [dcf.rs::run] Active validators retrieved: 3 validators ==============
[2026-03-22T07:18:38.021Z] [ThreadId(2)] ============== [CBC-TRACE] 42. [dcf.rs::run] Author selection for block 26 started ==============
[2026-03-22T07:18:38.021Z] [ThreadId(2)] ============== [CBC-TRACE] 43. [dcf.rs::run] Expected author selected: 439660b36c6c03afafca027b910b4fecf99801834c62a5e6006f27d978de234f (5DbKjhNL...) (method: runtime_deterministic) ==============
[2026-03-22T07:18:38.021Z] [ThreadId(2)] ============== [CBC-TRACE] 44. [dcf.rs::run] Block production triggered for block 26 ==============
[2026-03-22T07:18:38.022Z] [ThreadId(2)] ============== [CBC-TRACE] 45. [proposer_factory.rs::create_complete_block] Proposer factory create_complete_block entered ==============
[2026-03-22T07:18:38.022Z] [ThreadId(2)] ============== [CBC-TRACE] 46. [proposer_factory.rs::create_complete_block] Inherent data generated ==============
[2026-03-22T07:18:38.022Z] [ThreadId(2)] ============== [CBC-TRACE] 47. [proposer_factory.rs::create_complete_block] Transactions harvested from mempool (0 transactions) ==============
[2026-03-22T07:18:38.022Z] [ThreadId(2)] ============== [CBC-TRACE] 48. [proposer_factory.rs::create_complete_block] PreRuntime author digest added to header ==============
[2026-03-22T07:18:38.022Z] [ThreadId(2)] ============== [CBC-TRACE] 49. [proposer_factory.rs::create_complete_block] Substrate build_block executing ==============
[2026-03-22T07:18:38.022Z] [ThreadId(2)] ============== [CBC-TRACE] 50. [proposer_factory.rs::build_block_with_state_root] State root computed for block 26 ==============
[2026-03-22T07:18:38.022Z] [ThreadId(2)] ============== [CBC-TRACE] 51. [proposer_factory.rs::build_block_with_state_root] Block 26 sealed successfully ==============
[2026-03-22T07:18:38.022Z] [ThreadId(2)] ============== [CBC-TRACE] 52. [proposer_factory.rs::create_complete_block] Block 26 dispatched to import pipeline ==============
[2026-03-22T07:18:38.023Z] [ThreadId(2)] ============== [CBC-TRACE] 53. [dcf.rs::update_consensus_state] Consensus state updated after block production (block: 26, slot: 11, total: 11) ==============
[2026-03-22T07:18:38.024Z] [ThreadId(2)] ============== [CBC-TRACE] 54. [dcf.rs::update_consensus_state] Author scores updated - PoS: 6000000000000000, PoI: 80, Combined: 100, Trust: 7642, Uptime: 100, Inferences: 0, Participation: 100%, Missed: 0 ==============
[2026-03-22T07:18:43.821Z] [ThreadId(7)] ============== [CBC-TRACE] 65. [service.rs::dvf-finality-sync] Finality check iteration started ==============
2026-03-09 07:18:43 Client finalized head (#20) is ahead of DVF finalized head (#0)!    
[2026-03-22T07:18:43.822Z] [ThreadId(7)] ============== [CBC-TRACE] 66. [service.rs::dvf-finality-sync] DVF finalized block retrieved (block 0) ==============
[2026-03-22T07:18:43.822Z] [ThreadId(7)] ============== [CBC-TRACE] 67. [service.rs::dvf-finality-sync] Client finalized block retrieved (block 20) ==============
[2026-03-22T07:18:44.033Z] [ThreadId(2)] ============== [CBC-TRACE] 40. [dcf.rs::run] Consensus loop iteration started for block 29 ==============
2026-03-09 07:18:44 DCF: Finality advanced from 27 to 28 in epoch 0    
2026-03-09 07:18:44 DCF: Progressive finalization advanced to block 28    
2026-03-09 07:18:44 ProposerFactory: Successfully created block #29 with 1 extrinsics    
2026-03-09 07:18:44 DCF: Finality advanced from 27 to 28 in epoch 0    
2026-03-09 07:18:44 DCF: Progressive finalization advanced to block 28    
2026-03-09 07:18:44 🏆 Imported #29 (0x5a83…7a9f → 0x4bbd…66e3)    
2026-03-09 07:18:44 DVF Vote Aggregator: ===== Checking vote accumulation for round 0 =====    
2026-03-09 07:18:44 DVF Vote Aggregator: Total weight: 24000000000000240000, Finality threshold: 16080000000000160800 (67% of total)    
2026-03-09 07:18:44 DVF Vote Aggregator: Found 0 candidate blocks for round 0    
2026-03-09 07:18:44 DVF Vote Aggregator: Vote pool size: 0 votes total    
2026-03-09 07:18:45 DVF Vote Aggregator: ===== Checking vote accumulation for round 0 =====    
2026-03-09 07:18:45 DVF Vote Aggregator: Total weight: 24000000000000240000, Finality threshold: 16080000000000160800 (67% of total)    
2026-03-09 07:18:45 DVF Vote Aggregator: Found 0 candidate blocks for round 0    
2026-03-09 07:18:45 DVF Vote Aggregator: Vote pool size: 0 votes total    
2026-03-09 07:18:45 DVF Gossip Validator: Accepted vote for block #30 (0x6f6a6fb4cf881fe034a4bee02edc70dfcb68c3130b844c7046eb297f357b7dbc) from validator 439660b36c6c03afafca027b910b4fecf99801834c62a5e6006f27d978de234f (5DbKjhNL...) (round: 0, epoch: 0, validator_set: 0)    
2026-03-09 07:18:45 DVF Gossip Validator: Vote inserted into pool successfully    
2026-03-09 07:18:45 DCF Verifier: Block #30 verification passed    
2026-03-09 07:18:45 DCF: Finality advanced from 28 to 29 in epoch 0    
2026-03-09 07:18:45 DCF: Progressive finalization advanced to block 29    
2026-03-09 07:18:45 🏆 Imported #30 (0x4bbd…66e3 → 0x6f6a…7dbc)    
2026-03-09 07:18:45 DCF: Computed PoI score for validator=88dc3417d5058ec4b4503e0c12ea1a0a89be200fe98922423d4334014fa6b0ee (5FA9nQDV...), score=0, block=30    
2026-03-09 07:18:45 DCF: Computed PoI score for validator=d17c2d7823ebf260fd138f2d7e27d114c0145d968b5ff5006125f2414fadae69 (5GoNkf6W...), score=0, block=30    
2026-03-09 07:18:45 DCF: Computed PoI score for validator=439660b36c6c03afafca027b910b4fecf99801834c62a5e6006f27d978de234f (5DbKjhNL...), score=0, block=30    
2026-03-09 07:18:45 DCF off-chain worker completed computation    
2026-03-09 07:18:45 DVF Vote Creator: Creating vote for block #30 (0x6f6a6fb4cf881fe034a4bee02edc70dfcb68c3130b844c7046eb297f357b7dbc)    
2026-03-09 07:18:45 DVF Vote Creator: Vote inserted into local pool successfully    
2026-03-09 07:18:45 DVF Vote Creator: Successfully broadcast vote for block #30 (epoch: 0, round: 0, validator_set: 0)    
2026-03-09 07:18:45 DVF Gossip Validator: Accepted vote for block #30 (0x6f6a6fb4cf881fe034a4bee02edc70dfcb68c3130b844c7046eb297f357b7dbc) from validator d17c2d7823ebf260fd138f2d7e27d114c0145d968b5ff5006125f2414fadae69 (5GoNkf6W...) (round: 0, epoch: 0, validator_set: 0)    
2026-03-09 07:18:45 DVF Gossip Validator: Vote inserted into pool successfully    
2026-03-09 07:18:46 DVF Vote Aggregator: ===== Checking vote accumulation for round 0 =====    
2026-03-09 07:18:46 DVF Vote Aggregator: Total weight: 24000000000000240000, Finality threshold: 16080000000000160800 (67% of total)    
2026-03-09 07:18:46 DVF Vote Aggregator: Found 1 candidate blocks for round 0    
2026-03-09 07:18:46 DVF Vote Aggregator: Vote pool size: 3 votes total    
2026-03-09 07:18:46 DVF Vote Aggregator: Found 3 votes for block 0x6f6a6fb4cf881fe034a4bee02edc70dfcb68c3130b844c7046eb297f357b7dbc in round 0    
2026-03-09 07:18:46 DVF Vote Aggregator:   - Validator 439660b36c6c03afafca027b910b4fecf99801834c62a5e6006f27d978de234f (5DbKjhNL...) voted with weight 6000000000000080000    
2026-03-09 07:18:46 DVF Vote Aggregator:   - Validator 88dc3417d5058ec4b4503e0c12ea1a0a89be200fe98922423d4334014fa6b0ee (5FA9nQDV...) voted with weight 10000000000000080000    
2026-03-09 07:18:46 DVF Vote Aggregator:   - Validator d17c2d7823ebf260fd138f2d7e27d114c0145d968b5ff5006125f2414fadae69 (5GoNkf6W...) voted with weight 8000000000000080000    
2026-03-09 07:18:46 DVF Vote Aggregator: Total accumulated weight for block 0x6f6a6fb4cf881fe034a4bee02edc70dfcb68c3130b844c7046eb297f357b7dbc: 24000000000000240000 (from 3 votes)    
2026-03-09 07:18:46 DVF Vote Aggregator: Block 0x6f6a6fb4cf881fe034a4bee02edc70dfcb68c3130b844c7046eb297f357b7dbc has accumulated weight 24000000000000240000 (threshold: 16080000000000160800, reached: true)    
2026-03-09 07:18:46 DVF Vote Aggregator: Block 0x6f6a6fb4cf881fe034a4bee02edc70dfcb68c3130b844c7046eb297f357b7dbc reached finality threshold! Weight: 24000000000000240000, Threshold: 16080000000000160800    
2026-03-09 07:18:46 DVF Vote Aggregator: Triggering justification construction for block 0x6f6a6fb4cf881fe034a4bee02edc70dfcb68c3130b844c7046eb297f357b7dbc (round: 0, weight: 24000000000000240000)    
2026-03-09 07:18:46 DVF Justification Builder: Constructing justification for block 0x6f6a6fb4cf881fe034a4bee02edc70dfcb68c3130b844c7046eb297f357b7dbc in round 0    
2026-03-09 07:18:46 DVF Justification Builder: Selected 2 votes with accumulated weight 18000000000000160000 (threshold: 16080000000000160800)    
2026-03-09 07:18:46 DVF Justification Builder: Constructed justification with 2 votes, accumulated weight 18000000000000160000 (threshold: 16080000000000160800)    
2026-03-09 07:18:46 DVF Justification Builder: Justification constructed for block 0x6f6a6fb4cf881fe034a4bee02edc70dfcb68c3130b844c7046eb297f357b7dbc, round 0, 2 votes, weight 18000000000000160000    
2026-03-09 07:18:46 DVF Vote Aggregator: Successfully constructed justification with 2 votes    
2026-03-09 07:18:46 DVF Vote Aggregator: Justification constructed for block #30 (0x6f6a6fb4cf881fe034a4bee02edc70dfcb68c3130b844c7046eb297f357b7dbc) with 2 votes, weight: 24000000000000240000    
2026-03-09 07:18:46 DVF Vote Aggregator: Encoded justification (389 bytes) for block #30 (0x6f6a6fb4cf881fe034a4bee02edc70dfcb68c3130b844c7046eb297f357b7dbc)    
2026-03-09 07:18:46 DVF Vote Aggregator: Successfully finalized block #30 (0x6f6a6fb4cf881fe034a4bee02edc70dfcb68c3130b844c7046eb297f357b7dbc) with justification    
2026-03-09 07:18:46 DVF Vote Aggregator: Finality latency for round 0: 0.00s    
2026-03-09 07:18:47 DVF Vote Aggregator: ===== Checking vote accumulation for round 0 =====    
2026-03-09 07:18:47 DVF Vote Aggregator: Total weight: 24000000000000240000, Finality threshold: 16080000000000160800 (67% of total)    
2026-03-09 07:18:47 DVF Vote Aggregator: Found 1 candidate blocks for round 0    
2026-03-09 07:18:47 DVF Vote Aggregator: Vote pool size: 3 votes total    
2026-03-09 07:18:47 DVF Vote Aggregator: Found 3 votes for block 0x6f6a6fb4cf881fe034a4bee02edc70dfcb68c3130b844c7046eb297f357b7dbc in round 0    
2026-03-09 07:18:47 DVF Vote Aggregator:   - Validator 439660b36c6c03afafca027b910b4fecf99801834c62a5e6006f27d978de234f (5DbKjhNL...) voted with weight 6000000000000080000    
2026-03-09 07:18:47 DVF Vote Aggregator:   - Validator 88dc3417d5058ec4b4503e0c12ea1a0a89be200fe98922423d4334014fa6b0ee (5FA9nQDV...) voted with weight 10000000000000080000    
2026-03-09 07:18:47 DVF Vote Aggregator:   - Validator d17c2d7823ebf260fd138f2d7e27d114c0145d968b5ff5006125f2414fadae69 (5GoNkf6W...) voted with weight 8000000000000080000    
2026-03-09 07:18:47 DVF Vote Aggregator: Total accumulated weight for block 0x6f6a6fb4cf881fe034a4bee02edc70dfcb68c3130b844c7046eb297f357b7dbc: 24000000000000240000 (from 3 votes)    
2026-03-09 07:18:47 DVF Vote Aggregator: Block 0x6f6a6fb4cf881fe034a4bee02edc70dfcb68c3130b844c7046eb297f357b7dbc has accumulated weight 24000000000000240000 (threshold: 16080000000000160800, reached: true)    
2026-03-09 07:18:47 DVF Vote Aggregator: Block 0x6f6a6fb4cf881fe034a4bee02edc70dfcb68c3130b844c7046eb297f357b7dbc reached finality threshold! Weight: 24000000000000240000, Threshold: 16080000000000160800    
2026-03-09 07:18:47 DVF Vote Aggregator: Triggering justification construction for block 0x6f6a6fb4cf881fe034a4bee02edc70dfcb68c3130b844c7046eb297f357b7dbc (round: 0, weight: 24000000000000240000)    
2026-03-09 07:18:47 DVF Justification Builder: Constructing justification for block 0x6f6a6fb4cf881fe034a4bee02edc70dfcb68c3130b844c7046eb297f357b7dbc in round 0    
2026-03-09 07:18:47 DVF Justification Builder: Selected 2 votes with accumulated weight 18000000000000160000 (threshold: 16080000000000160800)    
2026-03-09 07:18:47 DVF Justification Builder: Constructed justification with 2 votes, accumulated weight 18000000000000160000 (threshold: 16080000000000160800)    
2026-03-09 07:18:47 DVF Justification Builder: Justification constructed for block 0x6f6a6fb4cf881fe034a4bee02edc70dfcb68c3130b844c7046eb297f357b7dbc, round 0, 2 votes, weight 18000000000000160000    
2026-03-09 07:18:47 DVF Vote Aggregator: Successfully constructed justification with 2 votes    
2026-03-09 07:18:47 DVF Vote Aggregator: Justification constructed for block #30 (0x6f6a6fb4cf881fe034a4bee02edc70dfcb68c3130b844c7046eb297f357b7dbc) with 2 votes, weight: 24000000000000240000    
2026-03-09 07:18:47 DVF Vote Aggregator: Encoded justification (389 bytes) for block #30 (0x6f6a6fb4cf881fe034a4bee02edc70dfcb68c3130b844c7046eb297f357b7dbc)    
2026-03-09 07:18:47 Possible safety violation: attempted to re-finalize last finalized block 0x6f6a6fb4cf881fe034a4bee02edc70dfcb68c3130b844c7046eb297f357b7dbc     
2026-03-09 07:18:47 DVF Vote Aggregator: Successfully finalized block #30 (0x6f6a6fb4cf881fe034a4bee02edc70dfcb68c3130b844c7046eb297f357b7dbc) with justification    
2026-03-09 07:18:47 DVF Vote Aggregator: Finality latency for round 0: 0.00s    
2026-03-09 07:18:47 DCF Verifier: Block #31 verification passed    
2026-03-09 07:18:47 DCF: Finality advanced from 29 to 30 in epoch 0    
2026-03-09 07:18:47 DCF: Progressive finalization advanced to block 30    
2026-03-09 07:18:47 🏆 Imported #31 (0x6f6a…7dbc → 0xd37a…ef94)    
2026-03-09 07:18:47 💤 Idle (2 peers), best: #31 (0xd37a…ef94), finalized #30 (0x6f6a…7dbc), ⬇ 2.3kiB/s ⬆ 2.6kiB/s    
2026-03-09 07:18:48 DVF Vote Aggregator: ===== Checking vote accumulation for round 0 =====    
2026-03-09 07:18:48 DVF Vote Aggregator: Total weight: 24000000000000240000, Finality threshold: 16080000000000160800 (67% of total)    
2026-03-09 07:18:48 DVF Vote Aggregator: Found 1 candidate blocks for round 0    
2026-03-09 07:18:48 DVF Vote Aggregator: Vote pool size: 3 votes total    
2026-03-09 07:18:48 DVF Vote Aggregator: Found 3 votes for block 0x6f6a6fb4cf881fe034a4bee02edc70dfcb68c3130b844c7046eb297f357b7dbc in round 0    
2026-03-09 07:18:48 DVF Vote Aggregator:   - Validator 439660b36c6c03afafca027b910b4fecf99801834c62a5e6006f27d978de234f (5DbKjhNL...) voted with weight 6000000000000080000    
2026-03-09 07:18:48 DVF Vote Aggregator:   - Validator 88dc3417d5058ec4b4503e0c12ea1a0a89be200fe98922423d4334014fa6b0ee (5FA9nQDV...) voted with weight 10000000000000080000    
2026-03-09 07:18:48 DVF Vote Aggregator:   - Validator d17c2d7823ebf260fd138f2d7e27d114c0145d968b5ff5006125f2414fadae69 (5GoNkf6W...) voted with weight 8000000000000080000    
2026-03-09 07:18:48 DVF Vote Aggregator: Total accumulated weight for block 0x6f6a6fb4cf881fe034a4bee02edc70dfcb68c3130b844c7046eb297f357b7dbc: 24000000000000240000 (from 3 votes)    
2026-03-09 07:18:48 DVF Vote Aggregator: Block 0x6f6a6fb4cf881fe034a4bee02edc70dfcb68c3130b844c7046eb297f357b7dbc has accumulated weight 24000000000000240000 (threshold: 16080000000000160800, reached: true)    
2026-03-09 07:18:48 DVF Vote Aggregator: Block 0x6f6a6fb4cf881fe034a4bee02edc70dfcb68c3130b844c7046eb297f357b7dbc reached finality threshold! Weight: 24000000000000240000, Threshold: 16080000000000160800    
2026-03-09 07:18:48 DVF Vote Aggregator: Triggering justification construction for block 0x6f6a6fb4cf881fe034a4bee02edc70dfcb68c3130b844c7046eb297f357b7dbc (round: 0, weight: 24000000000000240000)    
2026-03-09 07:18:48 DVF Justification Builder: Constructing justification for block 0x6f6a6fb4cf881fe034a4bee02edc70dfcb68c3130b844c7046eb297f357b7dbc in round 0    
2026-03-09 07:18:48 DVF Justification Builder: Selected 2 votes with accumulated weight 18000000000000160000 (threshold: 16080000000000160800)    
2026-03-09 07:18:48 DVF Justification Builder: Constructed justification with 2 votes, accumulated weight 18000000000000160000 (threshold: 16080000000000160800)    
2026-03-09 07:18:48 DVF Justification Builder: Justification constructed for block 0x6f6a6fb4cf881fe034a4bee02edc70dfcb68c3130b844c7046eb297f357b7dbc, round 0, 2 votes, weight 18000000000000160000    
2026-03-09 07:18:48 DVF Vote Aggregator: Successfully constructed justification with 2 votes    
2026-03-09 07:18:48 DVF Vote Aggregator: Justification constructed for block #30 (0x6f6a6fb4cf881fe034a4bee02edc70dfcb68c3130b844c7046eb297f357b7dbc) with 2 votes, weight: 24000000000000240000    
2026-03-09 07:18:48 DVF Vote Aggregator: Encoded justification (389 bytes) for block #30 (0x6f6a6fb4cf881fe034a4bee02edc70dfcb68c3130b844c7046eb297f357b7dbc)    
2026-03-09 07:18:48 Possible safety violation: attempted to re-finalize last finalized block 0x6f6a6fb4cf881fe034a4bee02edc70dfcb68c3130b844c7046eb297f357b7dbc     
2026-03-09 07:18:48 DVF Vote Aggregator: Successfully finalized block #30 (0x6f6a6fb4cf881fe034a4bee02edc70dfcb68c3130b844c7046eb297f357b7dbc) with justification    
2026-03-09 07:18:48 DVF Vote Aggregator: Finality latency for round 0: 0.00s    
2026-03-09 07:18:49 DVF Vote Aggregator: ===== Checking vote accumulation for round 0 =====    
2026-03-09 07:18:49 DVF Vote Aggregator: Total weight: 24000000000000240000, Finality threshold: 16080000000000160800 (67% of total)    
2026-03-09 07:18:49 DVF Vote Aggregator: Found 1 candidate blocks for round 0    
2026-03-09 07:18:49 DVF Vote Aggregator: Vote pool size: 3 votes total    
2026-03-09 07:18:49 DVF Vote Aggregator: Found 3 votes for block 0x6f6a6fb4cf881fe034a4bee02edc70dfcb68c3130b844c7046eb297f357b7dbc in round 0    
2026-03-09 07:18:49 DVF Vote Aggregator:   - Validator 439660b36c6c03afafca027b910b4fecf99801834c62a5e6006f27d978de234f (5DbKjhNL...) voted with weight 6000000000000080000    
2026-03-09 07:18:49 DVF Vote Aggregator:   - Validator 88dc3417d5058ec4b4503e0c12ea1a0a89be200fe98922423d4334014fa6b0ee (5FA9nQDV...) voted with weight 10000000000000080000    
2026-03-09 07:18:49 DVF Vote Aggregator:   - Validator d17c2d7823ebf260fd138f2d7e27d114c0145d968b5ff5006125f2414fadae69 (5GoNkf6W...) voted with weight 8000000000000080000    
2026-03-09 07:18:49 DVF Vote Aggregator: Total accumulated weight for block 0x6f6a6fb4cf881fe034a4bee02edc70dfcb68c3130b844c7046eb297f357b7dbc: 24000000000000240000 (from 3 votes)    
2026-03-09 07:18:49 DVF Vote Aggregator: Block 0x6f6a6fb4cf881fe034a4bee02edc70dfcb68c3130b844c7046eb297f357b7dbc has accumulated weight 24000000000000240000 (threshold: 16080000000000160800, reached: true)    
2026-03-09 07:18:49 DVF Vote Aggregator: Block 0x6f6a6fb4cf881fe034a4bee02edc70dfcb68c3130b844c7046eb297f357b7dbc reached finality threshold! Weight: 24000000000000240000, Threshold: 16080000000000160800    
2026-03-09 07:18:49 DVF Vote Aggregator: Triggering justification construction for block 0x6f6a6fb4cf881fe034a4bee02edc70dfcb68c3130b844c7046eb297f357b7dbc (round: 0, weight: 24000000000000240000)    
2026-03-09 07:18:49 DVF Justification Builder: Constructing justification for block 0x6f6a6fb4cf881fe034a4bee02edc70dfcb68c3130b844c7046eb297f357b7dbc in round 0    
2026-03-09 07:18:49 DVF Justification Builder: Selected 2 votes with accumulated weight 18000000000000160000 (threshold: 16080000000000160800)    
2026-03-09 07:18:49 DVF Justification Builder: Constructed justification with 2 votes, accumulated weight 18000000000000160000 (threshold: 16080000000000160800)    
2026-03-09 07:18:49 DVF Justification Builder: Justification constructed for block 0x6f6a6fb4cf881fe034a4bee02edc70dfcb68c3130b844c7046eb297f357b7dbc, round 0, 2 votes, weight 18000000000000160000    
2026-03-09 07:18:49 DVF Vote Aggregator: Successfully constructed justification with 2 votes    
2026-03-09 07:18:49 DVF Vote Aggregator: Justification constructed for block #30 (0x6f6a6fb4cf881fe034a4bee02edc70dfcb68c3130b844c7046eb297f357b7dbc) with 2 votes, weight: 24000000000000240000    
2026-03-09 07:18:49 DVF Vote Aggregator: Encoded justification (389 bytes) for block #30 (0x6f6a6fb4cf881fe034a4bee02edc70dfcb68c3130b844c7046eb297f357b7dbc)    
2026-03-09 07:18:49 Possible safety violation: attempted to re-finalize last finalized block 0x6f6a6fb4cf881fe034a4bee02edc70dfcb68c3130b844c7046eb297f357b7dbc     
2026-03-09 07:18:49 DVF Vote Aggregator: Successfully finalized block #30 (0x6f6a6fb4cf881fe034a4bee02edc70dfcb68c3130b844c7046eb297f357b7dbc) with justification    
2026-03-09 07:18:49 DVF Vote Aggregator: Finality latency for round 0: 0.00s    
[2026-03-22T07:18:44.034Z] [ThreadId(2)] ============== [CBC-TRACE] 41. [dcf.rs::run] Active validators retrieved: 3 validators ==============
[2026-03-22T07:18:44.034Z] [ThreadId(2)] ============== [CBC-TRACE] 42. [dcf.rs::run] Author selection for block 29 started ==============
[2026-03-22T07:18:44.034Z] [ThreadId(2)] ============== [CBC-TRACE] 43. [dcf.rs::run] Expected author selected: 439660b36c6c03afafca027b910b4fecf99801834c62a5e6006f27d978de234f (5DbKjhNL...) (method: runtime_deterministic) ==============
[2026-03-22T07:18:44.034Z] [ThreadId(2)] ============== [CBC-TRACE] 44. [dcf.rs::run] Block production triggered for block 29 ==============
[2026-03-22T07:18:44.034Z] [ThreadId(2)] ============== [CBC-TRACE] 45. [proposer_factory.rs::create_complete_block] Proposer factory create_complete_block entered ==============
[2026-03-22T07:18:44.034Z] [ThreadId(2)] ============== [CBC-TRACE] 46. [proposer_factory.rs::create_complete_block] Inherent data generated ==============
[2026-03-22T07:18:44.034Z] [ThreadId(2)] ============== [CBC-TRACE] 47. [proposer_factory.rs::create_complete_block] Transactions harvested from mempool (0 transactions) ==============
[2026-03-22T07:18:44.034Z] [ThreadId(2)] ============== [CBC-TRACE] 48. [proposer_factory.rs::create_complete_block] PreRuntime author digest added to header ==============
[2026-03-22T07:18:44.034Z] [ThreadId(2)] ============== [CBC-TRACE] 49. [proposer_factory.rs::create_complete_block] Substrate build_block executing ==============
[2026-03-22T07:18:44.035Z] [ThreadId(2)] ============== [CBC-TRACE] 50. [proposer_factory.rs::build_block_with_state_root] State root computed for block 29 ==============
[2026-03-22T07:18:44.035Z] [ThreadId(2)] ============== [CBC-TRACE] 51. [proposer_factory.rs::build_block_with_state_root] Block 29 sealed successfully ==============
[2026-03-22T07:18:44.035Z] [ThreadId(2)] ============== [CBC-TRACE] 52. [proposer_factory.rs::create_complete_block] Block 29 dispatched to import pipeline ==============
[2026-03-22T07:18:44.035Z] [ThreadId(2)] ============== [CBC-TRACE] 53. [dcf.rs::update_consensus_state] Consensus state updated after block production (block: 29, slot: 12, total: 12) ==============
[2026-03-22T07:18:44.036Z] [ThreadId(2)] ============== [CBC-TRACE] 54. [dcf.rs::update_consensus_state] Author scores updated - PoS: 6000000000000000, PoI: 80, Combined: 100, Trust: 7653, Uptime: 100, Inferences: 0, Participation: 100%, Missed: 0 ==============
[2026-03-22T07:18:49.823Z] [ThreadId(5)] ============== [CBC-TRACE] 65. [service.rs::dvf-finality-sync] Finality check iteration started ==============
2026-03-09 07:18:49 Client finalized head (#30) is ahead of DVF finalized head (#0)!    
[2026-03-22T07:18:49.823Z] [ThreadId(5)] ============== [CBC-TRACE] 66. [service.rs::dvf-finality-sync] DVF finalized block retrieved (block 0) ==============
[2026-03-22T07:18:49.823Z] [ThreadId(5)] ============== [CBC-TRACE] 67. [service.rs::dvf-finality-sync] Client finalized block retrieved (block 30) ==============
[2026-03-22T07:18:50.046Z] [ThreadId(7)] ============== [CBC-TRACE] 40. [dcf.rs::run] Consensus loop iteration started for block 32 ==============
2026-03-09 07:18:50 DCF: Finality advanced from 30 to 31 in epoch 0    
2026-03-09 07:18:50 DCF: Progressive finalization advanced to block 31    
2026-03-09 07:18:50 ProposerFactory: Successfully created block #32 with 1 extrinsics    
2026-03-09 07:18:50 DCF: Finality advanced from 30 to 31 in epoch 0    
2026-03-09 07:18:50 DCF: Progressive finalization advanced to block 31    
2026-03-09 07:18:50 🏆 Imported #32 (0xd37a…ef94 → 0xed39…5925)    
2026-03-09 07:18:50 DVF Vote Aggregator: ===== Checking vote accumulation for round 0 =====    
2026-03-09 07:18:50 DVF Vote Aggregator: Total weight: 24000000000000240000, Finality threshold: 16080000000000160800 (67% of total)    
2026-03-09 07:18:50 DVF Vote Aggregator: Found 0 candidate blocks for round 0    
2026-03-09 07:18:50 DVF Vote Aggregator: Vote pool size: 0 votes total    
2026-03-09 07:18:51 DVF Vote Aggregator: ===== Checking vote accumulation for round 0 =====    
2026-03-09 07:18:51 DVF Vote Aggregator: Total weight: 24000000000000240000, Finality threshold: 16080000000000160800 (67% of total)    
2026-03-09 07:18:51 DVF Vote Aggregator: Found 0 candidate blocks for round 0    
2026-03-09 07:18:51 DVF Vote Aggregator: Vote pool size: 0 votes total    
2026-03-09 07:18:51 DCF Verifier: Block #33 verification passed    
2026-03-09 07:18:51 DCF: Finality advanced from 31 to 32 in epoch 0    
2026-03-09 07:18:51 DCF: Progressive finalization advanced to block 32    
2026-03-09 07:18:51 🏆 Imported #33 (0xed39…5925 → 0x6a32…583d)    
2026-03-09 07:18:52 DVF Vote Aggregator: ===== Checking vote accumulation for round 0 =====    
2026-03-09 07:18:52 DVF Vote Aggregator: Total weight: 24000000000000240000, Finality threshold: 16080000000000160800 (67% of total)    
2026-03-09 07:18:52 DVF Vote Aggregator: Found 0 candidate blocks for round 0    
2026-03-09 07:18:52 DVF Vote Aggregator: Vote pool size: 0 votes total    
2026-03-09 07:18:52 💤 Idle (2 peers), best: #33 (0x6a32…583d), finalized #30 (0x6f6a…7dbc), ⬇ 3.3kiB/s ⬆ 3.5kiB/s    
2026-03-09 07:18:53 DVF Vote Aggregator: ===== Checking vote accumulation for round 0 =====    
2026-03-09 07:18:53 DVF Vote Aggregator: Total weight: 24000000000000240000, Finality threshold: 16080000000000160800 (67% of total)    
2026-03-09 07:18:53 DVF Vote Aggregator: Found 0 candidate blocks for round 0    
2026-03-09 07:18:53 DVF Vote Aggregator: Vote pool size: 0 votes total    
2026-03-09 07:18:53 DCF Verifier: Block #34 verification passed    
2026-03-09 07:18:53 DCF: Finality advanced from 32 to 33 in epoch 0    
2026-03-09 07:18:53 DCF: Progressive finalization advanced to block 33    
2026-03-09 07:18:53 🏆 Imported #34 (0x6a32…583d → 0x87d3…c2f3)    
2026-03-09 07:18:54 DVF Vote Aggregator: ===== Checking vote accumulation for round 0 =====    
2026-03-09 07:18:54 DVF Vote Aggregator: Total weight: 24000000000000240000, Finality threshold: 16080000000000160800 (67% of total)    
2026-03-09 07:18:54 DVF Vote Aggregator: Found 0 candidate blocks for round 0    
2026-03-09 07:18:54 DVF Vote Aggregator: Vote pool size: 0 votes total    
2026-03-09 07:18:55 DVF Vote Aggregator: ===== Checking vote accumulation for round 0 =====    
2026-03-09 07:18:55 DVF Vote Aggregator: Total weight: 24000000000000240000, Finality threshold: 16080000000000160800 (67% of total)    
2026-03-09 07:18:55 DVF Vote Aggregator: Found 0 candidate blocks for round 0    
2026-03-09 07:18:55 DVF Vote Aggregator: Vote pool size: 0 votes total    
[2026-03-22T07:18:50.046Z] [ThreadId(7)] ============== [CBC-TRACE] 41. [dcf.rs::run] Active validators retrieved: 3 validators ==============
[2026-03-22T07:18:50.046Z] [ThreadId(7)] ============== [CBC-TRACE] 42. [dcf.rs::run] Author selection for block 32 started ==============
[2026-03-22T07:18:50.046Z] [ThreadId(7)] ============== [CBC-TRACE] 43. [dcf.rs::run] Expected author selected: 439660b36c6c03afafca027b910b4fecf99801834c62a5e6006f27d978de234f (5DbKjhNL...) (method: runtime_deterministic) ==============
[2026-03-22T07:18:50.046Z] [ThreadId(7)] ============== [CBC-TRACE] 44. [dcf.rs::run] Block production triggered for block 32 ==============
[2026-03-22T07:18:50.046Z] [ThreadId(7)] ============== [CBC-TRACE] 45. [proposer_factory.rs::create_complete_block] Proposer factory create_complete_block entered ==============
[2026-03-22T07:18:50.046Z] [ThreadId(7)] ============== [CBC-TRACE] 46. [proposer_factory.rs::create_complete_block] Inherent data generated ==============
[2026-03-22T07:18:50.047Z] [ThreadId(7)] ============== [CBC-TRACE] 47. [proposer_factory.rs::create_complete_block] Transactions harvested from mempool (0 transactions) ==============
[2026-03-22T07:18:50.047Z] [ThreadId(7)] ============== [CBC-TRACE] 48. [proposer_factory.rs::create_complete_block] PreRuntime author digest added to header ==============
[2026-03-22T07:18:50.047Z] [ThreadId(7)] ============== [CBC-TRACE] 49. [proposer_factory.rs::create_complete_block] Substrate build_block executing ==============
[2026-03-22T07:18:50.047Z] [ThreadId(7)] ============== [CBC-TRACE] 50. [proposer_factory.rs::build_block_with_state_root] State root computed for block 32 ==============
[2026-03-22T07:18:50.047Z] [ThreadId(7)] ============== [CBC-TRACE] 51. [proposer_factory.rs::build_block_with_state_root] Block 32 sealed successfully ==============
[2026-03-22T07:18:50.047Z] [ThreadId(7)] ============== [CBC-TRACE] 52. [proposer_factory.rs::create_complete_block] Block 32 dispatched to import pipeline ==============
[2026-03-22T07:18:50.052Z] [ThreadId(7)] ============== [CBC-TRACE] 53. [dcf.rs::update_consensus_state] Consensus state updated after block production (block: 32, slot: 13, total: 13) ==============
[2026-03-22T07:18:50.052Z] [ThreadId(7)] ============== [CBC-TRACE] 54. [dcf.rs::update_consensus_state] Author scores updated - PoS: 6000000000000000, PoI: 80, Combined: 100, Trust: 7657, Uptime: 100, Inferences: 0, Participation: 100%, Missed: 0 ==============
[2026-03-22T07:18:55.824Z] [ThreadId(3)] ============== [CBC-TRACE] 65. [service.rs::dvf-finality-sync] Finality check iteration started ==============
2026-03-09 07:18:55 Client finalized head (#30) is ahead of DVF finalized head (#0)!    
[2026-03-22T07:18:55.824Z] [ThreadId(3)] ============== [CBC-TRACE] 66. [service.rs::dvf-finality-sync] DVF finalized block retrieved (block 0) ==============
[2026-03-22T07:18:55.824Z] [ThreadId(3)] ============== [CBC-TRACE] 67. [service.rs::dvf-finality-sync] Client finalized block retrieved (block 30) ==============
[2026-03-22T07:18:56.061Z] [ThreadId(7)] ============== [CBC-TRACE] 40. [dcf.rs::run] Consensus loop iteration started for block 35 ==============
2026-03-09 07:18:56 DCF: Finality advanced from 33 to 34 in epoch 0    
2026-03-09 07:18:56 DCF: Progressive finalization advanced to block 34    
2026-03-09 07:18:56 ProposerFactory: Successfully created block #35 with 1 extrinsics    
2026-03-09 07:18:56 DCF: Finality advanced from 33 to 34 in epoch 0    
2026-03-09 07:18:56 DCF: Progressive finalization advanced to block 34    
2026-03-09 07:18:56 DCF: Computed PoI score for validator=88dc3417d5058ec4b4503e0c12ea1a0a89be200fe98922423d4334014fa6b0ee (5FA9nQDV...), score=0, block=35    
2026-03-09 07:18:56 DCF: Computed PoI score for validator=d17c2d7823ebf260fd138f2d7e27d114c0145d968b5ff5006125f2414fadae69 (5GoNkf6W...), score=0, block=35    
2026-03-09 07:18:56 DCF: Computed PoI score for validator=439660b36c6c03afafca027b910b4fecf99801834c62a5e6006f27d978de234f (5DbKjhNL...), score=0, block=35    
2026-03-09 07:18:56 DCF off-chain worker completed computation    
2026-03-09 07:18:56 🏆 Imported #35 (0x87d3…c2f3 → 0x97b3…3c11)    
2026-03-09 07:18:56 DVF Vote Aggregator: ===== Checking vote accumulation for round 0 =====    
2026-03-09 07:18:56 DVF Vote Aggregator: Total weight: 24000000000000240000, Finality threshold: 16080000000000160800 (67% of total)    
2026-03-09 07:18:56 DVF Vote Aggregator: Found 0 candidate blocks for round 0    
2026-03-09 07:18:56 DVF Vote Aggregator: Vote pool size: 0 votes total    
2026-03-09 07:18:57 DVF Vote Aggregator: ===== Checking vote accumulation for round 0 =====    
2026-03-09 07:18:57 DVF Vote Aggregator: Total weight: 24000000000000240000, Finality threshold: 16080000000000160800 (67% of total)    
2026-03-09 07:18:57 DVF Vote Aggregator: Found 0 candidate blocks for round 0    
2026-03-09 07:18:57 DVF Vote Aggregator: Vote pool size: 0 votes total    
2026-03-09 07:18:57 💤 Idle (2 peers), best: #35 (0x97b3…3c11), finalized #30 (0x6f6a…7dbc), ⬇ 3.0kiB/s ⬆ 2.9kiB/s    
2026-03-09 07:18:57 DCF Verifier: Block #36 verification passed    
2026-03-09 07:18:57 DCF: Finality advanced from 34 to 35 in epoch 0    
2026-03-09 07:18:57 DCF: Progressive finalization advanced to block 35    
2026-03-09 07:18:57 🏆 Imported #36 (0x97b3…3c11 → 0xefd1…8d74)    
2026-03-09 07:18:58 DVF Vote Aggregator: ===== Checking vote accumulation for round 0 =====    
2026-03-09 07:18:58 DVF Vote Aggregator: Total weight: 24000000000000240000, Finality threshold: 16080000000000160800 (67% of total)    
2026-03-09 07:18:58 DVF Vote Aggregator: Found 0 candidate blocks for round 0    
2026-03-09 07:18:58 DVF Vote Aggregator: Vote pool size: 0 votes total    
2026-03-09 07:18:59 DVF Vote Aggregator: ===== Checking vote accumulation for round 0 =====    
2026-03-09 07:18:59 DVF Vote Aggregator: Total weight: 24000000000000240000, Finality threshold: 16080000000000160800 (67% of total)    
2026-03-09 07:18:59 DVF Vote Aggregator: Found 0 candidate blocks for round 0    
2026-03-09 07:18:59 DVF Vote Aggregator: Vote pool size: 0 votes total    
2026-03-09 07:18:59 DCF Verifier: Block #37 verification passed    
2026-03-09 07:18:59 DCF: Finality advanced from 35 to 36 in epoch 0    
2026-03-09 07:18:59 DCF: Progressive finalization advanced to block 36    
2026-03-09 07:18:59 🏆 Imported #37 (0xefd1…8d74 → 0x808d…7e3b)    
2026-03-09 07:19:00 DVF Vote Aggregator: ===== Checking vote accumulation for round 0 =====    
2026-03-09 07:19:00 DVF Vote Aggregator: Total weight: 24000000000000240000, Finality threshold: 16080000000000160800 (67% of total)    
2026-03-09 07:19:00 DVF Vote Aggregator: Found 0 candidate blocks for round 0    
2026-03-09 07:19:00 DVF Vote Aggregator: Vote pool size: 0 votes total    
2026-03-09 07:19:01 DVF Vote Aggregator: ===== Checking vote accumulation for round 0 =====    
2026-03-09 07:19:01 DVF Vote Aggregator: Total weight: 24000000000000240000, Finality threshold: 16080000000000160800 (67% of total)    
2026-03-09 07:19:01 DVF Vote Aggregator: Found 0 candidate blocks for round 0    
2026-03-09 07:19:01 DVF Vote Aggregator: Vote pool size: 0 votes total    
[2026-03-22T07:18:56.061Z] [ThreadId(7)] ============== [CBC-TRACE] 41. [dcf.rs::run] Active validators retrieved: 3 validators ==============
[2026-03-22T07:18:56.061Z] [ThreadId(7)] ============== [CBC-TRACE] 42. [dcf.rs::run] Author selection for block 35 started ==============
[2026-03-22T07:18:56.061Z] [ThreadId(7)] ============== [CBC-TRACE] 43. [dcf.rs::run] Expected author selected: 439660b36c6c03afafca027b910b4fecf99801834c62a5e6006f27d978de234f (5DbKjhNL...) (method: runtime_deterministic) ==============
[2026-03-22T07:18:56.061Z] [ThreadId(7)] ============== [CBC-TRACE] 44. [dcf.rs::run] Block production triggered for block 35 ==============
[2026-03-22T07:18:56.061Z] [ThreadId(7)] ============== [CBC-TRACE] 45. [proposer_factory.rs::create_complete_block] Proposer factory create_complete_block entered ==============
[2026-03-22T07:18:56.061Z] [ThreadId(7)] ============== [CBC-TRACE] 46. [proposer_factory.rs::create_complete_block] Inherent data generated ==============
[2026-03-22T07:18:56.062Z] [ThreadId(7)] ============== [CBC-TRACE] 47. [proposer_factory.rs::create_complete_block] Transactions harvested from mempool (0 transactions) ==============
[2026-03-22T07:18:56.062Z] [ThreadId(7)] ============== [CBC-TRACE] 48. [proposer_factory.rs::create_complete_block] PreRuntime author digest added to header ==============
[2026-03-22T07:18:56.062Z] [ThreadId(7)] ============== [CBC-TRACE] 49. [proposer_factory.rs::create_complete_block] Substrate build_block executing ==============
[2026-03-22T07:18:56.062Z] [ThreadId(7)] ============== [CBC-TRACE] 50. [proposer_factory.rs::build_block_with_state_root] State root computed for block 35 ==============
[2026-03-22T07:18:56.062Z] [ThreadId(7)] ============== [CBC-TRACE] 51. [proposer_factory.rs::build_block_with_state_root] Block 35 sealed successfully ==============
[2026-03-22T07:18:56.062Z] [ThreadId(7)] ============== [CBC-TRACE] 52. [proposer_factory.rs::create_complete_block] Block 35 dispatched to import pipeline ==============
[2026-03-22T07:18:56.064Z] [ThreadId(7)] ============== [CBC-TRACE] 53. [dcf.rs::update_consensus_state] Consensus state updated after block production (block: 35, slot: 14, total: 14) ==============
[2026-03-22T07:18:56.065Z] [ThreadId(7)] ============== [CBC-TRACE] 54. [dcf.rs::update_consensus_state] Author scores updated - PoS: 6000000000000000, PoI: 80, Combined: 100, Trust: 7658, Uptime: 100, Inferences: 0, Participation: 100%, Missed: 0 ==============
[2026-03-22T07:19:01.825Z] [ThreadId(6)] ============== [CBC-TRACE] 65. [service.rs::dvf-finality-sync] Finality check iteration started ==============
2026-03-09 07:19:01 Client finalized head (#30) is ahead of DVF finalized head (#0)!    
[2026-03-22T07:19:01.826Z] [ThreadId(6)] ============== [CBC-TRACE] 66. [service.rs::dvf-finality-sync] DVF finalized block retrieved (block 0) ==============
[2026-03-22T07:19:01.826Z] [ThreadId(6)] ============== [CBC-TRACE] 67. [service.rs::dvf-finality-sync] Client finalized block retrieved (block 30) ==============
[2026-03-22T07:19:02.073Z] [ThreadId(6)] ============== [CBC-TRACE] 40. [dcf.rs::run] Consensus loop iteration started for block 38 ==============
2026-03-09 07:19:02 DCF: Finality advanced from 36 to 37 in epoch 0    
2026-03-09 07:19:02 DCF: Progressive finalization advanced to block 37    
2026-03-09 07:19:02 ProposerFactory: Successfully created block #38 with 1 extrinsics    
2026-03-09 07:19:02 DCF: Finality advanced from 36 to 37 in epoch 0    
2026-03-09 07:19:02 DCF: Progressive finalization advanced to block 37    
2026-03-09 07:19:02 🏆 Imported #38 (0x808d…7e3b → 0xaeff…cfe5)    
2026-03-09 07:19:02 DVF Vote Aggregator: ===== Checking vote accumulation for round 0 =====    
2026-03-09 07:19:02 DVF Vote Aggregator: Total weight: 24000000000000240000, Finality threshold: 16080000000000160800 (67% of total)    
2026-03-09 07:19:02 DVF Vote Aggregator: Found 0 candidate blocks for round 0    
2026-03-09 07:19:02 DVF Vote Aggregator: Vote pool size: 0 votes total    
2026-03-09 07:19:02 💤 Idle (2 peers), best: #38 (0xaeff…cfe5), finalized #30 (0x6f6a…7dbc), ⬇ 3.1kiB/s ⬆ 3.4kiB/s    
2026-03-09 07:19:03 DVF Vote Aggregator: ===== Checking vote accumulation for round 0 =====    
2026-03-09 07:19:03 DVF Vote Aggregator: Total weight: 24000000000000240000, Finality threshold: 16080000000000160800 (67% of total)    
2026-03-09 07:19:03 DVF Vote Aggregator: Found 0 candidate blocks for round 0    
2026-03-09 07:19:03 DVF Vote Aggregator: Vote pool size: 0 votes total    
2026-03-09 07:19:03 DCF Verifier: Block #39 verification passed    
2026-03-09 07:19:03 DCF: Finality advanced from 37 to 38 in epoch 0    
2026-03-09 07:19:03 DCF: Progressive finalization advanced to block 38    
2026-03-09 07:19:03 🏆 Imported #39 (0xaeff…cfe5 → 0xce28…f4b2)    
2026-03-09 07:19:04 DVF Vote Aggregator: ===== Checking vote accumulation for round 0 =====    
2026-03-09 07:19:04 DVF Vote Aggregator: Total weight: 24000000000000240000, Finality threshold: 16080000000000160800 (67% of total)    
2026-03-09 07:19:04 DVF Vote Aggregator: Found 0 candidate blocks for round 0    
2026-03-09 07:19:04 DVF Vote Aggregator: Vote pool size: 0 votes total    
2026-03-09 07:19:05 DVF Vote Aggregator: ===== Checking vote accumulation for round 0 =====    
2026-03-09 07:19:05 DVF Vote Aggregator: Total weight: 24000000000000240000, Finality threshold: 16080000000000160800 (67% of total)    
2026-03-09 07:19:05 DVF Vote Aggregator: Found 0 candidate blocks for round 0    
2026-03-09 07:19:05 DVF Vote Aggregator: Vote pool size: 0 votes total    
2026-03-09 07:19:05 DVF Gossip Validator: Accepted vote for block #40 (0xffc8a0e33ab1747d60476aee170619b1b1aff7f1d08be8a73fcc5c981427977a) from validator d17c2d7823ebf260fd138f2d7e27d114c0145d968b5ff5006125f2414fadae69 (5GoNkf6W...) (round: 0, epoch: 0, validator_set: 0)    
2026-03-09 07:19:05 DVF Gossip Validator: Vote inserted into pool successfully    
2026-03-09 07:19:05 DCF Verifier: Block #40 verification passed    
2026-03-09 07:19:05 DCF: Finality advanced from 38 to 39 in epoch 0    
2026-03-09 07:19:05 DCF: Progressive finalization advanced to block 39    
2026-03-09 07:19:05 DVF Vote Creator: Creating vote for block #40 (0xffc8a0e33ab1747d60476aee170619b1b1aff7f1d08be8a73fcc5c981427977a)    
2026-03-09 07:19:05 🏆 Imported #40 (0xce28…f4b2 → 0xffc8…977a)    
2026-03-09 07:19:05 DCF: Computed PoI score for validator=88dc3417d5058ec4b4503e0c12ea1a0a89be200fe98922423d4334014fa6b0ee (5FA9nQDV...), score=0, block=40    
2026-03-09 07:19:05 DCF: Computed PoI score for validator=d17c2d7823ebf260fd138f2d7e27d114c0145d968b5ff5006125f2414fadae69 (5GoNkf6W...), score=0, block=40    
2026-03-09 07:19:05 DCF: Computed PoI score for validator=439660b36c6c03afafca027b910b4fecf99801834c62a5e6006f27d978de234f (5DbKjhNL...), score=0, block=40    
2026-03-09 07:19:05 DCF off-chain worker completed computation    
2026-03-09 07:19:05 DVF Gossip Validator: Accepted vote for block #40 (0xffc8a0e33ab1747d60476aee170619b1b1aff7f1d08be8a73fcc5c981427977a) from validator 439660b36c6c03afafca027b910b4fecf99801834c62a5e6006f27d978de234f (5DbKjhNL...) (round: 0, epoch: 0, validator_set: 0)    
2026-03-09 07:19:05 DVF Gossip Validator: Vote inserted into pool successfully    
2026-03-09 07:19:05 DVF Vote Creator: Vote inserted into local pool successfully    
2026-03-09 07:19:05 DVF Vote Creator: Successfully broadcast vote for block #40 (epoch: 0, round: 0, validator_set: 0)    
2026-03-09 07:19:06 DVF Vote Aggregator: ===== Checking vote accumulation for round 0 =====    
2026-03-09 07:19:06 DVF Vote Aggregator: Total weight: 24000000000000240000, Finality threshold: 16080000000000160800 (67% of total)    
2026-03-09 07:19:06 DVF Vote Aggregator: Found 1 candidate blocks for round 0    
2026-03-09 07:19:06 DVF Vote Aggregator: Vote pool size: 3 votes total    
2026-03-09 07:19:06 DVF Vote Aggregator: Found 3 votes for block 0xffc8a0e33ab1747d60476aee170619b1b1aff7f1d08be8a73fcc5c981427977a in round 0    
2026-03-09 07:19:06 DVF Vote Aggregator:   - Validator d17c2d7823ebf260fd138f2d7e27d114c0145d968b5ff5006125f2414fadae69 (5GoNkf6W...) voted with weight 8000000000000080000    
2026-03-09 07:19:06 DVF Vote Aggregator:   - Validator 439660b36c6c03afafca027b910b4fecf99801834c62a5e6006f27d978de234f (5DbKjhNL...) voted with weight 6000000000000080000    
2026-03-09 07:19:06 DVF Vote Aggregator:   - Validator 88dc3417d5058ec4b4503e0c12ea1a0a89be200fe98922423d4334014fa6b0ee (5FA9nQDV...) voted with weight 10000000000000080000    
2026-03-09 07:19:06 DVF Vote Aggregator: Total accumulated weight for block 0xffc8a0e33ab1747d60476aee170619b1b1aff7f1d08be8a73fcc5c981427977a: 24000000000000240000 (from 3 votes)    
2026-03-09 07:19:06 DVF Vote Aggregator: Block 0xffc8a0e33ab1747d60476aee170619b1b1aff7f1d08be8a73fcc5c981427977a has accumulated weight 24000000000000240000 (threshold: 16080000000000160800, reached: true)    
2026-03-09 07:19:06 DVF Vote Aggregator: Block 0xffc8a0e33ab1747d60476aee170619b1b1aff7f1d08be8a73fcc5c981427977a reached finality threshold! Weight: 24000000000000240000, Threshold: 16080000000000160800    
2026-03-09 07:19:06 DVF Vote Aggregator: Triggering justification construction for block 0xffc8a0e33ab1747d60476aee170619b1b1aff7f1d08be8a73fcc5c981427977a (round: 0, weight: 24000000000000240000)    
2026-03-09 07:19:06 DVF Justification Builder: Constructing justification for block 0xffc8a0e33ab1747d60476aee170619b1b1aff7f1d08be8a73fcc5c981427977a in round 0    
2026-03-09 07:19:06 DVF Justification Builder: Selected 2 votes with accumulated weight 18000000000000160000 (threshold: 16080000000000160800)    
2026-03-09 07:19:06 DVF Justification Builder: Constructed justification with 2 votes, accumulated weight 18000000000000160000 (threshold: 16080000000000160800)    
2026-03-09 07:19:06 DVF Justification Builder: Justification constructed for block 0xffc8a0e33ab1747d60476aee170619b1b1aff7f1d08be8a73fcc5c981427977a, round 0, 2 votes, weight 18000000000000160000    
2026-03-09 07:19:06 DVF Vote Aggregator: Successfully constructed justification with 2 votes    
2026-03-09 07:19:06 DVF Vote Aggregator: Justification constructed for block #40 (0xffc8a0e33ab1747d60476aee170619b1b1aff7f1d08be8a73fcc5c981427977a) with 2 votes, weight: 24000000000000240000    
2026-03-09 07:19:06 DVF Vote Aggregator: Encoded justification (389 bytes) for block #40 (0xffc8a0e33ab1747d60476aee170619b1b1aff7f1d08be8a73fcc5c981427977a)    
2026-03-09 07:19:06 DVF Vote Aggregator: Successfully finalized block #40 (0xffc8a0e33ab1747d60476aee170619b1b1aff7f1d08be8a73fcc5c981427977a) with justification    
2026-03-09 07:19:06 DVF Vote Aggregator: Finality latency for round 0: 0.00s    
2026-03-09 07:19:07 DVF Vote Aggregator: ===== Checking vote accumulation for round 0 =====    
2026-03-09 07:19:07 DVF Vote Aggregator: Total weight: 24000000000000240000, Finality threshold: 16080000000000160800 (67% of total)    
2026-03-09 07:19:07 DVF Vote Aggregator: Found 1 candidate blocks for round 0    
2026-03-09 07:19:07 DVF Vote Aggregator: Vote pool size: 3 votes total    
2026-03-09 07:19:07 DVF Vote Aggregator: Found 3 votes for block 0xffc8a0e33ab1747d60476aee170619b1b1aff7f1d08be8a73fcc5c981427977a in round 0    
2026-03-09 07:19:07 DVF Vote Aggregator:   - Validator d17c2d7823ebf260fd138f2d7e27d114c0145d968b5ff5006125f2414fadae69 (5GoNkf6W...) voted with weight 8000000000000080000    
2026-03-09 07:19:07 DVF Vote Aggregator:   - Validator 439660b36c6c03afafca027b910b4fecf99801834c62a5e6006f27d978de234f (5DbKjhNL...) voted with weight 6000000000000080000    
2026-03-09 07:19:07 DVF Vote Aggregator:   - Validator 88dc3417d5058ec4b4503e0c12ea1a0a89be200fe98922423d4334014fa6b0ee (5FA9nQDV...) voted with weight 10000000000000080000    
2026-03-09 07:19:07 DVF Vote Aggregator: Total accumulated weight for block 0xffc8a0e33ab1747d60476aee170619b1b1aff7f1d08be8a73fcc5c981427977a: 24000000000000240000 (from 3 votes)    
2026-03-09 07:19:07 DVF Vote Aggregator: Block 0xffc8a0e33ab1747d60476aee170619b1b1aff7f1d08be8a73fcc5c981427977a has accumulated weight 24000000000000240000 (threshold: 16080000000000160800, reached: true)    
2026-03-09 07:19:07 DVF Vote Aggregator: Block 0xffc8a0e33ab1747d60476aee170619b1b1aff7f1d08be8a73fcc5c981427977a reached finality threshold! Weight: 24000000000000240000, Threshold: 16080000000000160800    
2026-03-09 07:19:07 DVF Vote Aggregator: Triggering justification construction for block 0xffc8a0e33ab1747d60476aee170619b1b1aff7f1d08be8a73fcc5c981427977a (round: 0, weight: 24000000000000240000)    
2026-03-09 07:19:07 DVF Justification Builder: Constructing justification for block 0xffc8a0e33ab1747d60476aee170619b1b1aff7f1d08be8a73fcc5c981427977a in round 0    
2026-03-09 07:19:07 DVF Justification Builder: Selected 2 votes with accumulated weight 18000000000000160000 (threshold: 16080000000000160800)    
2026-03-09 07:19:07 DVF Justification Builder: Constructed justification with 2 votes, accumulated weight 18000000000000160000 (threshold: 16080000000000160800)    
2026-03-09 07:19:07 DVF Justification Builder: Justification constructed for block 0xffc8a0e33ab1747d60476aee170619b1b1aff7f1d08be8a73fcc5c981427977a, round 0, 2 votes, weight 18000000000000160000    
2026-03-09 07:19:07 DVF Vote Aggregator: Successfully constructed justification with 2 votes    
2026-03-09 07:19:07 DVF Vote Aggregator: Justification constructed for block #40 (0xffc8a0e33ab1747d60476aee170619b1b1aff7f1d08be8a73fcc5c981427977a) with 2 votes, weight: 24000000000000240000    
2026-03-09 07:19:07 DVF Vote Aggregator: Encoded justification (389 bytes) for block #40 (0xffc8a0e33ab1747d60476aee170619b1b1aff7f1d08be8a73fcc5c981427977a)    
2026-03-09 07:19:07 Possible safety violation: attempted to re-finalize last finalized block 0xffc8a0e33ab1747d60476aee170619b1b1aff7f1d08be8a73fcc5c981427977a     
2026-03-09 07:19:07 DVF Vote Aggregator: Successfully finalized block #40 (0xffc8a0e33ab1747d60476aee170619b1b1aff7f1d08be8a73fcc5c981427977a) with justification    
2026-03-09 07:19:07 DVF Vote Aggregator: Finality latency for round 0: 0.00s    
[2026-03-22T07:19:02.074Z] [ThreadId(6)] ============== [CBC-TRACE] 41. [dcf.rs::run] Active validators retrieved: 3 validators ==============
[2026-03-22T07:19:02.074Z] [ThreadId(6)] ============== [CBC-TRACE] 42. [dcf.rs::run] Author selection for block 38 started ==============
[2026-03-22T07:19:02.074Z] [ThreadId(6)] ============== [CBC-TRACE] 43. [dcf.rs::run] Expected author selected: 439660b36c6c03afafca027b910b4fecf99801834c62a5e6006f27d978de234f (5DbKjhNL...) (method: runtime_deterministic) ==============
[2026-03-22T07:19:02.074Z] [ThreadId(6)] ============== [CBC-TRACE] 44. [dcf.rs::run] Block production triggered for block 38 ==============
[2026-03-22T07:19:02.074Z] [ThreadId(6)] ============== [CBC-TRACE] 45. [proposer_factory.rs::create_complete_block] Proposer factory create_complete_block entered ==============
[2026-03-22T07:19:02.074Z] [ThreadId(6)] ============== [CBC-TRACE] 46. [proposer_factory.rs::create_complete_block] Inherent data generated ==============
[2026-03-22T07:19:02.074Z] [ThreadId(6)] ============== [CBC-TRACE] 47. [proposer_factory.rs::create_complete_block] Transactions harvested from mempool (0 transactions) ==============
[2026-03-22T07:19:02.074Z] [ThreadId(6)] ============== [CBC-TRACE] 48. [proposer_factory.rs::create_complete_block] PreRuntime author digest added to header ==============
[2026-03-22T07:19:02.074Z] [ThreadId(6)] ============== [CBC-TRACE] 49. [proposer_factory.rs::create_complete_block] Substrate build_block executing ==============
[2026-03-22T07:19:02.075Z] [ThreadId(6)] ============== [CBC-TRACE] 50. [proposer_factory.rs::build_block_with_state_root] State root computed for block 38 ==============
[2026-03-22T07:19:02.075Z] [ThreadId(6)] ============== [CBC-TRACE] 51. [proposer_factory.rs::build_block_with_state_root] Block 38 sealed successfully ==============
[2026-03-22T07:19:02.075Z] [ThreadId(6)] ============== [CBC-TRACE] 52. [proposer_factory.rs::create_complete_block] Block 38 dispatched to import pipeline ==============
[2026-03-22T07:19:02.075Z] [ThreadId(6)] ============== [CBC-TRACE] 53. [dcf.rs::update_consensus_state] Consensus state updated after block production (block: 38, slot: 15, total: 15) ==============
[2026-03-22T07:19:02.076Z] [ThreadId(6)] ============== [CBC-TRACE] 54. [dcf.rs::update_consensus_state] Author scores updated - PoS: 6000000000000000, PoI: 80, Combined: 100, Trust: 7659, Uptime: 100, Inferences: 0, Participation: 100%, Missed: 0 ==============
[2026-03-22T07:19:07.827Z] [ThreadId(4)] ============== [CBC-TRACE] 65. [service.rs::dvf-finality-sync] Finality check iteration started ==============
2026-03-09 07:19:07 💤 Idle (2 peers), best: #40 (0xffc8…977a), finalized #40 (0xffc8…977a), ⬇ 3.4kiB/s ⬆ 2.9kiB/s    
2026-03-09 07:19:07 Client finalized head (#40) is ahead of DVF finalized head (#0)!    
[2026-03-22T07:19:07.827Z] [ThreadId(4)] ============== [CBC-TRACE] 66. [service.rs::dvf-finality-sync] DVF finalized block retrieved (block 0) ==============
[2026-03-22T07:19:07.827Z] [ThreadId(4)] ============== [CBC-TRACE] 67. [service.rs::dvf-finality-sync] Client finalized block retrieved (block 40) ==============
[2026-03-22T07:19:08.085Z] [ThreadId(3)] ============== [CBC-TRACE] 40. [dcf.rs::run] Consensus loop iteration started for block 41 ==============
2026-03-09 07:19:08 Producing block #41 with author 88dc3417d5058ec4b4503e0c12ea1a0a89be200fe98922423d4334014fa6b0ee (5FA9nQDV...)    
2026-03-09 07:19:08 DCF: Finality advanced from 39 to 40 in epoch 0    
2026-03-09 07:19:08 DCF: Progressive finalization advanced to block 40    
2026-03-09 07:19:08 ProposerFactory: Successfully created block #41 with 1 extrinsics    
2026-03-09 07:19:08 DCF: Finality advanced from 39 to 40 in epoch 0    
2026-03-09 07:19:08 DCF: Progressive finalization advanced to block 40    
2026-03-09 07:19:08 🏆 Imported #41 (0xffc8…977a → 0xee35…585d)    
2026-03-09 07:19:08 DVF Vote Aggregator: ===== Checking vote accumulation for round 0 =====    
2026-03-09 07:19:08 DVF Vote Aggregator: Total weight: 24000000000000240000, Finality threshold: 16080000000000160800 (67% of total)    
2026-03-09 07:19:08 DVF Vote Aggregator: Found 0 candidate blocks for round 0    
2026-03-09 07:19:08 DVF Vote Aggregator: Vote pool size: 0 votes total    
2026-03-09 07:19:09 DVF Vote Aggregator: ===== Checking vote accumulation for round 0 =====    
2026-03-09 07:19:09 DVF Vote Aggregator: Total weight: 24000000000000240000, Finality threshold: 16080000000000160800 (67% of total)    
2026-03-09 07:19:09 DVF Vote Aggregator: Found 0 candidate blocks for round 0    
2026-03-09 07:19:09 DVF Vote Aggregator: Vote pool size: 0 votes total    
2026-03-09 07:19:09 DCF Verifier: Block #42 verification passed    
2026-03-09 07:19:09 DCF: Finality advanced from 40 to 41 in epoch 0    
2026-03-09 07:19:09 DCF: Progressive finalization advanced to block 41    
2026-03-09 07:19:09 🏆 Imported #42 (0xee35…585d → 0xfc7e…b75e)    
2026-03-09 07:19:10 DVF Vote Aggregator: ===== Checking vote accumulation for round 0 =====    
2026-03-09 07:19:10 DVF Vote Aggregator: Total weight: 24000000000000240000, Finality threshold: 16080000000000160800 (67% of total)    
2026-03-09 07:19:10 DVF Vote Aggregator: Found 0 candidate blocks for round 0    
2026-03-09 07:19:10 DVF Vote Aggregator: Vote pool size: 0 votes total    
2026-03-09 07:19:11 DVF Vote Aggregator: ===== Checking vote accumulation for round 0 =====    
2026-03-09 07:19:11 DVF Vote Aggregator: Total weight: 24000000000000240000, Finality threshold: 16080000000000160800 (67% of total)    
2026-03-09 07:19:11 DVF Vote Aggregator: Found 0 candidate blocks for round 0    
2026-03-09 07:19:11 DVF Vote Aggregator: Vote pool size: 0 votes total    
2026-03-09 07:19:11 DCF Verifier: Block #43 verification passed    
2026-03-09 07:19:11 DCF: Finality advanced from 41 to 42 in epoch 0    
2026-03-09 07:19:11 DCF: Progressive finalization advanced to block 42    
2026-03-09 07:19:11 🏆 Imported #43 (0xfc7e…b75e → 0xad60…ddad)    
2026-03-09 07:19:12 DVF Vote Aggregator: ===== Checking vote accumulation for round 0 =====    
2026-03-09 07:19:12 DVF Vote Aggregator: Total weight: 24000000000000240000, Finality threshold: 16080000000000160800 (67% of total)    
2026-03-09 07:19:12 DVF Vote Aggregator: Found 0 candidate blocks for round 0    
2026-03-09 07:19:12 DVF Vote Aggregator: Vote pool size: 0 votes total    
2026-03-09 07:19:12 💤 Idle (2 peers), best: #43 (0xad60…ddad), finalized #40 (0xffc8…977a), ⬇ 4.0kiB/s ⬆ 4.4kiB/s    
2026-03-09 07:19:13 DVF Vote Aggregator: ===== Checking vote accumulation for round 0 =====    
2026-03-09 07:19:13 DVF Vote Aggregator: Total weight: 24000000000000240000, Finality threshold: 16080000000000160800 (67% of total)    
2026-03-09 07:19:13 DVF Vote Aggregator: Found 0 candidate blocks for round 0    
2026-03-09 07:19:13 DVF Vote Aggregator: Vote pool size: 0 votes total    
[2026-03-22T07:19:08.085Z] [ThreadId(3)] ============== [CBC-TRACE] 41. [dcf.rs::run] Active validators retrieved: 3 validators ==============
[2026-03-22T07:19:08.085Z] [ThreadId(3)] ============== [CBC-TRACE] 42. [dcf.rs::run] Author selection for block 41 started ==============
[2026-03-22T07:19:08.085Z] [ThreadId(3)] ============== [CBC-TRACE] 43. [dcf.rs::run] Expected author selected: 88dc3417d5058ec4b4503e0c12ea1a0a89be200fe98922423d4334014fa6b0ee (5FA9nQDV...) (method: runtime_deterministic) ==============
[2026-03-22T07:19:08.085Z] [ThreadId(3)] ============== [CBC-TRACE] 44. [dcf.rs::run] Block production triggered for block 41 ==============
[2026-03-22T07:19:08.085Z] [ThreadId(3)] ============== [CBC-TRACE] 45. [proposer_factory.rs::create_complete_block] Proposer factory create_complete_block entered ==============
[2026-03-22T07:19:08.085Z] [ThreadId(3)] ============== [CBC-TRACE] 46. [proposer_factory.rs::create_complete_block] Inherent data generated ==============
[2026-03-22T07:19:08.085Z] [ThreadId(3)] ============== [CBC-TRACE] 47. [proposer_factory.rs::create_complete_block] Transactions harvested from mempool (0 transactions) ==============
[2026-03-22T07:19:08.085Z] [ThreadId(3)] ============== [CBC-TRACE] 48. [proposer_factory.rs::create_complete_block] PreRuntime author digest added to header ==============
[2026-03-22T07:19:08.085Z] [ThreadId(3)] ============== [CBC-TRACE] 49. [proposer_factory.rs::create_complete_block] Substrate build_block executing ==============
[2026-03-22T07:19:08.086Z] [ThreadId(3)] ============== [CBC-TRACE] 50. [proposer_factory.rs::build_block_with_state_root] State root computed for block 41 ==============
[2026-03-22T07:19:08.086Z] [ThreadId(3)] ============== [CBC-TRACE] 51. [proposer_factory.rs::build_block_with_state_root] Block 41 sealed successfully ==============
[2026-03-22T07:19:08.086Z] [ThreadId(3)] ============== [CBC-TRACE] 52. [proposer_factory.rs::create_complete_block] Block 41 dispatched to import pipeline ==============
[2026-03-22T07:19:08.087Z] [ThreadId(3)] ============== [CBC-TRACE] 53. [dcf.rs::update_consensus_state] Consensus state updated after block production (block: 41, slot: 16, total: 16) ==============
[2026-03-22T07:19:08.087Z] [ThreadId(3)] ============== [CBC-TRACE] 54. [dcf.rs::update_consensus_state] Author scores updated - PoS: 10000000000000000, PoI: 80, Combined: 100, Trust: 7637, Uptime: 100, Inferences: 0, Participation: 100%, Missed: 0 ==============
[2026-03-22T07:19:13.828Z] [ThreadId(6)] ============== [CBC-TRACE] 65. [service.rs::dvf-finality-sync] Finality check iteration started ==============
2026-03-09 07:19:13 Client finalized head (#40) is ahead of DVF finalized head (#0)!    
[2026-03-22T07:19:13.828Z] [ThreadId(6)] ============== [CBC-TRACE] 66. [service.rs::dvf-finality-sync] DVF finalized block retrieved (block 0) ==============
[2026-03-22T07:19:13.828Z] [ThreadId(6)] ============== [CBC-TRACE] 67. [service.rs::dvf-finality-sync] Client finalized block retrieved (block 40) ==============
[2026-03-22T07:19:14.095Z] [ThreadId(6)] ============== [CBC-TRACE] 40. [dcf.rs::run] Consensus loop iteration started for block 44 ==============
2026-03-09 07:19:14 DCF: Finality advanced from 42 to 43 in epoch 0    
2026-03-09 07:19:14 DCF: Progressive finalization advanced to block 43    
2026-03-09 07:19:14 ProposerFactory: Successfully created block #44 with 1 extrinsics    
2026-03-09 07:19:14 DCF: Finality advanced from 42 to 43 in epoch 0    
2026-03-09 07:19:14 DCF: Progressive finalization advanced to block 43    
2026-03-09 07:19:14 🏆 Imported #44 (0xad60…ddad → 0xe7f2…6662)    
2026-03-09 07:19:14 DVF Vote Aggregator: ===== Checking vote accumulation for round 0 =====    
2026-03-09 07:19:14 DVF Vote Aggregator: Total weight: 24000000000000240000, Finality threshold: 16080000000000160800 (67% of total)    
2026-03-09 07:19:14 DVF Vote Aggregator: Found 0 candidate blocks for round 0    
2026-03-09 07:19:14 DVF Vote Aggregator: Vote pool size: 0 votes total    
2026-03-09 07:19:15 DVF Vote Aggregator: ===== Checking vote accumulation for round 0 =====    
2026-03-09 07:19:15 DVF Vote Aggregator: Total weight: 24000000000000240000, Finality threshold: 16080000000000160800 (67% of total)    
2026-03-09 07:19:15 DVF Vote Aggregator: Found 0 candidate blocks for round 0    
2026-03-09 07:19:15 DVF Vote Aggregator: Vote pool size: 0 votes total    
2026-03-09 07:19:15 DCF Verifier: Block #45 verification passed    
2026-03-09 07:19:15 DCF: Finality advanced from 43 to 44 in epoch 0    
2026-03-09 07:19:15 DCF: Progressive finalization advanced to block 44    
2026-03-09 07:19:15 🏆 Imported #45 (0xe7f2…6662 → 0x44b8…e5ce)    
2026-03-09 07:19:15 DCF: Computed PoI score for validator=88dc3417d5058ec4b4503e0c12ea1a0a89be200fe98922423d4334014fa6b0ee (5FA9nQDV...), score=0, block=45    
2026-03-09 07:19:15 DCF: Computed PoI score for validator=d17c2d7823ebf260fd138f2d7e27d114c0145d968b5ff5006125f2414fadae69 (5GoNkf6W...), score=0, block=45    
2026-03-09 07:19:15 DCF: Computed PoI score for validator=439660b36c6c03afafca027b910b4fecf99801834c62a5e6006f27d978de234f (5DbKjhNL...), score=0, block=45    
2026-03-09 07:19:15 DCF off-chain worker completed computation    
2026-03-09 07:19:16 DVF Vote Aggregator: ===== Checking vote accumulation for round 0 =====    
2026-03-09 07:19:16 DVF Vote Aggregator: Total weight: 24000000000000240000, Finality threshold: 16080000000000160800 (67% of total)    
2026-03-09 07:19:16 DVF Vote Aggregator: Found 0 candidate blocks for round 0    
2026-03-09 07:19:16 DVF Vote Aggregator: Vote pool size: 0 votes total    
2026-03-09 07:19:17 DVF Vote Aggregator: ===== Checking vote accumulation for round 0 =====    
2026-03-09 07:19:17 DVF Vote Aggregator: Total weight: 24000000000000240000, Finality threshold: 16080000000000160800 (67% of total)    
2026-03-09 07:19:17 DVF Vote Aggregator: Found 0 candidate blocks for round 0    
2026-03-09 07:19:17 DVF Vote Aggregator: Vote pool size: 0 votes total    
2026-03-09 07:19:17 DCF Verifier: Block #46 verification passed    
2026-03-09 07:19:17 DCF: Finality advanced from 44 to 45 in epoch 0    
2026-03-09 07:19:17 DCF: Progressive finalization advanced to block 45    
2026-03-09 07:19:17 🏆 Imported #46 (0x44b8…e5ce → 0x56cf…e93d)    
2026-03-09 07:19:17 💤 Idle (2 peers), best: #46 (0x56cf…e93d), finalized #40 (0xffc8…977a), ⬇ 4.0kiB/s ⬆ 3.6kiB/s    
