CBC Node Startup Information
================================
Node Version:     0.1.0
Runtime Version:  0.1.0
Chain:            CBC Chain
Role:             Node
Timestamp:        1773040662
================================
[2026-03-22T07:17:42.366Z] [ThreadId(1)] ============== [CBC-TRACE] 1. [main.rs] Node entry point - main.rs started ==============
[2026-03-22T07:17:42.366Z] [ThreadId(1)] ============== [CBC-TRACE] 2. [main.rs] CLI configuration parsed ==============
[2026-03-22T07:17:42.366Z] [ThreadId(1)] ============== [CBC-TRACE] 3. [main.rs] Logging system configured ==============
[2026-03-22T07:17:42.366Z] [ThreadId(1)] ============== [CBC-TRACE] 4. [main.rs] Node metadata initialized ==============
[2026-03-22T07:17:42.366Z] [ThreadId(1)] ============== [CBC-TRACE] 5. [main.rs] Command execution started ==============
2026-03-09 07:17:42 CBC CHAIN    
2026-03-09 07:17:42 ✌️  version 0.1.0    
2026-03-09 07:17:42 ❤️  by Caerulean ByteChains Private Limited, 2025-2026    
2026-03-09 07:17:42 📋 Chain specification: CBC Local Testnet    
2026-03-09 07:17:42 🏷  Node name: Charlie    
2026-03-09 07:17:42 👤 Role: AUTHORITY    
2026-03-09 07:17:42 💾 Database: RocksDb at /tmp/charlie/chains/cbc_local/db/full    
2026-03-09 07:17:50 ============== [CBC-TRACE] 10.1 [pallet-cbc-dcf::genesis_build] Genesis block validation started ==============    
2026-03-09 07:17:50 Genesis configuration validation passed    
2026-03-09 07:17:50 ============== [CBC-TRACE] 10.2 [pallet-cbc-dcf::genesis_build] Genesis configuration loaded ==============    
2026-03-09 07:17:50   Validator count: 3    
2026-03-09 07:17:50   Epoch: 0    
2026-03-09 07:17:50   Blocks per epoch: 100    
2026-03-09 07:17:50 ============== [CBC-TRACE] 10.3.1 [pallet-cbc-dcf::genesis_build] Genesis validator 1 initialized ==============    
2026-03-09 07:17:50   Account ID: 88dc3417d5058ec4b4503e0c12ea1a0a89be200fe98922423d4334014fa6b0ee (5FA9nQDV...)    
2026-03-09 07:17:50   Stake: 10000000000000000000    
2026-03-09 07:17:50   Initial score: 80    
2026-03-09 07:17:50   PoS score: 10000000000000000    
2026-03-09 07:17:50   PoI score: 80    
2026-03-09 07:17:50   Combined DCF score: 31    
2026-03-09 07:17:50 Genesis validator 88dc3417d5058ec4b4503e0c12ea1a0a89be200fe98922423d4334014fa6b0ee (5FA9nQDV...) initialized with stake: 10000000000000000000, final_score: 31, name: None    
2026-03-09 07:17:50 ============== [CBC-TRACE] 10.3.2 [pallet-cbc-dcf::genesis_build] Genesis validator 2 initialized ==============    
2026-03-09 07:17:50   Account ID: d17c2d7823ebf260fd138f2d7e27d114c0145d968b5ff5006125f2414fadae69 (5GoNkf6W...)    
2026-03-09 07:17:50   Stake: 8000000000000000000    
2026-03-09 07:17:50   Initial score: 80    
2026-03-09 07:17:50   PoS score: 8000000000000000    
2026-03-09 07:17:50   PoI score: 80    
2026-03-09 07:17:50   Combined DCF score: 31    
2026-03-09 07:17:50 Genesis validator d17c2d7823ebf260fd138f2d7e27d114c0145d968b5ff5006125f2414fadae69 (5GoNkf6W...) initialized with stake: 8000000000000000000, final_score: 31, name: None    
2026-03-09 07:17:50 ============== [CBC-TRACE] 10.3.3 [pallet-cbc-dcf::genesis_build] Genesis validator 3 initialized ==============    
2026-03-09 07:17:50   Account ID: 439660b36c6c03afafca027b910b4fecf99801834c62a5e6006f27d978de234f (5DbKjhNL...)    
2026-03-09 07:17:50   Stake: 6000000000000000000    
2026-03-09 07:17:50   Initial score: 80    
2026-03-09 07:17:50   PoS score: 6000000000000000    
2026-03-09 07:17:50   PoI score: 80    
2026-03-09 07:17:50   Combined DCF score: 31    
2026-03-09 07:17:50 Genesis validator 439660b36c6c03afafca027b910b4fecf99801834c62a5e6006f27d978de234f (5DbKjhNL...) initialized with stake: 6000000000000000000, final_score: 31, name: None    
2026-03-09 07:17:50 ============== [CBC-TRACE] 10.4 [pallet-cbc-dcf::genesis_build] PoS scores calculated for all genesis validators ==============    
2026-03-09 07:17:50 ============== [CBC-TRACE] 10.5 [pallet-cbc-dcf::genesis_build] PoI scores calculated for all genesis validators ==============    
2026-03-09 07:17:50 ============== [CBC-TRACE] 10.6 [pallet-cbc-dcf::genesis_build] Combined DCF scores computed for all validators ==============    
2026-03-09 07:17:50   PoS weight: 6000    
2026-03-09 07:17:50   PoI weight: 4000    
2026-03-09 07:17:50 ============== [CBC-TRACE] 10.7 [pallet-cbc-dcf::genesis_build] Deterministic author sequence generated for epoch 0 ==============    
2026-03-09 07:17:50   Sequence length: 100    
2026-03-09 07:17:50 DCF: Generated deterministic author sequence for epoch 0 with 100 authors    
2026-03-09 07:17:50 ============== [CBC-TRACE] 10.8 [pallet-cbc-dcf::genesis_build] Genesis block created ==============    
2026-03-09 07:17:50   Note: Block hash and state root will be computed by runtime after genesis build completes    
2026-03-09 07:17:50 ============== [CBC-TRACE] 10.9 [pallet-cbc-dcf::genesis_build] Genesis validation completed successfully ==============    
2026-03-09 07:17:50 DCF Genesis completed: 3 validators initialized in epoch 0    
2026-03-09 07:17:50 DVF genesis initializing with 3 validators    
2026-03-09 07:17:50 DVF genesis initialization complete - EpochVotingWeight populated for epoch 0    
[2026-03-22T07:17:42.369Z] [ThreadId(1)] ============== [CBC-TRACE] 6. [service.rs::new_full] Full service initialization started ==============
[2026-03-22T07:17:42.369Z] [ThreadId(1)] ============== [CBC-TRACE] 7. [service.rs::new_partial] Partial node components initialization started ==============
[2026-03-22T07:17:42.369Z] [ThreadId(1)] ============== [CBC-TRACE] 8. [service.rs::new_partial] Telemetry endpoints configured (none) ==============
[2026-03-22T07:17:42.369Z] [ThreadId(1)] ============== [CBC-TRACE] 9. [service.rs::new_partial] WASM executor initialized ==============
[2026-03-22T07:17:51.668Z] [ThreadId(1)] ============== [CBC-TRACE] 10. [service.rs::new_partial] Client and backend initialized ==============
[2026-03-22T07:17:51.668Z] [ThreadId(1)] ============== [CBC-TRACE] 11. [service.rs::new_partial] Keystore container created ==============
[2026-03-22T07:17:51.668Z] [ThreadId(1)] ============== [CBC-TRACE] 12. [service.rs::new_partial] Chain selection strategy initialized ==============
[2026-03-22T07:17:51.668Z] [ThreadId(1)] ============== [CBC-TRACE] 13. [service.rs::new_partial] Transaction pool initialized ==============
[2026-03-22T07:17:51.668Z] [ThreadId(1)] ============== [CBC-TRACE] 14. [service.rs::new_partial] Prometheus consensus metrics registered ==============
[2026-03-22T07:17:51.668Z] [ThreadId(1)] ============== [CBC-TRACE] 15. [service.rs::new_partial] DCF import queue initialized ==============
[2026-03-22T07:17:51.668Z] [ThreadId(1)] ============== [CBC-TRACE] 16. [service.rs::new_partial] Partial node components ready ==============
[2026-03-22T07:17:51.669Z] [ThreadId(1)] ============== [CBC-TRACE] 17. [service.rs::new_full] Network configuration prepared ==============
[2026-03-22T07:17:51.679Z] [ThreadId(1)] ============== [CBC-TRACE] 18. [service.rs::new_full] P2P network layer initialized ==============
[2026-03-22T07:17:51.679Z] [ThreadId(1)] ============== [CBC-TRACE] 19. [service.rs::new_full] Block synchronization service started ==============
[2026-03-22T07:17:51.686Z] [ThreadId(1)] ============== [CBC-TRACE] 20. [service.rs::new_full] Offchain workers spawned ==============
[2026-03-22T07:17:51.686Z] [ThreadId(1)] ============== [CBC-TRACE] 21. [service.rs::new_full] DCF consensus parameters set ==============
[2026-03-22T07:17:51.686Z] [ThreadId(1)] ============== [CBC-TRACE] 22. [service.rs::new_full] DCF consensus engine initialized ==============
[2026-03-22T07:17:51.686Z] [ThreadId(1)] ============== [CBC-TRACE] 23. [service.rs::new_full] Consensus engine task started ==============
[2026-03-22T07:17:51.686Z] [ThreadId(1)] ============== [CBC-TRACE] 24. [service.rs::new_full] Metrics updater task started ==============
[2026-03-22T07:17:51.686Z] [ThreadId(1)] ============== [CBC-TRACE] 25. [service.rs::new_full] Block authoring tracker started ==============
[2026-03-22T07:17:51.686Z] [ThreadId(1)] ============== [CBC-TRACE] 26. [service.rs::new_full] DCF finality sync service started ==============
[2026-03-22T07:17:51.686Z] [ThreadId(1)] ============== [CBC-TRACE] 27. [service.rs::new_full] RPC extensions configured ==============
[2026-03-22T07:17:51.690Z] [ThreadId(4)] ============== [CBC-TRACE] 40. [dcf.rs::run] Consensus loop iteration started for block 1 ==============
[2026-03-22T07:17:51.690Z] [ThreadId(4)] ============== [CBC-TRACE] 41. [dcf.rs::run] Active validators retrieved: 3 validators ==============
[2026-03-22T07:17:51.690Z] [ThreadId(4)] ============== [CBC-TRACE] 42. [dcf.rs::run] Author selection for block 1 started ==============
[2026-03-22T07:17:51.690Z] [ThreadId(4)] ============== [CBC-TRACE] 43. [dcf.rs::run] Expected author selected: 88dc3417d5058ec4b4503e0c12ea1a0a89be200fe98922423d4334014fa6b0ee (5FA9nQDV...) (method: runtime_deterministic) ==============
[2026-03-22T07:17:51.690Z] [ThreadId(4)] ============== [CBC-TRACE] 44. [dcf.rs::run] Block production triggered for block 1 ==============
[2026-03-22T07:17:51.692Z] [ThreadId(1)] ============== [CBC-TRACE] 28. [service.rs::new_full] All service tasks spawned successfully ==============
[2026-03-22T07:17:51.692Z] [ThreadId(1)] ============== [CBC-TRACE] 29. [service.rs::new_full] Full node service operational ==============
2026-03-09 07:17:51 🔨 Initializing Genesis block/state (state: 0xdfe6…d195, header-hash: 0x289f…87d1)    
2026-03-09 07:17:51  creating SingleState txpool Limit { count: 8192, total_bytes: 20971520 }/Limit { count: 819, total_bytes: 2097152 }.    
2026-03-09 07:17:51 CBC: Consensus metrics initialized successfully in new_partial    
2026-03-09 07:17:51 DVF: Validating configuration parameters...    
2026-03-09 07:17:51 === DVF Configuration ===    
2026-03-09 07:17:51   FinalityCheckpointInterval: 10 blocks    
2026-03-09 07:17:51   FinalityThreshold: 67.00%    
2026-03-09 07:17:51   StakeWeightFactor: 1    
2026-03-09 07:17:51   ScoreWeightFactor: 1000    
2026-03-09 07:17:51   VoteRetentionRounds: 20    
2026-03-09 07:17:51 =========================    
2026-03-09 07:17:51 DVF: Configuration validation passed successfully    
2026-03-09 07:17:51 🏷  Local node identity is: 12D3KooWRL6FwEShGTUzQ5bvJFkc9XtC2vbfBrD4ZiB9NAVcZeCo    
2026-03-09 07:17:51 Running libp2p network backend    
2026-03-09 07:17:51 local_peer_id=12D3KooWRL6FwEShGTUzQ5bvJFkc9XtC2vbfBrD4ZiB9NAVcZeCo
2026-03-09 07:17:51 DVF: Generating ed25519 key for Charlie    
2026-03-09 07:17:51 discovered peer on address peer=12D3KooWC4du4Ev3dMfKqRpcK1p7DuAVfWhGZdLSsEsyP5RQmNcw address=/ip4/10.0.2.15/tcp/30334/p2p/12D3KooWC4du4Ev3dMfKqRpcK1p7DuAVfWhGZdLSsEsyP5RQmNcw
2026-03-09 07:17:51 discovered peer on address peer=12D3KooWC4du4Ev3dMfKqRpcK1p7DuAVfWhGZdLSsEsyP5RQmNcw address=/ip4/172.17.0.1/tcp/30334/p2p/12D3KooWC4du4Ev3dMfKqRpcK1p7DuAVfWhGZdLSsEsyP5RQmNcw
2026-03-09 07:17:51 discovered peer on address peer=12D3KooWC4du4Ev3dMfKqRpcK1p7DuAVfWhGZdLSsEsyP5RQmNcw address=/ip4/172.19.0.1/tcp/30334/p2p/12D3KooWC4du4Ev3dMfKqRpcK1p7DuAVfWhGZdLSsEsyP5RQmNcw
2026-03-09 07:17:51 discovered peer on address peer=12D3KooWC4du4Ev3dMfKqRpcK1p7DuAVfWhGZdLSsEsyP5RQmNcw address=/ip4/172.21.0.1/tcp/30334/p2p/12D3KooWC4du4Ev3dMfKqRpcK1p7DuAVfWhGZdLSsEsyP5RQmNcw
2026-03-09 07:17:51 discovered peer on address peer=12D3KooWC4du4Ev3dMfKqRpcK1p7DuAVfWhGZdLSsEsyP5RQmNcw address=/ip4/172.20.0.1/tcp/30334/p2p/12D3KooWC4du4Ev3dMfKqRpcK1p7DuAVfWhGZdLSsEsyP5RQmNcw
2026-03-09 07:17:51 discovered peer on address peer=12D3KooWC4du4Ev3dMfKqRpcK1p7DuAVfWhGZdLSsEsyP5RQmNcw address=/ip4/172.18.0.1/tcp/30334/p2p/12D3KooWC4du4Ev3dMfKqRpcK1p7DuAVfWhGZdLSsEsyP5RQmNcw
2026-03-09 07:17:51 DVF: Generated and inserted ed25519 key: 5DbKjhNLpqX3zqZdNBc9BGb4fHU1cRBaDhJUskrvkwfraDi6    
2026-03-09 07:17:51 DVF Finality Notifier: Initializing    
2026-03-09 07:17:51 DVF Vote Creator: Initializing service for validator 439660b36c6c03afafca027b910b4fecf99801834c62a5e6006f27d978de234f (5DbKjhNL...)    
2026-03-09 07:17:51 DVF: Vote Creator Service started for validator 439660b36c6c03afafca027b910b4fecf99801834c62a5e6006f27d978de234f (5DbKjhNL...)    
2026-03-09 07:17:51 DVF Justification Builder: Initializing    
2026-03-09 07:17:51 DVF Vote Aggregator: Initializing service with check interval 1s    
2026-03-09 07:17:51 DVF: Vote Aggregator Service started    
2026-03-09 07:17:51 DVF Vote Pool Pruning Service: Initializing    
2026-03-09 07:17:51 DVF: Vote Pool Pruning Service started    
2026-03-09 07:17:51 DVF Vote Creator: Starting service    
2026-03-09 07:17:51 DVF Vote Aggregator: Starting service    
2026-03-09 07:17:51 DVF Vote Pool Pruning Service: Starting service    
2026-03-09 07:17:51 discovered peer on address peer=12D3KooWE86jS9BVyhwhkh9L3JtBfxzBAjWkQvDEvGVdjkvn5dnk address=/ip4/172.20.0.1/tcp/30333/p2p/12D3KooWE86jS9BVyhwhkh9L3JtBfxzBAjWkQvDEvGVdjkvn5dnk
2026-03-09 07:17:51 discovered peer on address peer=12D3KooWE86jS9BVyhwhkh9L3JtBfxzBAjWkQvDEvGVdjkvn5dnk address=/ip4/172.18.0.1/tcp/30333/p2p/12D3KooWE86jS9BVyhwhkh9L3JtBfxzBAjWkQvDEvGVdjkvn5dnk
2026-03-09 07:17:51 DVF Vote Aggregator: ===== Checking vote accumulation for round 0 =====    
2026-03-09 07:17:51 DVF Vote Aggregator: Total weight: 24000000000000240000, Finality threshold: 16080000000000160800 (67% of total)    
2026-03-09 07:17:51 DVF Vote Aggregator: Found 0 candidate blocks for round 0    
2026-03-09 07:17:51 DVF Vote Aggregator: Vote pool size: 0 votes total    
2026-03-09 07:17:51 DCF: Consensus monitoring active. Block production handled by Substrate's default mechanisms.    
2026-03-09 07:17:51 CBC: Starting real PoS+PoI consensus engine for block production    
2026-03-09 07:17:51 Producing block #1 with author 88dc3417d5058ec4b4503e0c12ea1a0a89be200fe98922423d4334014fa6b0ee (5FA9nQDV...)    
2026-03-09 07:17:51 💻 Operating system: linux    
2026-03-09 07:17:51 💻 CPU architecture: x86_64    
2026-03-09 07:17:51 💻 Target environment: gnu    
2026-03-09 07:17:51 💻 CPU: Intel(R) Xeon(R) E-2224G CPU @ 3.50GHz    
2026-03-09 07:17:51 💻 CPU cores: 6    
2026-03-09 07:17:51 💻 Memory: 9943MB    
2026-03-09 07:17:51 💻 Kernel: 6.17.0-14-generic    
2026-03-09 07:17:51 💻 Linux distribution: Ubuntu 24.04.4 LTS    
2026-03-09 07:17:51 💻 Virtual machine: yes    
2026-03-09 07:17:51 📦 Highest known block at #0    
2026-03-09 07:17:51 Running JSON-RPC server: addr=0.0.0.0:9946,[::]:39129    
2026-03-09 07:17:51 CBC: Starting consensus metrics updater    
2026-03-09 07:17:51 CBC: Starting block authoring tracking service    
2026-03-09 07:17:51 Block Tracker: Starting block authoring tracking service    
2026-03-09 07:17:51 DVF: Starting finality sync service    
2026-03-09 07:17:51 DVF: Performing initial finality sync on startup    
2026-03-09 07:17:51 DVF Startup Sync: Client finalized head is up to date at block #0    
2026-03-09 07:17:51 〽️ Prometheus exporter started at 127.0.0.1:9617    
2026-03-09 07:17:51 discovered peer on address peer=12D3KooWE86jS9BVyhwhkh9L3JtBfxzBAjWkQvDEvGVdjkvn5dnk address=/ip4/172.21.0.1/tcp/30333/p2p/12D3KooWE86jS9BVyhwhkh9L3JtBfxzBAjWkQvDEvGVdjkvn5dnk
2026-03-09 07:17:51 discovered peer on address peer=12D3KooWE86jS9BVyhwhkh9L3JtBfxzBAjWkQvDEvGVdjkvn5dnk address=/ip4/10.0.2.15/tcp/30333/p2p/12D3KooWE86jS9BVyhwhkh9L3JtBfxzBAjWkQvDEvGVdjkvn5dnk
2026-03-09 07:17:51 ProposerFactory: Successfully created block #1 with 1 extrinsics    
2026-03-09 07:17:51 🏆 Imported #1 (0x289f…87d1 → 0x578e…876d)    
2026-03-09 07:17:51 discovered peer on address peer=12D3KooWE86jS9BVyhwhkh9L3JtBfxzBAjWkQvDEvGVdjkvn5dnk address=/ip4/172.17.0.1/tcp/30333/p2p/12D3KooWE86jS9BVyhwhkh9L3JtBfxzBAjWkQvDEvGVdjkvn5dnk
2026-03-09 07:17:51 discovered peer on address peer=12D3KooWE86jS9BVyhwhkh9L3JtBfxzBAjWkQvDEvGVdjkvn5dnk address=/ip4/172.19.0.1/tcp/30333/p2p/12D3KooWE86jS9BVyhwhkh9L3JtBfxzBAjWkQvDEvGVdjkvn5dnk
2026-03-09 07:17:51 DCF Verifier: Block #1 verification passed    
2026-03-09 07:17:51 🆕 Imported #1 (0x289f…87d1 → 0xfebb…f029)    
2026-03-09 07:17:51 DCF Verifier: Block #2 verification passed    
2026-03-09 07:17:51 ♻️  Reorg on #1,0x578e…876d to #2,0x403b…5d8d, common ancestor #0,0x289f…87d1    
2026-03-09 07:17:51 🏆 Imported #2 (0xfebb…f029 → 0x403b…5d8d)    
2026-03-09 07:17:51 DCF Verifier: Block #3 verification passed    
2026-03-09 07:17:51 DCF: Finality advanced from 1 to 2 in epoch 0    
2026-03-09 07:17:51 DCF: Progressive finalization advanced to block 2    
2026-03-09 07:17:51 🏆 Imported #3 (0x403b…5d8d → 0x59ff…3e3d)    
2026-03-09 07:17:52 DVF Vote Aggregator: ===== Checking vote accumulation for round 0 =====    
2026-03-09 07:17:52 DVF Vote Aggregator: Total weight: 24000000000000240000, Finality threshold: 16080000000000160800 (67% of total)    
2026-03-09 07:17:52 DVF Vote Aggregator: Found 0 candidate blocks for round 0    
2026-03-09 07:17:52 DVF Vote Aggregator: Vote pool size: 0 votes total    
2026-03-09 07:17:53 DCF Verifier: Block #4 verification passed    
2026-03-09 07:17:53 DCF: Finality advanced from 2 to 3 in epoch 0    
2026-03-09 07:17:53 DCF: Progressive finalization advanced to block 3    
2026-03-09 07:17:53 🏆 Imported #4 (0x59ff…3e3d → 0x00ab…2967)    
2026-03-09 07:17:53 DVF Vote Aggregator: ===== Checking vote accumulation for round 0 =====    
2026-03-09 07:17:53 DVF Vote Aggregator: Total weight: 24000000000000240000, Finality threshold: 16080000000000160800 (67% of total)    
2026-03-09 07:17:53 DVF Vote Aggregator: Found 0 candidate blocks for round 0    
2026-03-09 07:17:53 DVF Vote Aggregator: Vote pool size: 0 votes total    
2026-03-09 07:17:54 DVF Vote Aggregator: ===== Checking vote accumulation for round 0 =====    
2026-03-09 07:17:54 DVF Vote Aggregator: Total weight: 24000000000000240000, Finality threshold: 16080000000000160800 (67% of total)    
2026-03-09 07:17:54 DVF Vote Aggregator: Found 0 candidate blocks for round 0    
2026-03-09 07:17:54 DVF Vote Aggregator: Vote pool size: 0 votes total    
2026-03-09 07:17:55 DVF Vote Aggregator: ===== Checking vote accumulation for round 0 =====    
2026-03-09 07:17:55 DVF Vote Aggregator: Total weight: 24000000000000240000, Finality threshold: 16080000000000160800 (67% of total)    
2026-03-09 07:17:55 DVF Vote Aggregator: Found 0 candidate blocks for round 0    
2026-03-09 07:17:55 DVF Vote Aggregator: Vote pool size: 0 votes total    
2026-03-09 07:17:55 DCF Verifier: Block #5 verification passed    
2026-03-09 07:17:55 DCF: Finality advanced from 3 to 4 in epoch 0    
2026-03-09 07:17:55 DCF: Progressive finalization advanced to block 4    
2026-03-09 07:17:55 🏆 Imported #5 (0x00ab…2967 → 0xff1c…7085)    
2026-03-09 07:17:55 DCF: Computed PoI score for validator=88dc3417d5058ec4b4503e0c12ea1a0a89be200fe98922423d4334014fa6b0ee (5FA9nQDV...), score=0, block=5    
2026-03-09 07:17:55 DCF: Computed PoI score for validator=d17c2d7823ebf260fd138f2d7e27d114c0145d968b5ff5006125f2414fadae69 (5GoNkf6W...), score=0, block=5    
2026-03-09 07:17:55 DCF: Computed PoI score for validator=439660b36c6c03afafca027b910b4fecf99801834c62a5e6006f27d978de234f (5DbKjhNL...), score=0, block=5    
2026-03-09 07:17:55 DCF off-chain worker completed computation    
2026-03-09 07:17:56 DVF Vote Aggregator: ===== Checking vote accumulation for round 0 =====    
2026-03-09 07:17:56 DVF Vote Aggregator: Total weight: 24000000000000240000, Finality threshold: 16080000000000160800 (67% of total)    
2026-03-09 07:17:56 DVF Vote Aggregator: Found 0 candidate blocks for round 0    
2026-03-09 07:17:56 DVF Vote Aggregator: Vote pool size: 0 votes total    
2026-03-09 07:17:56 💤 Idle (2 peers), best: #5 (0xff1c…7085), finalized #0 (0x289f…87d1), ⬇ 3.2kiB/s ⬆ 2.3kiB/s    
[2026-03-22T07:17:51.698Z] [ThreadId(4)] ============== [CBC-TRACE] 45. [proposer_factory.rs::create_complete_block] Proposer factory create_complete_block entered ==============
[2026-03-22T07:17:51.698Z] [ThreadId(4)] ============== [CBC-TRACE] 46. [proposer_factory.rs::create_complete_block] Inherent data generated ==============
[2026-03-22T07:17:51.698Z] [ThreadId(4)] ============== [CBC-TRACE] 47. [proposer_factory.rs::create_complete_block] Transactions harvested from mempool (0 transactions) ==============
[2026-03-22T07:17:51.698Z] [ThreadId(4)] ============== [CBC-TRACE] 48. [proposer_factory.rs::create_complete_block] PreRuntime author digest added to header ==============
[2026-03-22T07:17:51.698Z] [ThreadId(4)] ============== [CBC-TRACE] 49. [proposer_factory.rs::create_complete_block] Substrate build_block executing ==============
[2026-03-22T07:17:51.699Z] [ThreadId(4)] ============== [CBC-TRACE] 50. [proposer_factory.rs::build_block_with_state_root] State root computed for block 1 ==============
[2026-03-22T07:17:51.699Z] [ThreadId(4)] ============== [CBC-TRACE] 51. [proposer_factory.rs::build_block_with_state_root] Block 1 sealed successfully ==============
[2026-03-22T07:17:51.699Z] [ThreadId(4)] ============== [CBC-TRACE] 52. [proposer_factory.rs::create_complete_block] Block 1 dispatched to import pipeline ==============
[2026-03-22T07:17:51.699Z] [ThreadId(4)] ============== [CBC-TRACE] 53. [dcf.rs::update_consensus_state] Consensus state updated after block production (block: 1, slot: 1, total: 1) ==============
[2026-03-22T07:17:51.700Z] [ThreadId(4)] ============== [CBC-TRACE] 54. [dcf.rs::update_consensus_state] Author scores updated - PoS: 10000000000000000, PoI: 80, Combined: 51, Trust: 7416, Uptime: 100, Inferences: 0, Participation: 100%, Missed: 0 ==============
[2026-03-22T07:17:57.692Z] [ThreadId(5)] ============== [CBC-TRACE] 65. [service.rs::dvf-finality-sync] Finality check iteration started ==============
2026-03-09 07:17:57 DVF Vote Aggregator: ===== Checking vote accumulation for round 0 =====    
2026-03-09 07:17:57 DVF Vote Aggregator: Total weight: 24000000000000240000, Finality threshold: 16080000000000160800 (67% of total)    
2026-03-09 07:17:57 DVF Vote Aggregator: Found 0 candidate blocks for round 0    
2026-03-09 07:17:57 DVF Vote Aggregator: Vote pool size: 0 votes total    
2026-03-09 07:17:57 DCF: Finality advanced from 4 to 5 in epoch 0    
2026-03-09 07:17:57 DCF: Progressive finalization advanced to block 5    
2026-03-09 07:17:57 ProposerFactory: Successfully created block #6 with 1 extrinsics    
2026-03-09 07:17:57 DCF: Finality advanced from 4 to 5 in epoch 0    
2026-03-09 07:17:57 DCF: Progressive finalization advanced to block 5    
2026-03-09 07:17:57 🏆 Imported #6 (0xff1c…7085 → 0x0453…acbd)    
2026-03-09 07:17:58 DVF Vote Aggregator: ===== Checking vote accumulation for round 0 =====    
2026-03-09 07:17:58 DVF Vote Aggregator: Total weight: 24000000000000240000, Finality threshold: 16080000000000160800 (67% of total)    
2026-03-09 07:17:58 DVF Vote Aggregator: Found 0 candidate blocks for round 0    
2026-03-09 07:17:58 DVF Vote Aggregator: Vote pool size: 0 votes total    
2026-03-09 07:17:59 DCF Verifier: Block #7 verification passed    
2026-03-09 07:17:59 DCF: Finality advanced from 5 to 6 in epoch 0    
2026-03-09 07:17:59 DCF: Progressive finalization advanced to block 6    
2026-03-09 07:17:59 🏆 Imported #7 (0x0453…acbd → 0x489b…e5cd)    
2026-03-09 07:17:59 DVF Vote Aggregator: ===== Checking vote accumulation for round 0 =====    
2026-03-09 07:17:59 DVF Vote Aggregator: Total weight: 24000000000000240000, Finality threshold: 16080000000000160800 (67% of total)    
2026-03-09 07:17:59 DVF Vote Aggregator: Found 0 candidate blocks for round 0    
2026-03-09 07:17:59 DVF Vote Aggregator: Vote pool size: 0 votes total    
2026-03-09 07:18:00 DVF Vote Aggregator: ===== Checking vote accumulation for round 0 =====    
2026-03-09 07:18:00 DVF Vote Aggregator: Total weight: 24000000000000240000, Finality threshold: 16080000000000160800 (67% of total)    
2026-03-09 07:18:00 DVF Vote Aggregator: Found 0 candidate blocks for round 0    
2026-03-09 07:18:00 DVF Vote Aggregator: Vote pool size: 0 votes total    
2026-03-09 07:18:01 DVF Vote Aggregator: ===== Checking vote accumulation for round 0 =====    
2026-03-09 07:18:01 DVF Vote Aggregator: Total weight: 24000000000000240000, Finality threshold: 16080000000000160800 (67% of total)    
2026-03-09 07:18:01 DVF Vote Aggregator: Found 0 candidate blocks for round 0    
2026-03-09 07:18:01 DVF Vote Aggregator: Vote pool size: 0 votes total    
2026-03-09 07:18:01 💤 Idle (2 peers), best: #7 (0x489b…e5cd), finalized #0 (0x289f…87d1), ⬇ 0.4kiB/s ⬆ 0.3kiB/s    
2026-03-09 07:18:01 DCF Verifier: Block #8 verification passed    
2026-03-09 07:18:01 DCF: Finality advanced from 6 to 7 in epoch 0    
2026-03-09 07:18:01 DCF: Progressive finalization advanced to block 7    
2026-03-09 07:18:01 🏆 Imported #8 (0x489b…e5cd → 0xb4a1…1b7f)    
2026-03-09 07:18:02 DVF Vote Aggregator: ===== Checking vote accumulation for round 0 =====    
2026-03-09 07:18:02 DVF Vote Aggregator: Total weight: 24000000000000240000, Finality threshold: 16080000000000160800 (67% of total)    
2026-03-09 07:18:02 DVF Vote Aggregator: Found 0 candidate blocks for round 0    
2026-03-09 07:18:02 DVF Vote Aggregator: Vote pool size: 0 votes total    
[2026-03-22T07:17:57.693Z] [ThreadId(5)] ============== [CBC-TRACE] 66. [service.rs::dvf-finality-sync] DVF finalized block retrieved (block 0) ==============
[2026-03-22T07:17:57.693Z] [ThreadId(5)] ============== [CBC-TRACE] 67. [service.rs::dvf-finality-sync] Client finalized block retrieved (block 0) ==============
[2026-03-22T07:17:57.710Z] [ThreadId(2)] ============== [CBC-TRACE] 40. [dcf.rs::run] Consensus loop iteration started for block 6 ==============
[2026-03-22T07:17:57.710Z] [ThreadId(2)] ============== [CBC-TRACE] 41. [dcf.rs::run] Active validators retrieved: 3 validators ==============
[2026-03-22T07:17:57.710Z] [ThreadId(2)] ============== [CBC-TRACE] 42. [dcf.rs::run] Author selection for block 6 started ==============
[2026-03-22T07:17:57.710Z] [ThreadId(2)] ============== [CBC-TRACE] 43. [dcf.rs::run] Expected author selected: 439660b36c6c03afafca027b910b4fecf99801834c62a5e6006f27d978de234f (5DbKjhNL...) (method: runtime_deterministic) ==============
[2026-03-22T07:17:57.710Z] [ThreadId(2)] ============== [CBC-TRACE] 44. [dcf.rs::run] Block production triggered for block 6 ==============
[2026-03-22T07:17:57.710Z] [ThreadId(2)] ============== [CBC-TRACE] 45. [proposer_factory.rs::create_complete_block] Proposer factory create_complete_block entered ==============
[2026-03-22T07:17:57.710Z] [ThreadId(2)] ============== [CBC-TRACE] 46. [proposer_factory.rs::create_complete_block] Inherent data generated ==============
[2026-03-22T07:17:57.710Z] [ThreadId(2)] ============== [CBC-TRACE] 47. [proposer_factory.rs::create_complete_block] Transactions harvested from mempool (0 transactions) ==============
[2026-03-22T07:17:57.710Z] [ThreadId(2)] ============== [CBC-TRACE] 48. [proposer_factory.rs::create_complete_block] PreRuntime author digest added to header ==============
[2026-03-22T07:17:57.710Z] [ThreadId(2)] ============== [CBC-TRACE] 49. [proposer_factory.rs::create_complete_block] Substrate build_block executing ==============
[2026-03-22T07:17:57.711Z] [ThreadId(2)] ============== [CBC-TRACE] 50. [proposer_factory.rs::build_block_with_state_root] State root computed for block 6 ==============
[2026-03-22T07:17:57.711Z] [ThreadId(2)] ============== [CBC-TRACE] 51. [proposer_factory.rs::build_block_with_state_root] Block 6 sealed successfully ==============
[2026-03-22T07:17:57.711Z] [ThreadId(2)] ============== [CBC-TRACE] 52. [proposer_factory.rs::create_complete_block] Block 6 dispatched to import pipeline ==============
[2026-03-22T07:17:57.712Z] [ThreadId(2)] ============== [CBC-TRACE] 53. [dcf.rs::update_consensus_state] Consensus state updated after block production (block: 6, slot: 2, total: 2) ==============
[2026-03-22T07:17:57.713Z] [ThreadId(2)] ============== [CBC-TRACE] 54. [dcf.rs::update_consensus_state] Author scores updated - PoS: 6000000000000000, PoI: 80, Combined: 71, Trust: 7506, Uptime: 100, Inferences: 0, Participation: 100%, Missed: 0 ==============
[2026-03-22T07:18:03.694Z] [ThreadId(7)] ============== [CBC-TRACE] 65. [service.rs::dvf-finality-sync] Finality check iteration started ==============
2026-03-09 07:18:03 DVF Vote Aggregator: ===== Checking vote accumulation for round 0 =====    
2026-03-09 07:18:03 DVF Vote Aggregator: Total weight: 24000000000000240000, Finality threshold: 16080000000000160800 (67% of total)    
2026-03-09 07:18:03 DVF Vote Aggregator: Found 0 candidate blocks for round 0    
2026-03-09 07:18:03 DVF Vote Aggregator: Vote pool size: 0 votes total    
2026-03-09 07:18:03 DCF: Finality advanced from 7 to 8 in epoch 0    
2026-03-09 07:18:03 DCF: Progressive finalization advanced to block 8    
2026-03-09 07:18:03 ProposerFactory: Successfully created block #9 with 1 extrinsics    
2026-03-09 07:18:03 DCF: Finality advanced from 7 to 8 in epoch 0    
2026-03-09 07:18:03 DCF: Progressive finalization advanced to block 8    
2026-03-09 07:18:03 🏆 Imported #9 (0xb4a1…1b7f → 0x5367…0817)    
2026-03-09 07:18:04 DVF Vote Aggregator: ===== Checking vote accumulation for round 0 =====    
2026-03-09 07:18:04 DVF Vote Aggregator: Total weight: 24000000000000240000, Finality threshold: 16080000000000160800 (67% of total)    
2026-03-09 07:18:04 DVF Vote Aggregator: Found 0 candidate blocks for round 0    
2026-03-09 07:18:04 DVF Vote Aggregator: Vote pool size: 0 votes total    
2026-03-09 07:18:05 DVF Gossip Validator: Accepted vote for block #10 (0xfffcd1f1d3cfabd77d571df89295d70956dae3a41565aff9276c3a669ecdbbe6) from validator d17c2d7823ebf260fd138f2d7e27d114c0145d968b5ff5006125f2414fadae69 (5GoNkf6W...) (round: 0, epoch: 0, validator_set: 0)    
2026-03-09 07:18:05 DVF Gossip Validator: Vote inserted into pool successfully    
2026-03-09 07:18:05 DCF Verifier: Block #10 verification passed    
2026-03-09 07:18:05 DCF: Finality advanced from 8 to 9 in epoch 0    
2026-03-09 07:18:05 DCF: Progressive finalization advanced to block 9    
2026-03-09 07:18:05 🏆 Imported #10 (0x5367…0817 → 0xfffc…bbe6)    
2026-03-09 07:18:05 DVF Vote Creator: Creating vote for block #10 (0xfffcd1f1d3cfabd77d571df89295d70956dae3a41565aff9276c3a669ecdbbe6)    
2026-03-09 07:18:05 DCF: Computed PoI score for validator=88dc3417d5058ec4b4503e0c12ea1a0a89be200fe98922423d4334014fa6b0ee (5FA9nQDV...), score=0, block=10    
2026-03-09 07:18:05 DCF: Computed PoI score for validator=d17c2d7823ebf260fd138f2d7e27d114c0145d968b5ff5006125f2414fadae69 (5GoNkf6W...), score=0, block=10    
2026-03-09 07:18:05 DCF: Computed PoI score for validator=439660b36c6c03afafca027b910b4fecf99801834c62a5e6006f27d978de234f (5DbKjhNL...), score=0, block=10    
2026-03-09 07:18:05 DCF off-chain worker completed computation    
2026-03-09 07:18:05 DVF Gossip Validator: Accepted vote for block #10 (0xfffcd1f1d3cfabd77d571df89295d70956dae3a41565aff9276c3a669ecdbbe6) from validator 88dc3417d5058ec4b4503e0c12ea1a0a89be200fe98922423d4334014fa6b0ee (5FA9nQDV...) (round: 0, epoch: 0, validator_set: 0)    
2026-03-09 07:18:05 DVF Gossip Validator: Vote inserted into pool successfully    
2026-03-09 07:18:05 DVF Vote Creator: Vote inserted into local pool successfully    
2026-03-09 07:18:05 DVF Vote Creator: Successfully broadcast vote for block #10 (epoch: 0, round: 0, validator_set: 0)    
2026-03-09 07:18:05 DVF Vote Aggregator: ===== Checking vote accumulation for round 0 =====    
2026-03-09 07:18:05 DVF Vote Aggregator: Total weight: 24000000000000240000, Finality threshold: 16080000000000160800 (67% of total)    
2026-03-09 07:18:05 DVF Vote Aggregator: Found 1 candidate blocks for round 0    
2026-03-09 07:18:05 DVF Vote Aggregator: Vote pool size: 3 votes total    
2026-03-09 07:18:05 DVF Vote Aggregator: Found 3 votes for block 0xfffcd1f1d3cfabd77d571df89295d70956dae3a41565aff9276c3a669ecdbbe6 in round 0    
2026-03-09 07:18:05 DVF Vote Aggregator:   - Validator d17c2d7823ebf260fd138f2d7e27d114c0145d968b5ff5006125f2414fadae69 (5GoNkf6W...) voted with weight 8000000000000080000    
2026-03-09 07:18:05 DVF Vote Aggregator:   - Validator 88dc3417d5058ec4b4503e0c12ea1a0a89be200fe98922423d4334014fa6b0ee (5FA9nQDV...) voted with weight 10000000000000080000    
2026-03-09 07:18:05 DVF Vote Aggregator:   - Validator 439660b36c6c03afafca027b910b4fecf99801834c62a5e6006f27d978de234f (5DbKjhNL...) voted with weight 6000000000000080000    
2026-03-09 07:18:05 DVF Vote Aggregator: Total accumulated weight for block 0xfffcd1f1d3cfabd77d571df89295d70956dae3a41565aff9276c3a669ecdbbe6: 24000000000000240000 (from 3 votes)    
2026-03-09 07:18:05 DVF Vote Aggregator: Block 0xfffcd1f1d3cfabd77d571df89295d70956dae3a41565aff9276c3a669ecdbbe6 has accumulated weight 24000000000000240000 (threshold: 16080000000000160800, reached: true)    
2026-03-09 07:18:05 DVF Vote Aggregator: Block 0xfffcd1f1d3cfabd77d571df89295d70956dae3a41565aff9276c3a669ecdbbe6 reached finality threshold! Weight: 24000000000000240000, Threshold: 16080000000000160800    
2026-03-09 07:18:05 DVF Vote Aggregator: Triggering justification construction for block 0xfffcd1f1d3cfabd77d571df89295d70956dae3a41565aff9276c3a669ecdbbe6 (round: 0, weight: 24000000000000240000)    
2026-03-09 07:18:05 DVF Justification Builder: Constructing justification for block 0xfffcd1f1d3cfabd77d571df89295d70956dae3a41565aff9276c3a669ecdbbe6 in round 0    
2026-03-09 07:18:05 DVF Justification Builder: Selected 2 votes with accumulated weight 18000000000000160000 (threshold: 16080000000000160800)    
2026-03-09 07:18:05 DVF Justification Builder: Constructed justification with 2 votes, accumulated weight 18000000000000160000 (threshold: 16080000000000160800)    
2026-03-09 07:18:05 DVF Justification Builder: Justification constructed for block 0xfffcd1f1d3cfabd77d571df89295d70956dae3a41565aff9276c3a669ecdbbe6, round 0, 2 votes, weight 18000000000000160000    
2026-03-09 07:18:05 DVF Vote Aggregator: Successfully constructed justification with 2 votes    
2026-03-09 07:18:05 DVF Vote Aggregator: Justification constructed for block #10 (0xfffcd1f1d3cfabd77d571df89295d70956dae3a41565aff9276c3a669ecdbbe6) with 2 votes, weight: 24000000000000240000    
2026-03-09 07:18:05 DVF Vote Aggregator: Encoded justification (389 bytes) for block #10 (0xfffcd1f1d3cfabd77d571df89295d70956dae3a41565aff9276c3a669ecdbbe6)    
2026-03-09 07:18:05 DVF Vote Aggregator: Successfully finalized block #10 (0xfffcd1f1d3cfabd77d571df89295d70956dae3a41565aff9276c3a669ecdbbe6) with justification    
2026-03-09 07:18:05 DVF Vote Aggregator: Finality latency for round 0: 0.00s    
2026-03-09 07:18:06 DVF Vote Aggregator: ===== Checking vote accumulation for round 0 =====    
2026-03-09 07:18:06 DVF Vote Aggregator: Total weight: 24000000000000240000, Finality threshold: 16080000000000160800 (67% of total)    
2026-03-09 07:18:06 DVF Vote Aggregator: Found 1 candidate blocks for round 0    
2026-03-09 07:18:06 DVF Vote Aggregator: Vote pool size: 3 votes total    
2026-03-09 07:18:06 DVF Vote Aggregator: Found 3 votes for block 0xfffcd1f1d3cfabd77d571df89295d70956dae3a41565aff9276c3a669ecdbbe6 in round 0    
2026-03-09 07:18:06 DVF Vote Aggregator:   - Validator d17c2d7823ebf260fd138f2d7e27d114c0145d968b5ff5006125f2414fadae69 (5GoNkf6W...) voted with weight 8000000000000080000    
2026-03-09 07:18:06 DVF Vote Aggregator:   - Validator 88dc3417d5058ec4b4503e0c12ea1a0a89be200fe98922423d4334014fa6b0ee (5FA9nQDV...) voted with weight 10000000000000080000    
2026-03-09 07:18:06 DVF Vote Aggregator:   - Validator 439660b36c6c03afafca027b910b4fecf99801834c62a5e6006f27d978de234f (5DbKjhNL...) voted with weight 6000000000000080000    
2026-03-09 07:18:06 DVF Vote Aggregator: Total accumulated weight for block 0xfffcd1f1d3cfabd77d571df89295d70956dae3a41565aff9276c3a669ecdbbe6: 24000000000000240000 (from 3 votes)    
2026-03-09 07:18:06 DVF Vote Aggregator: Block 0xfffcd1f1d3cfabd77d571df89295d70956dae3a41565aff9276c3a669ecdbbe6 has accumulated weight 24000000000000240000 (threshold: 16080000000000160800, reached: true)    
2026-03-09 07:18:06 DVF Vote Aggregator: Block 0xfffcd1f1d3cfabd77d571df89295d70956dae3a41565aff9276c3a669ecdbbe6 reached finality threshold! Weight: 24000000000000240000, Threshold: 16080000000000160800    
2026-03-09 07:18:06 DVF Vote Aggregator: Triggering justification construction for block 0xfffcd1f1d3cfabd77d571df89295d70956dae3a41565aff9276c3a669ecdbbe6 (round: 0, weight: 24000000000000240000)    
2026-03-09 07:18:06 DVF Justification Builder: Constructing justification for block 0xfffcd1f1d3cfabd77d571df89295d70956dae3a41565aff9276c3a669ecdbbe6 in round 0    
2026-03-09 07:18:06 DVF Justification Builder: Selected 2 votes with accumulated weight 18000000000000160000 (threshold: 16080000000000160800)    
2026-03-09 07:18:06 DVF Justification Builder: Constructed justification with 2 votes, accumulated weight 18000000000000160000 (threshold: 16080000000000160800)    
2026-03-09 07:18:06 DVF Justification Builder: Justification constructed for block 0xfffcd1f1d3cfabd77d571df89295d70956dae3a41565aff9276c3a669ecdbbe6, round 0, 2 votes, weight 18000000000000160000    
2026-03-09 07:18:06 DVF Vote Aggregator: Successfully constructed justification with 2 votes    
2026-03-09 07:18:06 DVF Vote Aggregator: Justification constructed for block #10 (0xfffcd1f1d3cfabd77d571df89295d70956dae3a41565aff9276c3a669ecdbbe6) with 2 votes, weight: 24000000000000240000    
2026-03-09 07:18:06 DVF Vote Aggregator: Encoded justification (389 bytes) for block #10 (0xfffcd1f1d3cfabd77d571df89295d70956dae3a41565aff9276c3a669ecdbbe6)    
2026-03-09 07:18:06 Possible safety violation: attempted to re-finalize last finalized block 0xfffcd1f1d3cfabd77d571df89295d70956dae3a41565aff9276c3a669ecdbbe6     
2026-03-09 07:18:06 DVF Vote Aggregator: Successfully finalized block #10 (0xfffcd1f1d3cfabd77d571df89295d70956dae3a41565aff9276c3a669ecdbbe6) with justification    
2026-03-09 07:18:06 DVF Vote Aggregator: Finality latency for round 0: 0.00s    
2026-03-09 07:18:06 💤 Idle (2 peers), best: #10 (0xfffc…bbe6), finalized #10 (0xfffc…bbe6), ⬇ 0.8kiB/s ⬆ 0.8kiB/s    
2026-03-09 07:18:07 DVF Vote Aggregator: ===== Checking vote accumulation for round 0 =====    
2026-03-09 07:18:07 DVF Vote Aggregator: Total weight: 24000000000000240000, Finality threshold: 16080000000000160800 (67% of total)    
2026-03-09 07:18:07 DVF Vote Aggregator: Found 1 candidate blocks for round 0    
2026-03-09 07:18:07 DVF Vote Aggregator: Vote pool size: 3 votes total    
2026-03-09 07:18:07 DVF Vote Aggregator: Found 3 votes for block 0xfffcd1f1d3cfabd77d571df89295d70956dae3a41565aff9276c3a669ecdbbe6 in round 0    
2026-03-09 07:18:07 DVF Vote Aggregator:   - Validator d17c2d7823ebf260fd138f2d7e27d114c0145d968b5ff5006125f2414fadae69 (5GoNkf6W...) voted with weight 8000000000000080000    
2026-03-09 07:18:07 DVF Vote Aggregator:   - Validator 88dc3417d5058ec4b4503e0c12ea1a0a89be200fe98922423d4334014fa6b0ee (5FA9nQDV...) voted with weight 10000000000000080000    
2026-03-09 07:18:07 DVF Vote Aggregator:   - Validator 439660b36c6c03afafca027b910b4fecf99801834c62a5e6006f27d978de234f (5DbKjhNL...) voted with weight 6000000000000080000    
2026-03-09 07:18:07 DVF Vote Aggregator: Total accumulated weight for block 0xfffcd1f1d3cfabd77d571df89295d70956dae3a41565aff9276c3a669ecdbbe6: 24000000000000240000 (from 3 votes)    
2026-03-09 07:18:07 DVF Vote Aggregator: Block 0xfffcd1f1d3cfabd77d571df89295d70956dae3a41565aff9276c3a669ecdbbe6 has accumulated weight 24000000000000240000 (threshold: 16080000000000160800, reached: true)    
2026-03-09 07:18:07 DVF Vote Aggregator: Block 0xfffcd1f1d3cfabd77d571df89295d70956dae3a41565aff9276c3a669ecdbbe6 reached finality threshold! Weight: 24000000000000240000, Threshold: 16080000000000160800    
2026-03-09 07:18:07 DVF Vote Aggregator: Triggering justification construction for block 0xfffcd1f1d3cfabd77d571df89295d70956dae3a41565aff9276c3a669ecdbbe6 (round: 0, weight: 24000000000000240000)    
2026-03-09 07:18:07 DVF Justification Builder: Constructing justification for block 0xfffcd1f1d3cfabd77d571df89295d70956dae3a41565aff9276c3a669ecdbbe6 in round 0    
2026-03-09 07:18:07 DVF Justification Builder: Selected 2 votes with accumulated weight 18000000000000160000 (threshold: 16080000000000160800)    
2026-03-09 07:18:07 DVF Justification Builder: Constructed justification with 2 votes, accumulated weight 18000000000000160000 (threshold: 16080000000000160800)    
2026-03-09 07:18:07 DVF Justification Builder: Justification constructed for block 0xfffcd1f1d3cfabd77d571df89295d70956dae3a41565aff9276c3a669ecdbbe6, round 0, 2 votes, weight 18000000000000160000    
2026-03-09 07:18:07 DVF Vote Aggregator: Successfully constructed justification with 2 votes    
2026-03-09 07:18:07 DVF Vote Aggregator: Justification constructed for block #10 (0xfffcd1f1d3cfabd77d571df89295d70956dae3a41565aff9276c3a669ecdbbe6) with 2 votes, weight: 24000000000000240000    
2026-03-09 07:18:07 DVF Vote Aggregator: Encoded justification (389 bytes) for block #10 (0xfffcd1f1d3cfabd77d571df89295d70956dae3a41565aff9276c3a669ecdbbe6)    
2026-03-09 07:18:07 Possible safety violation: attempted to re-finalize last finalized block 0xfffcd1f1d3cfabd77d571df89295d70956dae3a41565aff9276c3a669ecdbbe6     
2026-03-09 07:18:07 DVF Vote Aggregator: Successfully finalized block #10 (0xfffcd1f1d3cfabd77d571df89295d70956dae3a41565aff9276c3a669ecdbbe6) with justification    
2026-03-09 07:18:07 DVF Vote Aggregator: Finality latency for round 0: 0.00s    
2026-03-09 07:18:07 DCF Verifier: Block #11 verification passed    
2026-03-09 07:18:07 DCF: Finality advanced from 9 to 10 in epoch 0    
2026-03-09 07:18:07 DCF: Progressive finalization advanced to block 10    
2026-03-09 07:18:07 🏆 Imported #11 (0xfffc…bbe6 → 0xdaa1…fe21)    
2026-03-09 07:18:08 DVF Vote Aggregator: ===== Checking vote accumulation for round 0 =====    
2026-03-09 07:18:08 DVF Vote Aggregator: Total weight: 24000000000000240000, Finality threshold: 16080000000000160800 (67% of total)    
2026-03-09 07:18:08 DVF Vote Aggregator: Found 1 candidate blocks for round 0    
2026-03-09 07:18:08 DVF Vote Aggregator: Vote pool size: 3 votes total    
2026-03-09 07:18:08 DVF Vote Aggregator: Found 3 votes for block 0xfffcd1f1d3cfabd77d571df89295d70956dae3a41565aff9276c3a669ecdbbe6 in round 0    
2026-03-09 07:18:08 DVF Vote Aggregator:   - Validator d17c2d7823ebf260fd138f2d7e27d114c0145d968b5ff5006125f2414fadae69 (5GoNkf6W...) voted with weight 8000000000000080000    
2026-03-09 07:18:08 DVF Vote Aggregator:   - Validator 88dc3417d5058ec4b4503e0c12ea1a0a89be200fe98922423d4334014fa6b0ee (5FA9nQDV...) voted with weight 10000000000000080000    
2026-03-09 07:18:08 DVF Vote Aggregator:   - Validator 439660b36c6c03afafca027b910b4fecf99801834c62a5e6006f27d978de234f (5DbKjhNL...) voted with weight 6000000000000080000    
2026-03-09 07:18:08 DVF Vote Aggregator: Total accumulated weight for block 0xfffcd1f1d3cfabd77d571df89295d70956dae3a41565aff9276c3a669ecdbbe6: 24000000000000240000 (from 3 votes)    
2026-03-09 07:18:08 DVF Vote Aggregator: Block 0xfffcd1f1d3cfabd77d571df89295d70956dae3a41565aff9276c3a669ecdbbe6 has accumulated weight 24000000000000240000 (threshold: 16080000000000160800, reached: true)    
2026-03-09 07:18:08 DVF Vote Aggregator: Block 0xfffcd1f1d3cfabd77d571df89295d70956dae3a41565aff9276c3a669ecdbbe6 reached finality threshold! Weight: 24000000000000240000, Threshold: 16080000000000160800    
2026-03-09 07:18:08 DVF Vote Aggregator: Triggering justification construction for block 0xfffcd1f1d3cfabd77d571df89295d70956dae3a41565aff9276c3a669ecdbbe6 (round: 0, weight: 24000000000000240000)    
2026-03-09 07:18:08 DVF Justification Builder: Constructing justification for block 0xfffcd1f1d3cfabd77d571df89295d70956dae3a41565aff9276c3a669ecdbbe6 in round 0    
2026-03-09 07:18:08 DVF Justification Builder: Selected 2 votes with accumulated weight 18000000000000160000 (threshold: 16080000000000160800)    
2026-03-09 07:18:08 DVF Justification Builder: Constructed justification with 2 votes, accumulated weight 18000000000000160000 (threshold: 16080000000000160800)    
2026-03-09 07:18:08 DVF Justification Builder: Justification constructed for block 0xfffcd1f1d3cfabd77d571df89295d70956dae3a41565aff9276c3a669ecdbbe6, round 0, 2 votes, weight 18000000000000160000    
2026-03-09 07:18:08 DVF Vote Aggregator: Successfully constructed justification with 2 votes    
2026-03-09 07:18:08 DVF Vote Aggregator: Justification constructed for block #10 (0xfffcd1f1d3cfabd77d571df89295d70956dae3a41565aff9276c3a669ecdbbe6) with 2 votes, weight: 24000000000000240000    
2026-03-09 07:18:08 DVF Vote Aggregator: Encoded justification (389 bytes) for block #10 (0xfffcd1f1d3cfabd77d571df89295d70956dae3a41565aff9276c3a669ecdbbe6)    
2026-03-09 07:18:08 Possible safety violation: attempted to re-finalize last finalized block 0xfffcd1f1d3cfabd77d571df89295d70956dae3a41565aff9276c3a669ecdbbe6     
2026-03-09 07:18:08 DVF Vote Aggregator: Successfully finalized block #10 (0xfffcd1f1d3cfabd77d571df89295d70956dae3a41565aff9276c3a669ecdbbe6) with justification    
2026-03-09 07:18:08 DVF Vote Aggregator: Finality latency for round 0: 0.00s    
[2026-03-22T07:18:03.695Z] [ThreadId(7)] ============== [CBC-TRACE] 66. [service.rs::dvf-finality-sync] DVF finalized block retrieved (block 0) ==============
[2026-03-22T07:18:03.695Z] [ThreadId(7)] ============== [CBC-TRACE] 67. [service.rs::dvf-finality-sync] Client finalized block retrieved (block 0) ==============
[2026-03-22T07:18:03.723Z] [ThreadId(7)] ============== [CBC-TRACE] 40. [dcf.rs::run] Consensus loop iteration started for block 9 ==============
[2026-03-22T07:18:03.723Z] [ThreadId(7)] ============== [CBC-TRACE] 41. [dcf.rs::run] Active validators retrieved: 3 validators ==============
[2026-03-22T07:18:03.723Z] [ThreadId(7)] ============== [CBC-TRACE] 42. [dcf.rs::run] Author selection for block 9 started ==============
[2026-03-22T07:18:03.723Z] [ThreadId(7)] ============== [CBC-TRACE] 43. [dcf.rs::run] Expected author selected: 88dc3417d5058ec4b4503e0c12ea1a0a89be200fe98922423d4334014fa6b0ee (5FA9nQDV...) (method: runtime_deterministic) ==============
[2026-03-22T07:18:03.723Z] [ThreadId(7)] ============== [CBC-TRACE] 44. [dcf.rs::run] Block production triggered for block 9 ==============
[2026-03-22T07:18:03.723Z] [ThreadId(7)] ============== [CBC-TRACE] 45. [proposer_factory.rs::create_complete_block] Proposer factory create_complete_block entered ==============
[2026-03-22T07:18:03.723Z] [ThreadId(7)] ============== [CBC-TRACE] 46. [proposer_factory.rs::create_complete_block] Inherent data generated ==============
[2026-03-22T07:18:03.723Z] [ThreadId(7)] ============== [CBC-TRACE] 47. [proposer_factory.rs::create_complete_block] Transactions harvested from mempool (0 transactions) ==============
[2026-03-22T07:18:03.723Z] [ThreadId(7)] ============== [CBC-TRACE] 48. [proposer_factory.rs::create_complete_block] PreRuntime author digest added to header ==============
[2026-03-22T07:18:03.723Z] [ThreadId(7)] ============== [CBC-TRACE] 49. [proposer_factory.rs::create_complete_block] Substrate build_block executing ==============
[2026-03-22T07:18:03.724Z] [ThreadId(7)] ============== [CBC-TRACE] 50. [proposer_factory.rs::build_block_with_state_root] State root computed for block 9 ==============
[2026-03-22T07:18:03.724Z] [ThreadId(7)] ============== [CBC-TRACE] 51. [proposer_factory.rs::build_block_with_state_root] Block 9 sealed successfully ==============
[2026-03-22T07:18:03.724Z] [ThreadId(7)] ============== [CBC-TRACE] 52. [proposer_factory.rs::create_complete_block] Block 9 dispatched to import pipeline ==============
[2026-03-22T07:18:03.725Z] [ThreadId(7)] ============== [CBC-TRACE] 53. [dcf.rs::update_consensus_state] Consensus state updated after block production (block: 9, slot: 3, total: 3) ==============
[2026-03-22T07:18:03.725Z] [ThreadId(7)] ============== [CBC-TRACE] 54. [dcf.rs::update_consensus_state] Author scores updated - PoS: 10000000000000000, PoI: 80, Combined: 71, Trust: 7506, Uptime: 100, Inferences: 0, Participation: 100%, Missed: 0 ==============
[2026-03-22T07:18:09.695Z] [ThreadId(6)] ============== [CBC-TRACE] 65. [service.rs::dvf-finality-sync] Finality check iteration started ==============
2026-03-09 07:18:09 DVF Vote Aggregator: ===== Checking vote accumulation for round 0 =====    
2026-03-09 07:18:09 DVF Vote Aggregator: Total weight: 24000000000000240000, Finality threshold: 16080000000000160800 (67% of total)    
2026-03-09 07:18:09 DVF Vote Aggregator: Found 1 candidate blocks for round 0    
2026-03-09 07:18:09 DVF Vote Aggregator: Vote pool size: 3 votes total    
2026-03-09 07:18:09 DVF Vote Aggregator: Found 3 votes for block 0xfffcd1f1d3cfabd77d571df89295d70956dae3a41565aff9276c3a669ecdbbe6 in round 0    
2026-03-09 07:18:09 DVF Vote Aggregator:   - Validator d17c2d7823ebf260fd138f2d7e27d114c0145d968b5ff5006125f2414fadae69 (5GoNkf6W...) voted with weight 8000000000000080000    
2026-03-09 07:18:09 DVF Vote Aggregator:   - Validator 88dc3417d5058ec4b4503e0c12ea1a0a89be200fe98922423d4334014fa6b0ee (5FA9nQDV...) voted with weight 10000000000000080000    
2026-03-09 07:18:09 DVF Vote Aggregator:   - Validator 439660b36c6c03afafca027b910b4fecf99801834c62a5e6006f27d978de234f (5DbKjhNL...) voted with weight 6000000000000080000    
2026-03-09 07:18:09 DVF Vote Aggregator: Total accumulated weight for block 0xfffcd1f1d3cfabd77d571df89295d70956dae3a41565aff9276c3a669ecdbbe6: 24000000000000240000 (from 3 votes)    
2026-03-09 07:18:09 DVF Vote Aggregator: Block 0xfffcd1f1d3cfabd77d571df89295d70956dae3a41565aff9276c3a669ecdbbe6 has accumulated weight 24000000000000240000 (threshold: 16080000000000160800, reached: true)    
2026-03-09 07:18:09 DVF Vote Aggregator: Block 0xfffcd1f1d3cfabd77d571df89295d70956dae3a41565aff9276c3a669ecdbbe6 reached finality threshold! Weight: 24000000000000240000, Threshold: 16080000000000160800    
2026-03-09 07:18:09 DVF Vote Aggregator: Triggering justification construction for block 0xfffcd1f1d3cfabd77d571df89295d70956dae3a41565aff9276c3a669ecdbbe6 (round: 0, weight: 24000000000000240000)    
2026-03-09 07:18:09 DVF Justification Builder: Constructing justification for block 0xfffcd1f1d3cfabd77d571df89295d70956dae3a41565aff9276c3a669ecdbbe6 in round 0    
2026-03-09 07:18:09 DVF Justification Builder: Selected 2 votes with accumulated weight 18000000000000160000 (threshold: 16080000000000160800)    
2026-03-09 07:18:09 DVF Justification Builder: Constructed justification with 2 votes, accumulated weight 18000000000000160000 (threshold: 16080000000000160800)    
2026-03-09 07:18:09 DVF Justification Builder: Justification constructed for block 0xfffcd1f1d3cfabd77d571df89295d70956dae3a41565aff9276c3a669ecdbbe6, round 0, 2 votes, weight 18000000000000160000    
2026-03-09 07:18:09 DVF Vote Aggregator: Successfully constructed justification with 2 votes    
2026-03-09 07:18:09 DVF Vote Aggregator: Justification constructed for block #10 (0xfffcd1f1d3cfabd77d571df89295d70956dae3a41565aff9276c3a669ecdbbe6) with 2 votes, weight: 24000000000000240000    
2026-03-09 07:18:09 DVF Vote Aggregator: Encoded justification (389 bytes) for block #10 (0xfffcd1f1d3cfabd77d571df89295d70956dae3a41565aff9276c3a669ecdbbe6)    
2026-03-09 07:18:09 Possible safety violation: attempted to re-finalize last finalized block 0xfffcd1f1d3cfabd77d571df89295d70956dae3a41565aff9276c3a669ecdbbe6     
2026-03-09 07:18:09 DVF Vote Aggregator: Successfully finalized block #10 (0xfffcd1f1d3cfabd77d571df89295d70956dae3a41565aff9276c3a669ecdbbe6) with justification    
2026-03-09 07:18:09 DVF Vote Aggregator: Finality latency for round 0: 0.00s    
2026-03-09 07:18:09 Client finalized head (#10) is ahead of DVF finalized head (#0)!    
2026-03-09 07:18:09 DCF: Finality advanced from 10 to 11 in epoch 0    
2026-03-09 07:18:09 DCF: Progressive finalization advanced to block 11    
2026-03-09 07:18:09 ProposerFactory: Successfully created block #12 with 1 extrinsics    
2026-03-09 07:18:09 DCF: Finality advanced from 10 to 11 in epoch 0    
2026-03-09 07:18:09 DCF: Progressive finalization advanced to block 11    
2026-03-09 07:18:09 🏆 Imported #12 (0xdaa1…fe21 → 0x8d12…540f)    
2026-03-09 07:18:10 DVF Vote Aggregator: ===== Checking vote accumulation for round 0 =====    
2026-03-09 07:18:10 DVF Vote Aggregator: Total weight: 24000000000000240000, Finality threshold: 16080000000000160800 (67% of total)    
2026-03-09 07:18:10 DVF Vote Aggregator: Found 0 candidate blocks for round 0    
2026-03-09 07:18:10 DVF Vote Aggregator: Vote pool size: 0 votes total    
2026-03-09 07:18:11 DCF Verifier: Block #13 verification passed    
2026-03-09 07:18:11 DCF: Finality advanced from 11 to 12 in epoch 0    
2026-03-09 07:18:11 DCF: Progressive finalization advanced to block 12    
2026-03-09 07:18:11 🏆 Imported #13 (0x8d12…540f → 0x5c94…393d)    
2026-03-09 07:18:11 DVF Vote Aggregator: ===== Checking vote accumulation for round 0 =====    
2026-03-09 07:18:11 DVF Vote Aggregator: Total weight: 24000000000000240000, Finality threshold: 16080000000000160800 (67% of total)    
2026-03-09 07:18:11 DVF Vote Aggregator: Found 0 candidate blocks for round 0    
2026-03-09 07:18:11 DVF Vote Aggregator: Vote pool size: 0 votes total    
2026-03-09 07:18:11 💤 Idle (2 peers), best: #13 (0x5c94…393d), finalized #10 (0xfffc…bbe6), ⬇ 1.2kiB/s ⬆ 1.5kiB/s    
2026-03-09 07:18:12 DVF Vote Aggregator: ===== Checking vote accumulation for round 0 =====    
2026-03-09 07:18:12 DVF Vote Aggregator: Total weight: 24000000000000240000, Finality threshold: 16080000000000160800 (67% of total)    
2026-03-09 07:18:12 DVF Vote Aggregator: Found 0 candidate blocks for round 0    
2026-03-09 07:18:12 DVF Vote Aggregator: Vote pool size: 0 votes total    
2026-03-09 07:18:13 DVF Vote Aggregator: ===== Checking vote accumulation for round 0 =====    
2026-03-09 07:18:13 DVF Vote Aggregator: Total weight: 24000000000000240000, Finality threshold: 16080000000000160800 (67% of total)    
2026-03-09 07:18:13 DVF Vote Aggregator: Found 0 candidate blocks for round 0    
2026-03-09 07:18:13 DVF Vote Aggregator: Vote pool size: 0 votes total    
2026-03-09 07:18:13 DCF Verifier: Block #14 verification passed    
2026-03-09 07:18:13 DCF: Finality advanced from 12 to 13 in epoch 0    
2026-03-09 07:18:13 DCF: Progressive finalization advanced to block 13    
2026-03-09 07:18:13 🏆 Imported #14 (0x5c94…393d → 0xeeec…e8f0)    
2026-03-09 07:18:14 DVF Vote Aggregator: ===== Checking vote accumulation for round 0 =====    
2026-03-09 07:18:14 DVF Vote Aggregator: Total weight: 24000000000000240000, Finality threshold: 16080000000000160800 (67% of total)    
2026-03-09 07:18:14 DVF Vote Aggregator: Found 0 candidate blocks for round 0    
2026-03-09 07:18:14 DVF Vote Aggregator: Vote pool size: 0 votes total    
[2026-03-22T07:18:09.696Z] [ThreadId(6)] ============== [CBC-TRACE] 66. [service.rs::dvf-finality-sync] DVF finalized block retrieved (block 0) ==============
[2026-03-22T07:18:09.696Z] [ThreadId(6)] ============== [CBC-TRACE] 67. [service.rs::dvf-finality-sync] Client finalized block retrieved (block 10) ==============
[2026-03-22T07:18:09.737Z] [ThreadId(6)] ============== [CBC-TRACE] 40. [dcf.rs::run] Consensus loop iteration started for block 12 ==============
[2026-03-22T07:18:09.737Z] [ThreadId(6)] ============== [CBC-TRACE] 41. [dcf.rs::run] Active validators retrieved: 3 validators ==============
[2026-03-22T07:18:09.737Z] [ThreadId(6)] ============== [CBC-TRACE] 42. [dcf.rs::run] Author selection for block 12 started ==============
[2026-03-22T07:18:09.737Z] [ThreadId(6)] ============== [CBC-TRACE] 43. [dcf.rs::run] Expected author selected: 439660b36c6c03afafca027b910b4fecf99801834c62a5e6006f27d978de234f (5DbKjhNL...) (method: runtime_deterministic) ==============
[2026-03-22T07:18:09.737Z] [ThreadId(6)] ============== [CBC-TRACE] 44. [dcf.rs::run] Block production triggered for block 12 ==============
[2026-03-22T07:18:09.737Z] [ThreadId(6)] ============== [CBC-TRACE] 45. [proposer_factory.rs::create_complete_block] Proposer factory create_complete_block entered ==============
[2026-03-22T07:18:09.737Z] [ThreadId(6)] ============== [CBC-TRACE] 46. [proposer_factory.rs::create_complete_block] Inherent data generated ==============
[2026-03-22T07:18:09.737Z] [ThreadId(6)] ============== [CBC-TRACE] 47. [proposer_factory.rs::create_complete_block] Transactions harvested from mempool (0 transactions) ==============
[2026-03-22T07:18:09.737Z] [ThreadId(6)] ============== [CBC-TRACE] 48. [proposer_factory.rs::create_complete_block] PreRuntime author digest added to header ==============
[2026-03-22T07:18:09.737Z] [ThreadId(6)] ============== [CBC-TRACE] 49. [proposer_factory.rs::create_complete_block] Substrate build_block executing ==============
[2026-03-22T07:18:09.738Z] [ThreadId(6)] ============== [CBC-TRACE] 50. [proposer_factory.rs::build_block_with_state_root] State root computed for block 12 ==============
[2026-03-22T07:18:09.738Z] [ThreadId(6)] ============== [CBC-TRACE] 51. [proposer_factory.rs::build_block_with_state_root] Block 12 sealed successfully ==============
[2026-03-22T07:18:09.738Z] [ThreadId(6)] ============== [CBC-TRACE] 52. [proposer_factory.rs::create_complete_block] Block 12 dispatched to import pipeline ==============
[2026-03-22T07:18:09.739Z] [ThreadId(6)] ============== [CBC-TRACE] 53. [dcf.rs::update_consensus_state] Consensus state updated after block production (block: 12, slot: 4, total: 4) ==============
[2026-03-22T07:18:09.739Z] [ThreadId(6)] ============== [CBC-TRACE] 54. [dcf.rs::update_consensus_state] Author scores updated - PoS: 6000000000000000, PoI: 80, Combined: 100, Trust: 7583, Uptime: 100, Inferences: 0, Participation: 100%, Missed: 0 ==============
[2026-03-22T07:18:15.696Z] [ThreadId(5)] ============== [CBC-TRACE] 65. [service.rs::dvf-finality-sync] Finality check iteration started ==============
2026-03-09 07:18:15 DVF Vote Aggregator: ===== Checking vote accumulation for round 0 =====    
2026-03-09 07:18:15 DVF Vote Aggregator: Total weight: 24000000000000240000, Finality threshold: 16080000000000160800 (67% of total)    
2026-03-09 07:18:15 DVF Vote Aggregator: Found 0 candidate blocks for round 0    
2026-03-09 07:18:15 DVF Vote Aggregator: Vote pool size: 0 votes total    
2026-03-09 07:18:15 Client finalized head (#10) is ahead of DVF finalized head (#0)!    
2026-03-09 07:18:15 DCF: Finality advanced from 13 to 14 in epoch 0    
2026-03-09 07:18:15 DCF: Progressive finalization advanced to block 14    
2026-03-09 07:18:15 ProposerFactory: Successfully created block #15 with 1 extrinsics    
2026-03-09 07:18:15 DCF: Finality advanced from 13 to 14 in epoch 0    
2026-03-09 07:18:15 DCF: Progressive finalization advanced to block 14    
2026-03-09 07:18:15 DCF: Computed PoI score for validator=88dc3417d5058ec4b4503e0c12ea1a0a89be200fe98922423d4334014fa6b0ee (5FA9nQDV...), score=0, block=15    
2026-03-09 07:18:15 DCF: Computed PoI score for validator=d17c2d7823ebf260fd138f2d7e27d114c0145d968b5ff5006125f2414fadae69 (5GoNkf6W...), score=0, block=15    
2026-03-09 07:18:15 DCF: Computed PoI score for validator=439660b36c6c03afafca027b910b4fecf99801834c62a5e6006f27d978de234f (5DbKjhNL...), score=0, block=15    
2026-03-09 07:18:15 DCF off-chain worker completed computation    
2026-03-09 07:18:15 🏆 Imported #15 (0xeeec…e8f0 → 0xb8c1…209c)    
2026-03-09 07:18:16 DVF Vote Aggregator: ===== Checking vote accumulation for round 0 =====    
2026-03-09 07:18:16 DVF Vote Aggregator: Total weight: 24000000000000240000, Finality threshold: 16080000000000160800 (67% of total)    
2026-03-09 07:18:16 DVF Vote Aggregator: Found 0 candidate blocks for round 0    
2026-03-09 07:18:16 DVF Vote Aggregator: Vote pool size: 0 votes total    
2026-03-09 07:18:16 💤 Idle (2 peers), best: #15 (0xb8c1…209c), finalized #10 (0xfffc…bbe6), ⬇ 1.2kiB/s ⬆ 1.1kiB/s    
2026-03-09 07:18:17 DCF Verifier: Block #16 verification passed    
2026-03-09 07:18:17 DCF: Finality advanced from 14 to 15 in epoch 0    
2026-03-09 07:18:17 DCF: Progressive finalization advanced to block 15    
2026-03-09 07:18:17 🏆 Imported #16 (0xb8c1…209c → 0x58e9…fe74)    
2026-03-09 07:18:17 DVF Vote Aggregator: ===== Checking vote accumulation for round 0 =====    
2026-03-09 07:18:17 DVF Vote Aggregator: Total weight: 24000000000000240000, Finality threshold: 16080000000000160800 (67% of total)    
2026-03-09 07:18:17 DVF Vote Aggregator: Found 0 candidate blocks for round 0    
2026-03-09 07:18:17 DVF Vote Aggregator: Vote pool size: 0 votes total    
2026-03-09 07:18:18 DVF Vote Aggregator: ===== Checking vote accumulation for round 0 =====    
2026-03-09 07:18:18 DVF Vote Aggregator: Total weight: 24000000000000240000, Finality threshold: 16080000000000160800 (67% of total)    
2026-03-09 07:18:18 DVF Vote Aggregator: Found 0 candidate blocks for round 0    
2026-03-09 07:18:18 DVF Vote Aggregator: Vote pool size: 0 votes total    
2026-03-09 07:18:19 DVF Vote Aggregator: ===== Checking vote accumulation for round 0 =====    
2026-03-09 07:18:19 DVF Vote Aggregator: Total weight: 24000000000000240000, Finality threshold: 16080000000000160800 (67% of total)    
2026-03-09 07:18:19 DVF Vote Aggregator: Found 0 candidate blocks for round 0    
2026-03-09 07:18:19 DVF Vote Aggregator: Vote pool size: 0 votes total    
2026-03-09 07:18:19 DCF Verifier: Block #17 verification passed    
2026-03-09 07:18:19 DCF: Finality advanced from 15 to 16 in epoch 0    
2026-03-09 07:18:19 DCF: Progressive finalization advanced to block 16    
2026-03-09 07:18:19 🏆 Imported #17 (0x58e9…fe74 → 0x21fe…eaf1)    
2026-03-09 07:18:20 DVF Vote Aggregator: ===== Checking vote accumulation for round 0 =====    
2026-03-09 07:18:20 DVF Vote Aggregator: Total weight: 24000000000000240000, Finality threshold: 16080000000000160800 (67% of total)    
2026-03-09 07:18:20 DVF Vote Aggregator: Found 0 candidate blocks for round 0    
2026-03-09 07:18:20 DVF Vote Aggregator: Vote pool size: 0 votes total    
[2026-03-22T07:18:15.696Z] [ThreadId(5)] ============== [CBC-TRACE] 66. [service.rs::dvf-finality-sync] DVF finalized block retrieved (block 0) ==============
[2026-03-22T07:18:15.696Z] [ThreadId(5)] ============== [CBC-TRACE] 67. [service.rs::dvf-finality-sync] Client finalized block retrieved (block 10) ==============
[2026-03-22T07:18:15.750Z] [ThreadId(5)] ============== [CBC-TRACE] 40. [dcf.rs::run] Consensus loop iteration started for block 15 ==============
[2026-03-22T07:18:15.750Z] [ThreadId(5)] ============== [CBC-TRACE] 41. [dcf.rs::run] Active validators retrieved: 3 validators ==============
[2026-03-22T07:18:15.750Z] [ThreadId(5)] ============== [CBC-TRACE] 42. [dcf.rs::run] Author selection for block 15 started ==============
[2026-03-22T07:18:15.750Z] [ThreadId(5)] ============== [CBC-TRACE] 43. [dcf.rs::run] Expected author selected: d17c2d7823ebf260fd138f2d7e27d114c0145d968b5ff5006125f2414fadae69 (5GoNkf6W...) (method: runtime_deterministic) ==============
[2026-03-22T07:18:15.750Z] [ThreadId(5)] ============== [CBC-TRACE] 44. [dcf.rs::run] Block production triggered for block 15 ==============
[2026-03-22T07:18:15.751Z] [ThreadId(5)] ============== [CBC-TRACE] 45. [proposer_factory.rs::create_complete_block] Proposer factory create_complete_block entered ==============
[2026-03-22T07:18:15.751Z] [ThreadId(5)] ============== [CBC-TRACE] 46. [proposer_factory.rs::create_complete_block] Inherent data generated ==============
[2026-03-22T07:18:15.751Z] [ThreadId(5)] ============== [CBC-TRACE] 47. [proposer_factory.rs::create_complete_block] Transactions harvested from mempool (0 transactions) ==============
[2026-03-22T07:18:15.751Z] [ThreadId(5)] ============== [CBC-TRACE] 48. [proposer_factory.rs::create_complete_block] PreRuntime author digest added to header ==============
[2026-03-22T07:18:15.751Z] [ThreadId(5)] ============== [CBC-TRACE] 49. [proposer_factory.rs::create_complete_block] Substrate build_block executing ==============
[2026-03-22T07:18:15.751Z] [ThreadId(5)] ============== [CBC-TRACE] 50. [proposer_factory.rs::build_block_with_state_root] State root computed for block 15 ==============
[2026-03-22T07:18:15.751Z] [ThreadId(5)] ============== [CBC-TRACE] 51. [proposer_factory.rs::build_block_with_state_root] Block 15 sealed successfully ==============
[2026-03-22T07:18:15.751Z] [ThreadId(5)] ============== [CBC-TRACE] 52. [proposer_factory.rs::create_complete_block] Block 15 dispatched to import pipeline ==============
[2026-03-22T07:18:15.752Z] [ThreadId(5)] ============== [CBC-TRACE] 53. [dcf.rs::update_consensus_state] Consensus state updated after block production (block: 15, slot: 5, total: 5) ==============
[2026-03-22T07:18:15.753Z] [ThreadId(5)] ============== [CBC-TRACE] 54. [dcf.rs::update_consensus_state] Author scores updated - PoS: 8000000000000000, PoI: 80, Combined: 91, Trust: 7563, Uptime: 100, Inferences: 0, Participation: 100%, Missed: 0 ==============
[2026-03-22T07:18:21.697Z] [ThreadId(6)] ============== [CBC-TRACE] 65. [service.rs::dvf-finality-sync] Finality check iteration started ==============
2026-03-09 07:18:21 DVF Vote Aggregator: ===== Checking vote accumulation for round 0 =====    
2026-03-09 07:18:21 DVF Vote Aggregator: Total weight: 24000000000000240000, Finality threshold: 16080000000000160800 (67% of total)    
2026-03-09 07:18:21 DVF Vote Aggregator: Found 0 candidate blocks for round 0    
2026-03-09 07:18:21 DVF Vote Aggregator: Vote pool size: 0 votes total    
2026-03-09 07:18:21 💤 Idle (2 peers), best: #17 (0x21fe…eaf1), finalized #10 (0xfffc…bbe6), ⬇ 1.1kiB/s ⬆ 1.3kiB/s    
2026-03-09 07:18:21 Client finalized head (#10) is ahead of DVF finalized head (#0)!    
2026-03-09 07:18:21 DCF: Finality advanced from 16 to 17 in epoch 0    
2026-03-09 07:18:21 DCF: Progressive finalization advanced to block 17    
2026-03-09 07:18:21 ProposerFactory: Successfully created block #18 with 1 extrinsics    
2026-03-09 07:18:21 DCF: Finality advanced from 16 to 17 in epoch 0    
2026-03-09 07:18:21 DCF: Progressive finalization advanced to block 17    
2026-03-09 07:18:21 🏆 Imported #18 (0x21fe…eaf1 → 0x2f77…fe68)    
2026-03-09 07:18:22 DVF Vote Aggregator: ===== Checking vote accumulation for round 0 =====    
2026-03-09 07:18:22 DVF Vote Aggregator: Total weight: 24000000000000240000, Finality threshold: 16080000000000160800 (67% of total)    
2026-03-09 07:18:22 DVF Vote Aggregator: Found 0 candidate blocks for round 0    
2026-03-09 07:18:22 DVF Vote Aggregator: Vote pool size: 0 votes total    
2026-03-09 07:18:23 DCF Verifier: Block #19 verification passed    
2026-03-09 07:18:23 DCF: Finality advanced from 17 to 18 in epoch 0    
2026-03-09 07:18:23 DCF: Progressive finalization advanced to block 18    
2026-03-09 07:18:23 🏆 Imported #19 (0x2f77…fe68 → 0x6d91…25c5)    
2026-03-09 07:18:23 DVF Vote Aggregator: ===== Checking vote accumulation for round 0 =====    
2026-03-09 07:18:23 DVF Vote Aggregator: Total weight: 24000000000000240000, Finality threshold: 16080000000000160800 (67% of total)    
2026-03-09 07:18:23 DVF Vote Aggregator: Found 0 candidate blocks for round 0    
2026-03-09 07:18:23 DVF Vote Aggregator: Vote pool size: 0 votes total    
2026-03-09 07:18:24 DVF Vote Aggregator: ===== Checking vote accumulation for round 0 =====    
2026-03-09 07:18:24 DVF Vote Aggregator: Total weight: 24000000000000240000, Finality threshold: 16080000000000160800 (67% of total)    
2026-03-09 07:18:24 DVF Vote Aggregator: Found 0 candidate blocks for round 0    
2026-03-09 07:18:24 DVF Vote Aggregator: Vote pool size: 0 votes total    
2026-03-09 07:18:25 DVF Vote Aggregator: ===== Checking vote accumulation for round 0 =====    
2026-03-09 07:18:25 DVF Vote Aggregator: Total weight: 24000000000000240000, Finality threshold: 16080000000000160800 (67% of total)    
2026-03-09 07:18:25 DVF Vote Aggregator: Found 0 candidate blocks for round 0    
2026-03-09 07:18:25 DVF Vote Aggregator: Vote pool size: 0 votes total    
2026-03-09 07:18:25 DVF Gossip Validator: Accepted vote for block #20 (0x21582656aa0d6fe25975aa04631eb166f2e009e4eb8d3aad84a9c9924b6ae3a8) from validator 88dc3417d5058ec4b4503e0c12ea1a0a89be200fe98922423d4334014fa6b0ee (5FA9nQDV...) (round: 0, epoch: 0, validator_set: 0)    
2026-03-09 07:18:25 DVF Gossip Validator: Vote inserted into pool successfully    
2026-03-09 07:18:25 DCF Verifier: Block #20 verification passed    
2026-03-09 07:18:26 DCF: Finality advanced from 18 to 19 in epoch 0    
2026-03-09 07:18:26 DCF: Progressive finalization advanced to block 19    
2026-03-09 07:18:26 DVF Vote Creator: Creating vote for block #20 (0x21582656aa0d6fe25975aa04631eb166f2e009e4eb8d3aad84a9c9924b6ae3a8)    
2026-03-09 07:18:26 🏆 Imported #20 (0x6d91…25c5 → 0x2158…e3a8)    
2026-03-09 07:18:26 DVF Gossip Validator: Accepted vote for block #20 (0x21582656aa0d6fe25975aa04631eb166f2e009e4eb8d3aad84a9c9924b6ae3a8) from validator d17c2d7823ebf260fd138f2d7e27d114c0145d968b5ff5006125f2414fadae69 (5GoNkf6W...) (round: 0, epoch: 0, validator_set: 0)    
2026-03-09 07:18:26 DVF Gossip Validator: Vote inserted into pool successfully    
2026-03-09 07:18:26 DVF Vote Creator: Vote inserted into local pool successfully    
2026-03-09 07:18:26 DVF Vote Creator: Successfully broadcast vote for block #20 (epoch: 0, round: 0, validator_set: 0)    
2026-03-09 07:18:26 DCF: Computed PoI score for validator=88dc3417d5058ec4b4503e0c12ea1a0a89be200fe98922423d4334014fa6b0ee (5FA9nQDV...), score=0, block=20    
2026-03-09 07:18:26 DCF: Computed PoI score for validator=d17c2d7823ebf260fd138f2d7e27d114c0145d968b5ff5006125f2414fadae69 (5GoNkf6W...), score=0, block=20    
2026-03-09 07:18:26 DCF: Computed PoI score for validator=439660b36c6c03afafca027b910b4fecf99801834c62a5e6006f27d978de234f (5DbKjhNL...), score=0, block=20    
2026-03-09 07:18:26 DCF off-chain worker completed computation    
2026-03-09 07:18:26 DVF Vote Aggregator: ===== Checking vote accumulation for round 0 =====    
2026-03-09 07:18:26 DVF Vote Aggregator: Total weight: 24000000000000240000, Finality threshold: 16080000000000160800 (67% of total)    
2026-03-09 07:18:26 DVF Vote Aggregator: Found 1 candidate blocks for round 0    
2026-03-09 07:18:26 DVF Vote Aggregator: Vote pool size: 3 votes total    
2026-03-09 07:18:26 DVF Vote Aggregator: Found 3 votes for block 0x21582656aa0d6fe25975aa04631eb166f2e009e4eb8d3aad84a9c9924b6ae3a8 in round 0    
2026-03-09 07:18:26 DVF Vote Aggregator:   - Validator 88dc3417d5058ec4b4503e0c12ea1a0a89be200fe98922423d4334014fa6b0ee (5FA9nQDV...) voted with weight 10000000000000080000    
2026-03-09 07:18:26 DVF Vote Aggregator:   - Validator d17c2d7823ebf260fd138f2d7e27d114c0145d968b5ff5006125f2414fadae69 (5GoNkf6W...) voted with weight 8000000000000080000    
2026-03-09 07:18:26 DVF Vote Aggregator:   - Validator 439660b36c6c03afafca027b910b4fecf99801834c62a5e6006f27d978de234f (5DbKjhNL...) voted with weight 6000000000000080000    
2026-03-09 07:18:26 DVF Vote Aggregator: Total accumulated weight for block 0x21582656aa0d6fe25975aa04631eb166f2e009e4eb8d3aad84a9c9924b6ae3a8: 24000000000000240000 (from 3 votes)    
2026-03-09 07:18:26 DVF Vote Aggregator: Block 0x21582656aa0d6fe25975aa04631eb166f2e009e4eb8d3aad84a9c9924b6ae3a8 has accumulated weight 24000000000000240000 (threshold: 16080000000000160800, reached: true)    
2026-03-09 07:18:26 DVF Vote Aggregator: Block 0x21582656aa0d6fe25975aa04631eb166f2e009e4eb8d3aad84a9c9924b6ae3a8 reached finality threshold! Weight: 24000000000000240000, Threshold: 16080000000000160800    
2026-03-09 07:18:26 DVF Vote Aggregator: Triggering justification construction for block 0x21582656aa0d6fe25975aa04631eb166f2e009e4eb8d3aad84a9c9924b6ae3a8 (round: 0, weight: 24000000000000240000)    
2026-03-09 07:18:26 DVF Justification Builder: Constructing justification for block 0x21582656aa0d6fe25975aa04631eb166f2e009e4eb8d3aad84a9c9924b6ae3a8 in round 0    
2026-03-09 07:18:26 DVF Justification Builder: Selected 2 votes with accumulated weight 18000000000000160000 (threshold: 16080000000000160800)    
2026-03-09 07:18:26 DVF Justification Builder: Constructed justification with 2 votes, accumulated weight 18000000000000160000 (threshold: 16080000000000160800)    
2026-03-09 07:18:26 DVF Justification Builder: Justification constructed for block 0x21582656aa0d6fe25975aa04631eb166f2e009e4eb8d3aad84a9c9924b6ae3a8, round 0, 2 votes, weight 18000000000000160000    
2026-03-09 07:18:26 DVF Vote Aggregator: Successfully constructed justification with 2 votes    
2026-03-09 07:18:26 DVF Vote Aggregator: Justification constructed for block #20 (0x21582656aa0d6fe25975aa04631eb166f2e009e4eb8d3aad84a9c9924b6ae3a8) with 2 votes, weight: 24000000000000240000    
2026-03-09 07:18:26 DVF Vote Aggregator: Encoded justification (389 bytes) for block #20 (0x21582656aa0d6fe25975aa04631eb166f2e009e4eb8d3aad84a9c9924b6ae3a8)    
2026-03-09 07:18:26 DVF Vote Aggregator: Successfully finalized block #20 (0x21582656aa0d6fe25975aa04631eb166f2e009e4eb8d3aad84a9c9924b6ae3a8) with justification    
2026-03-09 07:18:26 DVF Vote Aggregator: Finality latency for round 0: 0.00s    
2026-03-09 07:18:26 💤 Idle (2 peers), best: #20 (0x2158…e3a8), finalized #20 (0x2158…e3a8), ⬇ 1.9kiB/s ⬆ 1.2kiB/s    
2026-03-09 07:18:27 DVF Vote Aggregator: ===== Checking vote accumulation for round 0 =====    
2026-03-09 07:18:27 DVF Vote Aggregator: Total weight: 24000000000000240000, Finality threshold: 16080000000000160800 (67% of total)    
2026-03-09 07:18:27 DVF Vote Aggregator: Found 1 candidate blocks for round 0    
2026-03-09 07:18:27 DVF Vote Aggregator: Vote pool size: 3 votes total    
2026-03-09 07:18:27 DVF Vote Aggregator: Found 3 votes for block 0x21582656aa0d6fe25975aa04631eb166f2e009e4eb8d3aad84a9c9924b6ae3a8 in round 0    
2026-03-09 07:18:27 DVF Vote Aggregator:   - Validator 88dc3417d5058ec4b4503e0c12ea1a0a89be200fe98922423d4334014fa6b0ee (5FA9nQDV...) voted with weight 10000000000000080000    
2026-03-09 07:18:27 DVF Vote Aggregator:   - Validator d17c2d7823ebf260fd138f2d7e27d114c0145d968b5ff5006125f2414fadae69 (5GoNkf6W...) voted with weight 8000000000000080000    
2026-03-09 07:18:27 DVF Vote Aggregator:   - Validator 439660b36c6c03afafca027b910b4fecf99801834c62a5e6006f27d978de234f (5DbKjhNL...) voted with weight 6000000000000080000    
2026-03-09 07:18:27 DVF Vote Aggregator: Total accumulated weight for block 0x21582656aa0d6fe25975aa04631eb166f2e009e4eb8d3aad84a9c9924b6ae3a8: 24000000000000240000 (from 3 votes)    
2026-03-09 07:18:27 DVF Vote Aggregator: Block 0x21582656aa0d6fe25975aa04631eb166f2e009e4eb8d3aad84a9c9924b6ae3a8 has accumulated weight 24000000000000240000 (threshold: 16080000000000160800, reached: true)    
2026-03-09 07:18:27 DVF Vote Aggregator: Block 0x21582656aa0d6fe25975aa04631eb166f2e009e4eb8d3aad84a9c9924b6ae3a8 reached finality threshold! Weight: 24000000000000240000, Threshold: 16080000000000160800    
2026-03-09 07:18:27 DVF Vote Aggregator: Triggering justification construction for block 0x21582656aa0d6fe25975aa04631eb166f2e009e4eb8d3aad84a9c9924b6ae3a8 (round: 0, weight: 24000000000000240000)    
2026-03-09 07:18:27 DVF Justification Builder: Constructing justification for block 0x21582656aa0d6fe25975aa04631eb166f2e009e4eb8d3aad84a9c9924b6ae3a8 in round 0    
2026-03-09 07:18:27 DVF Justification Builder: Selected 2 votes with accumulated weight 18000000000000160000 (threshold: 16080000000000160800)    
2026-03-09 07:18:27 DVF Justification Builder: Constructed justification with 2 votes, accumulated weight 18000000000000160000 (threshold: 16080000000000160800)    
2026-03-09 07:18:27 DVF Justification Builder: Justification constructed for block 0x21582656aa0d6fe25975aa04631eb166f2e009e4eb8d3aad84a9c9924b6ae3a8, round 0, 2 votes, weight 18000000000000160000    
2026-03-09 07:18:27 DVF Vote Aggregator: Successfully constructed justification with 2 votes    
2026-03-09 07:18:27 DVF Vote Aggregator: Justification constructed for block #20 (0x21582656aa0d6fe25975aa04631eb166f2e009e4eb8d3aad84a9c9924b6ae3a8) with 2 votes, weight: 24000000000000240000    
2026-03-09 07:18:27 DVF Vote Aggregator: Encoded justification (389 bytes) for block #20 (0x21582656aa0d6fe25975aa04631eb166f2e009e4eb8d3aad84a9c9924b6ae3a8)    
2026-03-09 07:18:27 Possible safety violation: attempted to re-finalize last finalized block 0x21582656aa0d6fe25975aa04631eb166f2e009e4eb8d3aad84a9c9924b6ae3a8     
2026-03-09 07:18:27 DVF Vote Aggregator: Successfully finalized block #20 (0x21582656aa0d6fe25975aa04631eb166f2e009e4eb8d3aad84a9c9924b6ae3a8) with justification    
2026-03-09 07:18:27 DVF Vote Aggregator: Finality latency for round 0: 0.00s    
[2026-03-22T07:18:21.698Z] [ThreadId(6)] ============== [CBC-TRACE] 66. [service.rs::dvf-finality-sync] DVF finalized block retrieved (block 0) ==============
[2026-03-22T07:18:21.698Z] [ThreadId(6)] ============== [CBC-TRACE] 67. [service.rs::dvf-finality-sync] Client finalized block retrieved (block 10) ==============
[2026-03-22T07:18:21.764Z] [ThreadId(6)] ============== [CBC-TRACE] 40. [dcf.rs::run] Consensus loop iteration started for block 18 ==============
[2026-03-22T07:18:21.764Z] [ThreadId(6)] ============== [CBC-TRACE] 41. [dcf.rs::run] Active validators retrieved: 3 validators ==============
[2026-03-22T07:18:21.764Z] [ThreadId(6)] ============== [CBC-TRACE] 42. [dcf.rs::run] Author selection for block 18 started ==============
[2026-03-22T07:18:21.765Z] [ThreadId(6)] ============== [CBC-TRACE] 43. [dcf.rs::run] Expected author selected: 439660b36c6c03afafca027b910b4fecf99801834c62a5e6006f27d978de234f (5DbKjhNL...) (method: runtime_deterministic) ==============
[2026-03-22T07:18:21.765Z] [ThreadId(6)] ============== [CBC-TRACE] 44. [dcf.rs::run] Block production triggered for block 18 ==============
[2026-03-22T07:18:21.765Z] [ThreadId(6)] ============== [CBC-TRACE] 45. [proposer_factory.rs::create_complete_block] Proposer factory create_complete_block entered ==============
[2026-03-22T07:18:21.765Z] [ThreadId(6)] ============== [CBC-TRACE] 46. [proposer_factory.rs::create_complete_block] Inherent data generated ==============
[2026-03-22T07:18:21.765Z] [ThreadId(6)] ============== [CBC-TRACE] 47. [proposer_factory.rs::create_complete_block] Transactions harvested from mempool (0 transactions) ==============
[2026-03-22T07:18:21.765Z] [ThreadId(6)] ============== [CBC-TRACE] 48. [proposer_factory.rs::create_complete_block] PreRuntime author digest added to header ==============
[2026-03-22T07:18:21.765Z] [ThreadId(6)] ============== [CBC-TRACE] 49. [proposer_factory.rs::create_complete_block] Substrate build_block executing ==============
[2026-03-22T07:18:21.766Z] [ThreadId(6)] ============== [CBC-TRACE] 50. [proposer_factory.rs::build_block_with_state_root] State root computed for block 18 ==============
[2026-03-22T07:18:21.766Z] [ThreadId(6)] ============== [CBC-TRACE] 51. [proposer_factory.rs::build_block_with_state_root] Block 18 sealed successfully ==============
[2026-03-22T07:18:21.766Z] [ThreadId(6)] ============== [CBC-TRACE] 52. [proposer_factory.rs::create_complete_block] Block 18 dispatched to import pipeline ==============
[2026-03-22T07:18:21.767Z] [ThreadId(6)] ============== [CBC-TRACE] 53. [dcf.rs::update_consensus_state] Consensus state updated after block production (block: 18, slot: 6, total: 6) ==============
[2026-03-22T07:18:21.767Z] [ThreadId(6)] ============== [CBC-TRACE] 54. [dcf.rs::update_consensus_state] Author scores updated - PoS: 6000000000000000, PoI: 80, Combined: 100, Trust: 7622, Uptime: 100, Inferences: 0, Participation: 100%, Missed: 0 ==============
[2026-03-22T07:18:27.698Z] [ThreadId(6)] ============== [CBC-TRACE] 65. [service.rs::dvf-finality-sync] Finality check iteration started ==============
2026-03-09 07:18:27 Client finalized head (#20) is ahead of DVF finalized head (#0)!    
2026-03-09 07:18:27 Producing block #21 with author 439660b36c6c03afafca027b910b4fecf99801834c62a5e6006f27d978de234f (5DbKjhNL...)    
2026-03-09 07:18:27 DCF: Finality advanced from 19 to 20 in epoch 0    
2026-03-09 07:18:27 DCF: Progressive finalization advanced to block 20    
2026-03-09 07:18:27 ProposerFactory: Successfully created block #21 with 1 extrinsics    
2026-03-09 07:18:27 DCF: Finality advanced from 19 to 20 in epoch 0    
2026-03-09 07:18:27 DCF: Progressive finalization advanced to block 20    
2026-03-09 07:18:27 🏆 Imported #21 (0x2158…e3a8 → 0x98cd…61c7)    
2026-03-09 07:18:28 DVF Vote Aggregator: ===== Checking vote accumulation for round 0 =====    
2026-03-09 07:18:28 DVF Vote Aggregator: Total weight: 24000000000000240000, Finality threshold: 16080000000000160800 (67% of total)    
2026-03-09 07:18:28 DVF Vote Aggregator: Found 0 candidate blocks for round 0    
2026-03-09 07:18:28 DVF Vote Aggregator: Vote pool size: 0 votes total    
2026-03-09 07:18:29 DCF Verifier: Block #22 verification passed    
2026-03-09 07:18:29 DCF: Finality advanced from 20 to 21 in epoch 0    
2026-03-09 07:18:29 DCF: Progressive finalization advanced to block 21    
2026-03-09 07:18:29 🏆 Imported #22 (0x98cd…61c7 → 0xe9a4…34c6)    
2026-03-09 07:18:29 DVF Vote Aggregator: ===== Checking vote accumulation for round 0 =====    
2026-03-09 07:18:29 DVF Vote Aggregator: Total weight: 24000000000000240000, Finality threshold: 16080000000000160800 (67% of total)    
2026-03-09 07:18:29 DVF Vote Aggregator: Found 0 candidate blocks for round 0    
2026-03-09 07:18:29 DVF Vote Aggregator: Vote pool size: 0 votes total    
2026-03-09 07:18:30 DVF Vote Aggregator: ===== Checking vote accumulation for round 0 =====    
2026-03-09 07:18:30 DVF Vote Aggregator: Total weight: 24000000000000240000, Finality threshold: 16080000000000160800 (67% of total)    
2026-03-09 07:18:30 DVF Vote Aggregator: Found 0 candidate blocks for round 0    
2026-03-09 07:18:30 DVF Vote Aggregator: Vote pool size: 0 votes total    
2026-03-09 07:18:31 DVF Vote Aggregator: ===== Checking vote accumulation for round 0 =====    
2026-03-09 07:18:31 DVF Vote Aggregator: Total weight: 24000000000000240000, Finality threshold: 16080000000000160800 (67% of total)    
2026-03-09 07:18:31 DVF Vote Aggregator: Found 0 candidate blocks for round 0    
2026-03-09 07:18:31 DVF Vote Aggregator: Vote pool size: 0 votes total    
2026-03-09 07:18:31 💤 Idle (2 peers), best: #22 (0xe9a4…34c6), finalized #20 (0x2158…e3a8), ⬇ 2.3kiB/s ⬆ 2.3kiB/s    
2026-03-09 07:18:32 DCF Verifier: Block #23 verification passed    
2026-03-09 07:18:32 DCF: Finality advanced from 21 to 22 in epoch 0    
2026-03-09 07:18:32 DCF: Progressive finalization advanced to block 22    
2026-03-09 07:18:32 🏆 Imported #23 (0xe9a4…34c6 → 0xcea1…b035)    
2026-03-09 07:18:32 DVF Vote Aggregator: ===== Checking vote accumulation for round 0 =====    
2026-03-09 07:18:32 DVF Vote Aggregator: Total weight: 24000000000000240000, Finality threshold: 16080000000000160800 (67% of total)    
2026-03-09 07:18:32 DVF Vote Aggregator: Found 0 candidate blocks for round 0    
2026-03-09 07:18:32 DVF Vote Aggregator: Vote pool size: 0 votes total    
[2026-03-22T07:18:27.698Z] [ThreadId(6)] ============== [CBC-TRACE] 66. [service.rs::dvf-finality-sync] DVF finalized block retrieved (block 0) ==============
[2026-03-22T07:18:27.698Z] [ThreadId(6)] ============== [CBC-TRACE] 67. [service.rs::dvf-finality-sync] Client finalized block retrieved (block 20) ==============
[2026-03-22T07:18:27.774Z] [ThreadId(6)] ============== [CBC-TRACE] 40. [dcf.rs::run] Consensus loop iteration started for block 21 ==============
[2026-03-22T07:18:27.774Z] [ThreadId(6)] ============== [CBC-TRACE] 41. [dcf.rs::run] Active validators retrieved: 3 validators ==============
[2026-03-22T07:18:27.774Z] [ThreadId(6)] ============== [CBC-TRACE] 42. [dcf.rs::run] Author selection for block 21 started ==============
[2026-03-22T07:18:27.774Z] [ThreadId(6)] ============== [CBC-TRACE] 43. [dcf.rs::run] Expected author selected: 439660b36c6c03afafca027b910b4fecf99801834c62a5e6006f27d978de234f (5DbKjhNL...) (method: runtime_deterministic) ==============
[2026-03-22T07:18:27.774Z] [ThreadId(6)] ============== [CBC-TRACE] 44. [dcf.rs::run] Block production triggered for block 21 ==============
[2026-03-22T07:18:27.775Z] [ThreadId(6)] ============== [CBC-TRACE] 45. [proposer_factory.rs::create_complete_block] Proposer factory create_complete_block entered ==============
[2026-03-22T07:18:27.775Z] [ThreadId(6)] ============== [CBC-TRACE] 46. [proposer_factory.rs::create_complete_block] Inherent data generated ==============
[2026-03-22T07:18:27.775Z] [ThreadId(6)] ============== [CBC-TRACE] 47. [proposer_factory.rs::create_complete_block] Transactions harvested from mempool (0 transactions) ==============
[2026-03-22T07:18:27.775Z] [ThreadId(6)] ============== [CBC-TRACE] 48. [proposer_factory.rs::create_complete_block] PreRuntime author digest added to header ==============
[2026-03-22T07:18:27.775Z] [ThreadId(6)] ============== [CBC-TRACE] 49. [proposer_factory.rs::create_complete_block] Substrate build_block executing ==============
[2026-03-22T07:18:27.775Z] [ThreadId(6)] ============== [CBC-TRACE] 50. [proposer_factory.rs::build_block_with_state_root] State root computed for block 21 ==============
[2026-03-22T07:18:27.775Z] [ThreadId(6)] ============== [CBC-TRACE] 51. [proposer_factory.rs::build_block_with_state_root] Block 21 sealed successfully ==============
[2026-03-22T07:18:27.775Z] [ThreadId(6)] ============== [CBC-TRACE] 52. [proposer_factory.rs::create_complete_block] Block 21 dispatched to import pipeline ==============
[2026-03-22T07:18:27.776Z] [ThreadId(6)] ============== [CBC-TRACE] 53. [dcf.rs::update_consensus_state] Consensus state updated after block production (block: 21, slot: 7, total: 7) ==============
[2026-03-22T07:18:27.776Z] [ThreadId(6)] ============== [CBC-TRACE] 54. [dcf.rs::update_consensus_state] Author scores updated - PoS: 6000000000000000, PoI: 80, Combined: 100, Trust: 7630, Uptime: 100, Inferences: 0, Participation: 100%, Missed: 0 ==============
[2026-03-22T07:18:33.699Z] [ThreadId(5)] ============== [CBC-TRACE] 65. [service.rs::dvf-finality-sync] Finality check iteration started ==============
2026-03-09 07:18:33 DVF Vote Aggregator: ===== Checking vote accumulation for round 0 =====    
2026-03-09 07:18:33 DVF Vote Aggregator: Total weight: 24000000000000240000, Finality threshold: 16080000000000160800 (67% of total)    
2026-03-09 07:18:33 DVF Vote Aggregator: Found 0 candidate blocks for round 0    
2026-03-09 07:18:33 DVF Vote Aggregator: Vote pool size: 0 votes total    
2026-03-09 07:18:33 Client finalized head (#20) is ahead of DVF finalized head (#0)!    
2026-03-09 07:18:33 DCF: Finality advanced from 22 to 23 in epoch 0    
2026-03-09 07:18:33 DCF: Progressive finalization advanced to block 23    
2026-03-09 07:18:33 ProposerFactory: Successfully created block #24 with 1 extrinsics    
2026-03-09 07:18:33 DCF: Finality advanced from 22 to 23 in epoch 0    
2026-03-09 07:18:33 DCF: Progressive finalization advanced to block 23    
2026-03-09 07:18:33 🏆 Imported #24 (0xcea1…b035 → 0xeada…7def)    
2026-03-09 07:18:34 DVF Vote Aggregator: ===== Checking vote accumulation for round 0 =====    
2026-03-09 07:18:34 DVF Vote Aggregator: Total weight: 24000000000000240000, Finality threshold: 16080000000000160800 (67% of total)    
2026-03-09 07:18:34 DVF Vote Aggregator: Found 0 candidate blocks for round 0    
2026-03-09 07:18:34 DVF Vote Aggregator: Vote pool size: 0 votes total    
2026-03-09 07:18:35 DVF Vote Aggregator: ===== Checking vote accumulation for round 0 =====    
2026-03-09 07:18:35 DVF Vote Aggregator: Total weight: 24000000000000240000, Finality threshold: 16080000000000160800 (67% of total)    
2026-03-09 07:18:35 DVF Vote Aggregator: Found 0 candidate blocks for round 0    
2026-03-09 07:18:35 DVF Vote Aggregator: Vote pool size: 0 votes total    
2026-03-09 07:18:35 DCF Verifier: Block #25 verification passed    
2026-03-09 07:18:35 DCF: Finality advanced from 23 to 24 in epoch 0    
2026-03-09 07:18:35 DCF: Progressive finalization advanced to block 24    
2026-03-09 07:18:35 🏆 Imported #25 (0xeada…7def → 0xc299…f4af)    
2026-03-09 07:18:35 DCF: Computed PoI score for validator=88dc3417d5058ec4b4503e0c12ea1a0a89be200fe98922423d4334014fa6b0ee (5FA9nQDV...), score=0, block=25    
2026-03-09 07:18:35 DCF: Computed PoI score for validator=d17c2d7823ebf260fd138f2d7e27d114c0145d968b5ff5006125f2414fadae69 (5GoNkf6W...), score=0, block=25    
2026-03-09 07:18:35 DCF: Computed PoI score for validator=439660b36c6c03afafca027b910b4fecf99801834c62a5e6006f27d978de234f (5DbKjhNL...), score=0, block=25    
2026-03-09 07:18:35 DCF off-chain worker completed computation    
2026-03-09 07:18:36 DVF Vote Aggregator: ===== Checking vote accumulation for round 0 =====    
2026-03-09 07:18:36 DVF Vote Aggregator: Total weight: 24000000000000240000, Finality threshold: 16080000000000160800 (67% of total)    
2026-03-09 07:18:36 DVF Vote Aggregator: Found 0 candidate blocks for round 0    
2026-03-09 07:18:36 DVF Vote Aggregator: Vote pool size: 0 votes total    
2026-03-09 07:18:36 💤 Idle (2 peers), best: #25 (0xc299…f4af), finalized #20 (0x2158…e3a8), ⬇ 1.9kiB/s ⬆ 1.9kiB/s    
2026-03-09 07:18:37 DVF Vote Aggregator: ===== Checking vote accumulation for round 0 =====    
2026-03-09 07:18:37 DVF Vote Aggregator: Total weight: 24000000000000240000, Finality threshold: 16080000000000160800 (67% of total)    
2026-03-09 07:18:37 DVF Vote Aggregator: Found 0 candidate blocks for round 0    
2026-03-09 07:18:37 DVF Vote Aggregator: Vote pool size: 0 votes total    
2026-03-09 07:18:38 DCF Verifier: Block #26 verification passed    
2026-03-09 07:18:38 DCF: Finality advanced from 24 to 25 in epoch 0    
2026-03-09 07:18:38 DCF: Progressive finalization advanced to block 25    
2026-03-09 07:18:38 🏆 Imported #26 (0xc299…f4af → 0xd8b8…0e67)    
2026-03-09 07:18:38 DVF Vote Aggregator: ===== Checking vote accumulation for round 0 =====    
2026-03-09 07:18:38 DVF Vote Aggregator: Total weight: 24000000000000240000, Finality threshold: 16080000000000160800 (67% of total)    
2026-03-09 07:18:38 DVF Vote Aggregator: Found 0 candidate blocks for round 0    
2026-03-09 07:18:38 DVF Vote Aggregator: Vote pool size: 0 votes total    
[2026-03-22T07:18:33.699Z] [ThreadId(5)] ============== [CBC-TRACE] 66. [service.rs::dvf-finality-sync] DVF finalized block retrieved (block 0) ==============
[2026-03-22T07:18:33.699Z] [ThreadId(5)] ============== [CBC-TRACE] 67. [service.rs::dvf-finality-sync] Client finalized block retrieved (block 20) ==============
[2026-03-22T07:18:33.787Z] [ThreadId(5)] ============== [CBC-TRACE] 40. [dcf.rs::run] Consensus loop iteration started for block 24 ==============
[2026-03-22T07:18:33.787Z] [ThreadId(5)] ============== [CBC-TRACE] 41. [dcf.rs::run] Active validators retrieved: 3 validators ==============
[2026-03-22T07:18:33.787Z] [ThreadId(5)] ============== [CBC-TRACE] 42. [dcf.rs::run] Author selection for block 24 started ==============
[2026-03-22T07:18:33.787Z] [ThreadId(5)] ============== [CBC-TRACE] 43. [dcf.rs::run] Expected author selected: 88dc3417d5058ec4b4503e0c12ea1a0a89be200fe98922423d4334014fa6b0ee (5FA9nQDV...) (method: runtime_deterministic) ==============
[2026-03-22T07:18:33.787Z] [ThreadId(5)] ============== [CBC-TRACE] 44. [dcf.rs::run] Block production triggered for block 24 ==============
[2026-03-22T07:18:33.787Z] [ThreadId(5)] ============== [CBC-TRACE] 45. [proposer_factory.rs::create_complete_block] Proposer factory create_complete_block entered ==============
[2026-03-22T07:18:33.787Z] [ThreadId(5)] ============== [CBC-TRACE] 46. [proposer_factory.rs::create_complete_block] Inherent data generated ==============
[2026-03-22T07:18:33.787Z] [ThreadId(5)] ============== [CBC-TRACE] 47. [proposer_factory.rs::create_complete_block] Transactions harvested from mempool (0 transactions) ==============
[2026-03-22T07:18:33.787Z] [ThreadId(5)] ============== [CBC-TRACE] 48. [proposer_factory.rs::create_complete_block] PreRuntime author digest added to header ==============
[2026-03-22T07:18:33.787Z] [ThreadId(5)] ============== [CBC-TRACE] 49. [proposer_factory.rs::create_complete_block] Substrate build_block executing ==============
[2026-03-22T07:18:33.788Z] [ThreadId(5)] ============== [CBC-TRACE] 50. [proposer_factory.rs::build_block_with_state_root] State root computed for block 24 ==============
[2026-03-22T07:18:33.788Z] [ThreadId(5)] ============== [CBC-TRACE] 51. [proposer_factory.rs::build_block_with_state_root] Block 24 sealed successfully ==============
[2026-03-22T07:18:33.788Z] [ThreadId(5)] ============== [CBC-TRACE] 52. [proposer_factory.rs::create_complete_block] Block 24 dispatched to import pipeline ==============
[2026-03-22T07:18:33.789Z] [ThreadId(5)] ============== [CBC-TRACE] 53. [dcf.rs::update_consensus_state] Consensus state updated after block production (block: 24, slot: 8, total: 8) ==============
[2026-03-22T07:18:33.789Z] [ThreadId(5)] ============== [CBC-TRACE] 54. [dcf.rs::update_consensus_state] Author scores updated - PoS: 10000000000000000, PoI: 80, Combined: 100, Trust: 7612, Uptime: 100, Inferences: 0, Participation: 100%, Missed: 0 ==============
[2026-03-22T07:18:39.702Z] [ThreadId(5)] ============== [CBC-TRACE] 65. [service.rs::dvf-finality-sync] Finality check iteration started ==============
2026-03-09 07:18:39 DVF Vote Aggregator: ===== Checking vote accumulation for round 0 =====    
2026-03-09 07:18:39 DVF Vote Aggregator: Total weight: 24000000000000240000, Finality threshold: 16080000000000160800 (67% of total)    
2026-03-09 07:18:39 DVF Vote Aggregator: Found 0 candidate blocks for round 0    
2026-03-09 07:18:39 DVF Vote Aggregator: Vote pool size: 0 votes total    
2026-03-09 07:18:39 Client finalized head (#20) is ahead of DVF finalized head (#0)!    
2026-03-09 07:18:39 DCF: Finality advanced from 25 to 26 in epoch 0    
2026-03-09 07:18:39 DCF: Progressive finalization advanced to block 26    
2026-03-09 07:18:39 ProposerFactory: Successfully created block #27 with 1 extrinsics    
2026-03-09 07:18:39 DCF: Finality advanced from 25 to 26 in epoch 0    
2026-03-09 07:18:39 DCF: Progressive finalization advanced to block 26    
2026-03-09 07:18:39 🏆 Imported #27 (0xd8b8…0e67 → 0x4ff8…8062)    
2026-03-09 07:18:40 DVF Vote Aggregator: ===== Checking vote accumulation for round 0 =====    
2026-03-09 07:18:40 DVF Vote Aggregator: Total weight: 24000000000000240000, Finality threshold: 16080000000000160800 (67% of total)    
2026-03-09 07:18:40 DVF Vote Aggregator: Found 0 candidate blocks for round 0    
2026-03-09 07:18:40 DVF Vote Aggregator: Vote pool size: 0 votes total    
2026-03-09 07:18:41 DVF Vote Aggregator: ===== Checking vote accumulation for round 0 =====    
2026-03-09 07:18:41 DVF Vote Aggregator: Total weight: 24000000000000240000, Finality threshold: 16080000000000160800 (67% of total)    
2026-03-09 07:18:41 DVF Vote Aggregator: Found 0 candidate blocks for round 0    
2026-03-09 07:18:41 DVF Vote Aggregator: Vote pool size: 0 votes total    
2026-03-09 07:18:41 💤 Idle (2 peers), best: #27 (0x4ff8…8062), finalized #20 (0x2158…e3a8), ⬇ 2.3kiB/s ⬆ 2.5kiB/s    
2026-03-09 07:18:41 DCF Verifier: Block #28 verification passed    
2026-03-09 07:18:41 DCF: Finality advanced from 26 to 27 in epoch 0    
2026-03-09 07:18:41 DCF: Progressive finalization advanced to block 27    
2026-03-09 07:18:41 🏆 Imported #28 (0x4ff8…8062 → 0x5a83…7a9f)    
2026-03-09 07:18:42 DVF Vote Aggregator: ===== Checking vote accumulation for round 0 =====    
2026-03-09 07:18:42 DVF Vote Aggregator: Total weight: 24000000000000240000, Finality threshold: 16080000000000160800 (67% of total)    
2026-03-09 07:18:42 DVF Vote Aggregator: Found 0 candidate blocks for round 0    
2026-03-09 07:18:42 DVF Vote Aggregator: Vote pool size: 0 votes total    
2026-03-09 07:18:43 DVF Vote Aggregator: ===== Checking vote accumulation for round 0 =====    
2026-03-09 07:18:43 DVF Vote Aggregator: Total weight: 24000000000000240000, Finality threshold: 16080000000000160800 (67% of total)    
2026-03-09 07:18:43 DVF Vote Aggregator: Found 0 candidate blocks for round 0    
2026-03-09 07:18:43 DVF Vote Aggregator: Vote pool size: 0 votes total    
2026-03-09 07:18:44 DCF Verifier: Block #29 verification passed    
2026-03-09 07:18:44 DCF: Finality advanced from 27 to 28 in epoch 0    
2026-03-09 07:18:44 DCF: Progressive finalization advanced to block 28    
2026-03-09 07:18:44 🏆 Imported #29 (0x5a83…7a9f → 0x4bbd…66e3)    
2026-03-09 07:18:44 DVF Vote Aggregator: ===== Checking vote accumulation for round 0 =====    
2026-03-09 07:18:44 DVF Vote Aggregator: Total weight: 24000000000000240000, Finality threshold: 16080000000000160800 (67% of total)    
2026-03-09 07:18:44 DVF Vote Aggregator: Found 0 candidate blocks for round 0    
2026-03-09 07:18:44 DVF Vote Aggregator: Vote pool size: 0 votes total    
[2026-03-22T07:18:39.702Z] [ThreadId(5)] ============== [CBC-TRACE] 66. [service.rs::dvf-finality-sync] DVF finalized block retrieved (block 0) ==============
[2026-03-22T07:18:39.702Z] [ThreadId(5)] ============== [CBC-TRACE] 67. [service.rs::dvf-finality-sync] Client finalized block retrieved (block 20) ==============
[2026-03-22T07:18:39.796Z] [ThreadId(5)] ============== [CBC-TRACE] 40. [dcf.rs::run] Consensus loop iteration started for block 27 ==============
[2026-03-22T07:18:39.796Z] [ThreadId(5)] ============== [CBC-TRACE] 41. [dcf.rs::run] Active validators retrieved: 3 validators ==============
[2026-03-22T07:18:39.796Z] [ThreadId(5)] ============== [CBC-TRACE] 42. [dcf.rs::run] Author selection for block 27 started ==============
[2026-03-22T07:18:39.796Z] [ThreadId(5)] ============== [CBC-TRACE] 43. [dcf.rs::run] Expected author selected: 439660b36c6c03afafca027b910b4fecf99801834c62a5e6006f27d978de234f (5DbKjhNL...) (method: runtime_deterministic) ==============
[2026-03-22T07:18:39.796Z] [ThreadId(5)] ============== [CBC-TRACE] 44. [dcf.rs::run] Block production triggered for block 27 ==============
[2026-03-22T07:18:39.796Z] [ThreadId(5)] ============== [CBC-TRACE] 45. [proposer_factory.rs::create_complete_block] Proposer factory create_complete_block entered ==============
[2026-03-22T07:18:39.796Z] [ThreadId(5)] ============== [CBC-TRACE] 46. [proposer_factory.rs::create_complete_block] Inherent data generated ==============
[2026-03-22T07:18:39.796Z] [ThreadId(5)] ============== [CBC-TRACE] 47. [proposer_factory.rs::create_complete_block] Transactions harvested from mempool (0 transactions) ==============
[2026-03-22T07:18:39.796Z] [ThreadId(5)] ============== [CBC-TRACE] 48. [proposer_factory.rs::create_complete_block] PreRuntime author digest added to header ==============
[2026-03-22T07:18:39.796Z] [ThreadId(5)] ============== [CBC-TRACE] 49. [proposer_factory.rs::create_complete_block] Substrate build_block executing ==============
[2026-03-22T07:18:39.797Z] [ThreadId(5)] ============== [CBC-TRACE] 50. [proposer_factory.rs::build_block_with_state_root] State root computed for block 27 ==============
[2026-03-22T07:18:39.797Z] [ThreadId(5)] ============== [CBC-TRACE] 51. [proposer_factory.rs::build_block_with_state_root] Block 27 sealed successfully ==============
[2026-03-22T07:18:39.797Z] [ThreadId(5)] ============== [CBC-TRACE] 52. [proposer_factory.rs::create_complete_block] Block 27 dispatched to import pipeline ==============
[2026-03-22T07:18:39.798Z] [ThreadId(5)] ============== [CBC-TRACE] 53. [dcf.rs::update_consensus_state] Consensus state updated after block production (block: 27, slot: 9, total: 9) ==============
[2026-03-22T07:18:39.798Z] [ThreadId(5)] ============== [CBC-TRACE] 54. [dcf.rs::update_consensus_state] Author scores updated - PoS: 6000000000000000, PoI: 80, Combined: 100, Trust: 7646, Uptime: 100, Inferences: 0, Participation: 100%, Missed: 0 ==============
[2026-03-22T07:18:45.704Z] [ThreadId(6)] ============== [CBC-TRACE] 65. [service.rs::dvf-finality-sync] Finality check iteration started ==============
2026-03-09 07:18:45 DVF Vote Aggregator: ===== Checking vote accumulation for round 0 =====    
2026-03-09 07:18:45 DVF Vote Aggregator: Total weight: 24000000000000240000, Finality threshold: 16080000000000160800 (67% of total)    
2026-03-09 07:18:45 DVF Vote Aggregator: Found 0 candidate blocks for round 0    
2026-03-09 07:18:45 DVF Vote Aggregator: Vote pool size: 0 votes total    
2026-03-09 07:18:45 Client finalized head (#20) is ahead of DVF finalized head (#0)!    
[2026-03-22T07:18:45.704Z] [ThreadId(6)] ============== [CBC-TRACE] 66. [service.rs::dvf-finality-sync] DVF finalized block retrieved (block 0) ==============
[2026-03-22T07:18:45.704Z] [ThreadId(6)] ============== [CBC-TRACE] 67. [service.rs::dvf-finality-sync] Client finalized block retrieved (block 20) ==============
[2026-03-22T07:18:45.806Z] [ThreadId(6)] ============== [CBC-TRACE] 40. [dcf.rs::run] Consensus loop iteration started for block 30 ==============
2026-03-09 07:18:45 DCF: Finality advanced from 28 to 29 in epoch 0    
2026-03-09 07:18:45 DCF: Progressive finalization advanced to block 29    
2026-03-09 07:18:45 ProposerFactory: Successfully created block #30 with 1 extrinsics    
2026-03-09 07:18:45 DCF: Finality advanced from 28 to 29 in epoch 0    
2026-03-09 07:18:45 DCF: Progressive finalization advanced to block 29    
2026-03-09 07:18:45 DVF Vote Creator: Creating vote for block #30 (0x6f6a6fb4cf881fe034a4bee02edc70dfcb68c3130b844c7046eb297f357b7dbc)    
2026-03-09 07:18:45 DCF: Computed PoI score for validator=88dc3417d5058ec4b4503e0c12ea1a0a89be200fe98922423d4334014fa6b0ee (5FA9nQDV...), score=0, block=30    
2026-03-09 07:18:45 DCF: Computed PoI score for validator=d17c2d7823ebf260fd138f2d7e27d114c0145d968b5ff5006125f2414fadae69 (5GoNkf6W...), score=0, block=30    
2026-03-09 07:18:45 DCF: Computed PoI score for validator=439660b36c6c03afafca027b910b4fecf99801834c62a5e6006f27d978de234f (5DbKjhNL...), score=0, block=30    
2026-03-09 07:18:45 DCF off-chain worker completed computation    
2026-03-09 07:18:45 PoS+PoI: Consensus Health - Block: 30, Slot: 10, Validators: 3, Healthy: 3, Avg Score: 97    
2026-03-09 07:18:45 DVF Vote Creator: Vote inserted into local pool successfully    
2026-03-09 07:18:45 DVF Vote Creator: Successfully broadcast vote for block #30 (epoch: 0, round: 0, validator_set: 0)    
2026-03-09 07:18:45 🏆 Imported #30 (0x4bbd…66e3 → 0x6f6a…7dbc)    
2026-03-09 07:18:45 DVF Gossip Validator: Accepted vote for block #30 (0x6f6a6fb4cf881fe034a4bee02edc70dfcb68c3130b844c7046eb297f357b7dbc) from validator 88dc3417d5058ec4b4503e0c12ea1a0a89be200fe98922423d4334014fa6b0ee (5FA9nQDV...) (round: 0, epoch: 0, validator_set: 0)    
2026-03-09 07:18:45 DVF Gossip Validator: Vote inserted into pool successfully    
2026-03-09 07:18:45 DVF Gossip Validator: Accepted vote for block #30 (0x6f6a6fb4cf881fe034a4bee02edc70dfcb68c3130b844c7046eb297f357b7dbc) from validator d17c2d7823ebf260fd138f2d7e27d114c0145d968b5ff5006125f2414fadae69 (5GoNkf6W...) (round: 0, epoch: 0, validator_set: 0)    
2026-03-09 07:18:45 DVF Gossip Validator: Vote inserted into pool successfully    
2026-03-09 07:18:46 DVF Vote Aggregator: ===== Checking vote accumulation for round 0 =====    
2026-03-09 07:18:46 DVF Vote Aggregator: Total weight: 24000000000000240000, Finality threshold: 16080000000000160800 (67% of total)    
2026-03-09 07:18:46 DVF Vote Aggregator: Found 1 candidate blocks for round 0    
2026-03-09 07:18:46 DVF Vote Aggregator: Vote pool size: 3 votes total    
2026-03-09 07:18:46 DVF Vote Aggregator: Found 3 votes for block 0x6f6a6fb4cf881fe034a4bee02edc70dfcb68c3130b844c7046eb297f357b7dbc in round 0    
2026-03-09 07:18:46 DVF Vote Aggregator:   - Validator 439660b36c6c03afafca027b910b4fecf99801834c62a5e6006f27d978de234f (5DbKjhNL...) voted with weight 6000000000000080000    
2026-03-09 07:18:46 DVF Vote Aggregator:   - Validator 88dc3417d5058ec4b4503e0c12ea1a0a89be200fe98922423d4334014fa6b0ee (5FA9nQDV...) voted with weight 10000000000000080000    
2026-03-09 07:18:46 DVF Vote Aggregator:   - Validator d17c2d7823ebf260fd138f2d7e27d114c0145d968b5ff5006125f2414fadae69 (5GoNkf6W...) voted with weight 8000000000000080000    
2026-03-09 07:18:46 DVF Vote Aggregator: Total accumulated weight for block 0x6f6a6fb4cf881fe034a4bee02edc70dfcb68c3130b844c7046eb297f357b7dbc: 24000000000000240000 (from 3 votes)    
2026-03-09 07:18:46 DVF Vote Aggregator: Block 0x6f6a6fb4cf881fe034a4bee02edc70dfcb68c3130b844c7046eb297f357b7dbc has accumulated weight 24000000000000240000 (threshold: 16080000000000160800, reached: true)    
2026-03-09 07:18:46 DVF Vote Aggregator: Block 0x6f6a6fb4cf881fe034a4bee02edc70dfcb68c3130b844c7046eb297f357b7dbc reached finality threshold! Weight: 24000000000000240000, Threshold: 16080000000000160800    
2026-03-09 07:18:46 DVF Vote Aggregator: Triggering justification construction for block 0x6f6a6fb4cf881fe034a4bee02edc70dfcb68c3130b844c7046eb297f357b7dbc (round: 0, weight: 24000000000000240000)    
2026-03-09 07:18:46 DVF Justification Builder: Constructing justification for block 0x6f6a6fb4cf881fe034a4bee02edc70dfcb68c3130b844c7046eb297f357b7dbc in round 0    
2026-03-09 07:18:46 DVF Justification Builder: Selected 2 votes with accumulated weight 18000000000000160000 (threshold: 16080000000000160800)    
2026-03-09 07:18:46 DVF Justification Builder: Constructed justification with 2 votes, accumulated weight 18000000000000160000 (threshold: 16080000000000160800)    
2026-03-09 07:18:46 DVF Justification Builder: Justification constructed for block 0x6f6a6fb4cf881fe034a4bee02edc70dfcb68c3130b844c7046eb297f357b7dbc, round 0, 2 votes, weight 18000000000000160000    
2026-03-09 07:18:46 DVF Vote Aggregator: Successfully constructed justification with 2 votes    
2026-03-09 07:18:46 DVF Vote Aggregator: Justification constructed for block #30 (0x6f6a6fb4cf881fe034a4bee02edc70dfcb68c3130b844c7046eb297f357b7dbc) with 2 votes, weight: 24000000000000240000    
2026-03-09 07:18:46 DVF Vote Aggregator: Encoded justification (389 bytes) for block #30 (0x6f6a6fb4cf881fe034a4bee02edc70dfcb68c3130b844c7046eb297f357b7dbc)    
2026-03-09 07:18:46 DVF Vote Aggregator: Successfully finalized block #30 (0x6f6a6fb4cf881fe034a4bee02edc70dfcb68c3130b844c7046eb297f357b7dbc) with justification    
2026-03-09 07:18:46 DVF Vote Aggregator: Finality latency for round 0: 0.00s    
2026-03-09 07:18:46 💤 Idle (2 peers), best: #30 (0x6f6a…7dbc), finalized #30 (0x6f6a…7dbc), ⬇ 2.1kiB/s ⬆ 2.0kiB/s    
2026-03-09 07:18:47 DVF Vote Aggregator: ===== Checking vote accumulation for round 0 =====    
2026-03-09 07:18:47 DVF Vote Aggregator: Total weight: 24000000000000240000, Finality threshold: 16080000000000160800 (67% of total)    
2026-03-09 07:18:47 DVF Vote Aggregator: Found 1 candidate blocks for round 0    
2026-03-09 07:18:47 DVF Vote Aggregator: Vote pool size: 3 votes total    
2026-03-09 07:18:47 DVF Vote Aggregator: Found 3 votes for block 0x6f6a6fb4cf881fe034a4bee02edc70dfcb68c3130b844c7046eb297f357b7dbc in round 0    
2026-03-09 07:18:47 DVF Vote Aggregator:   - Validator 439660b36c6c03afafca027b910b4fecf99801834c62a5e6006f27d978de234f (5DbKjhNL...) voted with weight 6000000000000080000    
2026-03-09 07:18:47 DVF Vote Aggregator:   - Validator 88dc3417d5058ec4b4503e0c12ea1a0a89be200fe98922423d4334014fa6b0ee (5FA9nQDV...) voted with weight 10000000000000080000    
2026-03-09 07:18:47 DVF Vote Aggregator:   - Validator d17c2d7823ebf260fd138f2d7e27d114c0145d968b5ff5006125f2414fadae69 (5GoNkf6W...) voted with weight 8000000000000080000    
2026-03-09 07:18:47 DVF Vote Aggregator: Total accumulated weight for block 0x6f6a6fb4cf881fe034a4bee02edc70dfcb68c3130b844c7046eb297f357b7dbc: 24000000000000240000 (from 3 votes)    
2026-03-09 07:18:47 DVF Vote Aggregator: Block 0x6f6a6fb4cf881fe034a4bee02edc70dfcb68c3130b844c7046eb297f357b7dbc has accumulated weight 24000000000000240000 (threshold: 16080000000000160800, reached: true)    
2026-03-09 07:18:47 DVF Vote Aggregator: Block 0x6f6a6fb4cf881fe034a4bee02edc70dfcb68c3130b844c7046eb297f357b7dbc reached finality threshold! Weight: 24000000000000240000, Threshold: 16080000000000160800    
2026-03-09 07:18:47 DVF Vote Aggregator: Triggering justification construction for block 0x6f6a6fb4cf881fe034a4bee02edc70dfcb68c3130b844c7046eb297f357b7dbc (round: 0, weight: 24000000000000240000)    
2026-03-09 07:18:47 DVF Justification Builder: Constructing justification for block 0x6f6a6fb4cf881fe034a4bee02edc70dfcb68c3130b844c7046eb297f357b7dbc in round 0    
2026-03-09 07:18:47 DVF Justification Builder: Selected 2 votes with accumulated weight 18000000000000160000 (threshold: 16080000000000160800)    
2026-03-09 07:18:47 DVF Justification Builder: Constructed justification with 2 votes, accumulated weight 18000000000000160000 (threshold: 16080000000000160800)    
2026-03-09 07:18:47 DVF Justification Builder: Justification constructed for block 0x6f6a6fb4cf881fe034a4bee02edc70dfcb68c3130b844c7046eb297f357b7dbc, round 0, 2 votes, weight 18000000000000160000    
2026-03-09 07:18:47 DVF Vote Aggregator: Successfully constructed justification with 2 votes    
2026-03-09 07:18:47 DVF Vote Aggregator: Justification constructed for block #30 (0x6f6a6fb4cf881fe034a4bee02edc70dfcb68c3130b844c7046eb297f357b7dbc) with 2 votes, weight: 24000000000000240000    
2026-03-09 07:18:47 DVF Vote Aggregator: Encoded justification (389 bytes) for block #30 (0x6f6a6fb4cf881fe034a4bee02edc70dfcb68c3130b844c7046eb297f357b7dbc)    
2026-03-09 07:18:47 Possible safety violation: attempted to re-finalize last finalized block 0x6f6a6fb4cf881fe034a4bee02edc70dfcb68c3130b844c7046eb297f357b7dbc     
2026-03-09 07:18:47 DVF Vote Aggregator: Successfully finalized block #30 (0x6f6a6fb4cf881fe034a4bee02edc70dfcb68c3130b844c7046eb297f357b7dbc) with justification    
2026-03-09 07:18:47 DVF Vote Aggregator: Finality latency for round 0: 0.00s    
2026-03-09 07:18:47 DCF Verifier: Block #31 verification passed    
2026-03-09 07:18:47 DCF: Finality advanced from 29 to 30 in epoch 0    
2026-03-09 07:18:47 DCF: Progressive finalization advanced to block 30    
2026-03-09 07:18:47 🏆 Imported #31 (0x6f6a…7dbc → 0xd37a…ef94)    
2026-03-09 07:18:48 DVF Vote Aggregator: ===== Checking vote accumulation for round 0 =====    
2026-03-09 07:18:48 DVF Vote Aggregator: Total weight: 24000000000000240000, Finality threshold: 16080000000000160800 (67% of total)    
2026-03-09 07:18:48 DVF Vote Aggregator: Found 1 candidate blocks for round 0    
2026-03-09 07:18:48 DVF Vote Aggregator: Vote pool size: 3 votes total    
2026-03-09 07:18:48 DVF Vote Aggregator: Found 3 votes for block 0x6f6a6fb4cf881fe034a4bee02edc70dfcb68c3130b844c7046eb297f357b7dbc in round 0    
2026-03-09 07:18:48 DVF Vote Aggregator:   - Validator 439660b36c6c03afafca027b910b4fecf99801834c62a5e6006f27d978de234f (5DbKjhNL...) voted with weight 6000000000000080000    
2026-03-09 07:18:48 DVF Vote Aggregator:   - Validator 88dc3417d5058ec4b4503e0c12ea1a0a89be200fe98922423d4334014fa6b0ee (5FA9nQDV...) voted with weight 10000000000000080000    
2026-03-09 07:18:48 DVF Vote Aggregator:   - Validator d17c2d7823ebf260fd138f2d7e27d114c0145d968b5ff5006125f2414fadae69 (5GoNkf6W...) voted with weight 8000000000000080000    
2026-03-09 07:18:48 DVF Vote Aggregator: Total accumulated weight for block 0x6f6a6fb4cf881fe034a4bee02edc70dfcb68c3130b844c7046eb297f357b7dbc: 24000000000000240000 (from 3 votes)    
2026-03-09 07:18:48 DVF Vote Aggregator: Block 0x6f6a6fb4cf881fe034a4bee02edc70dfcb68c3130b844c7046eb297f357b7dbc has accumulated weight 24000000000000240000 (threshold: 16080000000000160800, reached: true)    
2026-03-09 07:18:48 DVF Vote Aggregator: Block 0x6f6a6fb4cf881fe034a4bee02edc70dfcb68c3130b844c7046eb297f357b7dbc reached finality threshold! Weight: 24000000000000240000, Threshold: 16080000000000160800    
2026-03-09 07:18:48 DVF Vote Aggregator: Triggering justification construction for block 0x6f6a6fb4cf881fe034a4bee02edc70dfcb68c3130b844c7046eb297f357b7dbc (round: 0, weight: 24000000000000240000)    
2026-03-09 07:18:48 DVF Justification Builder: Constructing justification for block 0x6f6a6fb4cf881fe034a4bee02edc70dfcb68c3130b844c7046eb297f357b7dbc in round 0    
2026-03-09 07:18:48 DVF Justification Builder: Selected 2 votes with accumulated weight 18000000000000160000 (threshold: 16080000000000160800)    
2026-03-09 07:18:48 DVF Justification Builder: Constructed justification with 2 votes, accumulated weight 18000000000000160000 (threshold: 16080000000000160800)    
2026-03-09 07:18:48 DVF Justification Builder: Justification constructed for block 0x6f6a6fb4cf881fe034a4bee02edc70dfcb68c3130b844c7046eb297f357b7dbc, round 0, 2 votes, weight 18000000000000160000    
2026-03-09 07:18:48 DVF Vote Aggregator: Successfully constructed justification with 2 votes    
2026-03-09 07:18:48 DVF Vote Aggregator: Justification constructed for block #30 (0x6f6a6fb4cf881fe034a4bee02edc70dfcb68c3130b844c7046eb297f357b7dbc) with 2 votes, weight: 24000000000000240000    
2026-03-09 07:18:48 DVF Vote Aggregator: Encoded justification (389 bytes) for block #30 (0x6f6a6fb4cf881fe034a4bee02edc70dfcb68c3130b844c7046eb297f357b7dbc)    
2026-03-09 07:18:48 Possible safety violation: attempted to re-finalize last finalized block 0x6f6a6fb4cf881fe034a4bee02edc70dfcb68c3130b844c7046eb297f357b7dbc     
2026-03-09 07:18:48 DVF Vote Aggregator: Successfully finalized block #30 (0x6f6a6fb4cf881fe034a4bee02edc70dfcb68c3130b844c7046eb297f357b7dbc) with justification    
2026-03-09 07:18:48 DVF Vote Aggregator: Finality latency for round 0: 0.00s    
2026-03-09 07:18:49 DVF Vote Aggregator: ===== Checking vote accumulation for round 0 =====    
2026-03-09 07:18:49 DVF Vote Aggregator: Total weight: 24000000000000240000, Finality threshold: 16080000000000160800 (67% of total)    
2026-03-09 07:18:49 DVF Vote Aggregator: Found 1 candidate blocks for round 0    
2026-03-09 07:18:49 DVF Vote Aggregator: Vote pool size: 3 votes total    
2026-03-09 07:18:49 DVF Vote Aggregator: Found 3 votes for block 0x6f6a6fb4cf881fe034a4bee02edc70dfcb68c3130b844c7046eb297f357b7dbc in round 0    
2026-03-09 07:18:49 DVF Vote Aggregator:   - Validator 439660b36c6c03afafca027b910b4fecf99801834c62a5e6006f27d978de234f (5DbKjhNL...) voted with weight 6000000000000080000    
2026-03-09 07:18:49 DVF Vote Aggregator:   - Validator 88dc3417d5058ec4b4503e0c12ea1a0a89be200fe98922423d4334014fa6b0ee (5FA9nQDV...) voted with weight 10000000000000080000    
2026-03-09 07:18:49 DVF Vote Aggregator:   - Validator d17c2d7823ebf260fd138f2d7e27d114c0145d968b5ff5006125f2414fadae69 (5GoNkf6W...) voted with weight 8000000000000080000    
2026-03-09 07:18:49 DVF Vote Aggregator: Total accumulated weight for block 0x6f6a6fb4cf881fe034a4bee02edc70dfcb68c3130b844c7046eb297f357b7dbc: 24000000000000240000 (from 3 votes)    
2026-03-09 07:18:49 DVF Vote Aggregator: Block 0x6f6a6fb4cf881fe034a4bee02edc70dfcb68c3130b844c7046eb297f357b7dbc has accumulated weight 24000000000000240000 (threshold: 16080000000000160800, reached: true)    
2026-03-09 07:18:49 DVF Vote Aggregator: Block 0x6f6a6fb4cf881fe034a4bee02edc70dfcb68c3130b844c7046eb297f357b7dbc reached finality threshold! Weight: 24000000000000240000, Threshold: 16080000000000160800    
2026-03-09 07:18:49 DVF Vote Aggregator: Triggering justification construction for block 0x6f6a6fb4cf881fe034a4bee02edc70dfcb68c3130b844c7046eb297f357b7dbc (round: 0, weight: 24000000000000240000)    
2026-03-09 07:18:49 DVF Justification Builder: Constructing justification for block 0x6f6a6fb4cf881fe034a4bee02edc70dfcb68c3130b844c7046eb297f357b7dbc in round 0    
2026-03-09 07:18:49 DVF Justification Builder: Selected 2 votes with accumulated weight 18000000000000160000 (threshold: 16080000000000160800)    
2026-03-09 07:18:49 DVF Justification Builder: Constructed justification with 2 votes, accumulated weight 18000000000000160000 (threshold: 16080000000000160800)    
2026-03-09 07:18:49 DVF Justification Builder: Justification constructed for block 0x6f6a6fb4cf881fe034a4bee02edc70dfcb68c3130b844c7046eb297f357b7dbc, round 0, 2 votes, weight 18000000000000160000    
2026-03-09 07:18:49 DVF Vote Aggregator: Successfully constructed justification with 2 votes    
2026-03-09 07:18:49 DVF Vote Aggregator: Justification constructed for block #30 (0x6f6a6fb4cf881fe034a4bee02edc70dfcb68c3130b844c7046eb297f357b7dbc) with 2 votes, weight: 24000000000000240000    
2026-03-09 07:18:49 DVF Vote Aggregator: Encoded justification (389 bytes) for block #30 (0x6f6a6fb4cf881fe034a4bee02edc70dfcb68c3130b844c7046eb297f357b7dbc)    
2026-03-09 07:18:49 Possible safety violation: attempted to re-finalize last finalized block 0x6f6a6fb4cf881fe034a4bee02edc70dfcb68c3130b844c7046eb297f357b7dbc     
2026-03-09 07:18:49 DVF Vote Aggregator: Successfully finalized block #30 (0x6f6a6fb4cf881fe034a4bee02edc70dfcb68c3130b844c7046eb297f357b7dbc) with justification    
2026-03-09 07:18:49 DVF Vote Aggregator: Finality latency for round 0: 0.00s    
2026-03-09 07:18:50 DCF Verifier: Block #32 verification passed    
2026-03-09 07:18:50 DCF: Finality advanced from 30 to 31 in epoch 0    
2026-03-09 07:18:50 DCF: Progressive finalization advanced to block 31    
2026-03-09 07:18:50 🏆 Imported #32 (0xd37a…ef94 → 0xed39…5925)    
2026-03-09 07:18:50 DVF Vote Aggregator: ===== Checking vote accumulation for round 0 =====    
2026-03-09 07:18:50 DVF Vote Aggregator: Total weight: 24000000000000240000, Finality threshold: 16080000000000160800 (67% of total)    
2026-03-09 07:18:50 DVF Vote Aggregator: Found 1 candidate blocks for round 0    
2026-03-09 07:18:50 DVF Vote Aggregator: Vote pool size: 3 votes total    
2026-03-09 07:18:50 DVF Vote Aggregator: Found 3 votes for block 0x6f6a6fb4cf881fe034a4bee02edc70dfcb68c3130b844c7046eb297f357b7dbc in round 0    
2026-03-09 07:18:50 DVF Vote Aggregator:   - Validator 439660b36c6c03afafca027b910b4fecf99801834c62a5e6006f27d978de234f (5DbKjhNL...) voted with weight 6000000000000080000    
2026-03-09 07:18:50 DVF Vote Aggregator:   - Validator 88dc3417d5058ec4b4503e0c12ea1a0a89be200fe98922423d4334014fa6b0ee (5FA9nQDV...) voted with weight 10000000000000080000    
2026-03-09 07:18:50 DVF Vote Aggregator:   - Validator d17c2d7823ebf260fd138f2d7e27d114c0145d968b5ff5006125f2414fadae69 (5GoNkf6W...) voted with weight 8000000000000080000    
2026-03-09 07:18:50 DVF Vote Aggregator: Total accumulated weight for block 0x6f6a6fb4cf881fe034a4bee02edc70dfcb68c3130b844c7046eb297f357b7dbc: 24000000000000240000 (from 3 votes)    
2026-03-09 07:18:50 DVF Vote Aggregator: Block 0x6f6a6fb4cf881fe034a4bee02edc70dfcb68c3130b844c7046eb297f357b7dbc has accumulated weight 24000000000000240000 (threshold: 16080000000000160800, reached: true)    
2026-03-09 07:18:50 DVF Vote Aggregator: Block 0x6f6a6fb4cf881fe034a4bee02edc70dfcb68c3130b844c7046eb297f357b7dbc reached finality threshold! Weight: 24000000000000240000, Threshold: 16080000000000160800    
2026-03-09 07:18:50 DVF Vote Aggregator: Triggering justification construction for block 0x6f6a6fb4cf881fe034a4bee02edc70dfcb68c3130b844c7046eb297f357b7dbc (round: 0, weight: 24000000000000240000)    
2026-03-09 07:18:50 DVF Justification Builder: Constructing justification for block 0x6f6a6fb4cf881fe034a4bee02edc70dfcb68c3130b844c7046eb297f357b7dbc in round 0    
2026-03-09 07:18:50 DVF Justification Builder: Selected 2 votes with accumulated weight 18000000000000160000 (threshold: 16080000000000160800)    
2026-03-09 07:18:50 DVF Justification Builder: Constructed justification with 2 votes, accumulated weight 18000000000000160000 (threshold: 16080000000000160800)    
2026-03-09 07:18:50 DVF Justification Builder: Justification constructed for block 0x6f6a6fb4cf881fe034a4bee02edc70dfcb68c3130b844c7046eb297f357b7dbc, round 0, 2 votes, weight 18000000000000160000    
2026-03-09 07:18:50 DVF Vote Aggregator: Successfully constructed justification with 2 votes    
2026-03-09 07:18:50 DVF Vote Aggregator: Justification constructed for block #30 (0x6f6a6fb4cf881fe034a4bee02edc70dfcb68c3130b844c7046eb297f357b7dbc) with 2 votes, weight: 24000000000000240000    
2026-03-09 07:18:50 DVF Vote Aggregator: Encoded justification (389 bytes) for block #30 (0x6f6a6fb4cf881fe034a4bee02edc70dfcb68c3130b844c7046eb297f357b7dbc)    
2026-03-09 07:18:50 Possible safety violation: attempted to re-finalize last finalized block 0x6f6a6fb4cf881fe034a4bee02edc70dfcb68c3130b844c7046eb297f357b7dbc     
2026-03-09 07:18:50 DVF Vote Aggregator: Successfully finalized block #30 (0x6f6a6fb4cf881fe034a4bee02edc70dfcb68c3130b844c7046eb297f357b7dbc) with justification    
2026-03-09 07:18:50 DVF Vote Aggregator: Finality latency for round 0: 0.00s    
2026-03-09 07:18:51 DVF Vote Aggregator: ===== Checking vote accumulation for round 0 =====    
2026-03-09 07:18:51 DVF Vote Aggregator: Total weight: 24000000000000240000, Finality threshold: 16080000000000160800 (67% of total)    
2026-03-09 07:18:51 DVF Vote Aggregator: Found 1 candidate blocks for round 0    
2026-03-09 07:18:51 DVF Vote Aggregator: Vote pool size: 3 votes total    
2026-03-09 07:18:51 DVF Vote Aggregator: Found 3 votes for block 0x6f6a6fb4cf881fe034a4bee02edc70dfcb68c3130b844c7046eb297f357b7dbc in round 0    
2026-03-09 07:18:51 DVF Vote Aggregator:   - Validator 439660b36c6c03afafca027b910b4fecf99801834c62a5e6006f27d978de234f (5DbKjhNL...) voted with weight 6000000000000080000    
2026-03-09 07:18:51 DVF Vote Aggregator:   - Validator 88dc3417d5058ec4b4503e0c12ea1a0a89be200fe98922423d4334014fa6b0ee (5FA9nQDV...) voted with weight 10000000000000080000    
2026-03-09 07:18:51 DVF Vote Aggregator:   - Validator d17c2d7823ebf260fd138f2d7e27d114c0145d968b5ff5006125f2414fadae69 (5GoNkf6W...) voted with weight 8000000000000080000    
2026-03-09 07:18:51 DVF Vote Aggregator: Total accumulated weight for block 0x6f6a6fb4cf881fe034a4bee02edc70dfcb68c3130b844c7046eb297f357b7dbc: 24000000000000240000 (from 3 votes)    
2026-03-09 07:18:51 DVF Vote Aggregator: Block 0x6f6a6fb4cf881fe034a4bee02edc70dfcb68c3130b844c7046eb297f357b7dbc has accumulated weight 24000000000000240000 (threshold: 16080000000000160800, reached: true)    
2026-03-09 07:18:51 DVF Vote Aggregator: Block 0x6f6a6fb4cf881fe034a4bee02edc70dfcb68c3130b844c7046eb297f357b7dbc reached finality threshold! Weight: 24000000000000240000, Threshold: 16080000000000160800    
2026-03-09 07:18:51 DVF Vote Aggregator: Triggering justification construction for block 0x6f6a6fb4cf881fe034a4bee02edc70dfcb68c3130b844c7046eb297f357b7dbc (round: 0, weight: 24000000000000240000)    
2026-03-09 07:18:51 DVF Justification Builder: Constructing justification for block 0x6f6a6fb4cf881fe034a4bee02edc70dfcb68c3130b844c7046eb297f357b7dbc in round 0    
2026-03-09 07:18:51 DVF Justification Builder: Selected 2 votes with accumulated weight 18000000000000160000 (threshold: 16080000000000160800)    
2026-03-09 07:18:51 DVF Justification Builder: Constructed justification with 2 votes, accumulated weight 18000000000000160000 (threshold: 16080000000000160800)    
2026-03-09 07:18:51 DVF Justification Builder: Justification constructed for block 0x6f6a6fb4cf881fe034a4bee02edc70dfcb68c3130b844c7046eb297f357b7dbc, round 0, 2 votes, weight 18000000000000160000    
2026-03-09 07:18:51 DVF Vote Aggregator: Successfully constructed justification with 2 votes    
2026-03-09 07:18:51 DVF Vote Aggregator: Justification constructed for block #30 (0x6f6a6fb4cf881fe034a4bee02edc70dfcb68c3130b844c7046eb297f357b7dbc) with 2 votes, weight: 24000000000000240000    
2026-03-09 07:18:51 DVF Vote Aggregator: Encoded justification (389 bytes) for block #30 (0x6f6a6fb4cf881fe034a4bee02edc70dfcb68c3130b844c7046eb297f357b7dbc)    
2026-03-09 07:18:51 Possible safety violation: attempted to re-finalize last finalized block 0x6f6a6fb4cf881fe034a4bee02edc70dfcb68c3130b844c7046eb297f357b7dbc     
2026-03-09 07:18:51 DVF Vote Aggregator: Successfully finalized block #30 (0x6f6a6fb4cf881fe034a4bee02edc70dfcb68c3130b844c7046eb297f357b7dbc) with justification    
2026-03-09 07:18:51 DVF Vote Aggregator: Finality latency for round 0: 0.00s    
[2026-03-22T07:18:45.806Z] [ThreadId(6)] ============== [CBC-TRACE] 41. [dcf.rs::run] Active validators retrieved: 3 validators ==============
[2026-03-22T07:18:45.806Z] [ThreadId(6)] ============== [CBC-TRACE] 42. [dcf.rs::run] Author selection for block 30 started ==============
[2026-03-22T07:18:45.806Z] [ThreadId(6)] ============== [CBC-TRACE] 43. [dcf.rs::run] Expected author selected: 88dc3417d5058ec4b4503e0c12ea1a0a89be200fe98922423d4334014fa6b0ee (5FA9nQDV...) (method: runtime_deterministic) ==============
[2026-03-22T07:18:45.806Z] [ThreadId(6)] ============== [CBC-TRACE] 44. [dcf.rs::run] Block production triggered for block 30 ==============
[2026-03-22T07:18:45.806Z] [ThreadId(6)] ============== [CBC-TRACE] 45. [proposer_factory.rs::create_complete_block] Proposer factory create_complete_block entered ==============
[2026-03-22T07:18:45.806Z] [ThreadId(6)] ============== [CBC-TRACE] 46. [proposer_factory.rs::create_complete_block] Inherent data generated ==============
[2026-03-22T07:18:45.807Z] [ThreadId(6)] ============== [CBC-TRACE] 47. [proposer_factory.rs::create_complete_block] Transactions harvested from mempool (0 transactions) ==============
[2026-03-22T07:18:45.807Z] [ThreadId(6)] ============== [CBC-TRACE] 48. [proposer_factory.rs::create_complete_block] PreRuntime author digest added to header ==============
[2026-03-22T07:18:45.807Z] [ThreadId(6)] ============== [CBC-TRACE] 49. [proposer_factory.rs::create_complete_block] Substrate build_block executing ==============
[2026-03-22T07:18:45.807Z] [ThreadId(6)] ============== [CBC-TRACE] 50. [proposer_factory.rs::build_block_with_state_root] State root computed for block 30 ==============
[2026-03-22T07:18:45.807Z] [ThreadId(6)] ============== [CBC-TRACE] 51. [proposer_factory.rs::build_block_with_state_root] Block 30 sealed successfully ==============
[2026-03-22T07:18:45.807Z] [ThreadId(6)] ============== [CBC-TRACE] 52. [proposer_factory.rs::create_complete_block] Block 30 dispatched to import pipeline ==============
[2026-03-22T07:18:45.808Z] [ThreadId(6)] ============== [CBC-TRACE] 53. [dcf.rs::update_consensus_state] Consensus state updated after block production (block: 30, slot: 10, total: 10) ==============
[2026-03-22T07:18:45.809Z] [ThreadId(6)] ============== [CBC-TRACE] 54. [dcf.rs::update_consensus_state] Author scores updated - PoS: 10000000000000000, PoI: 80, Combined: 100, Trust: 7622, Uptime: 100, Inferences: 0, Participation: 100%, Missed: 0 ==============
[2026-03-22T07:18:51.706Z] [ThreadId(5)] ============== [CBC-TRACE] 65. [service.rs::dvf-finality-sync] Finality check iteration started ==============
2026-03-09 07:18:51 💤 Idle (2 peers), best: #32 (0xed39…5925), finalized #30 (0x6f6a…7dbc), ⬇ 3.5kiB/s ⬆ 3.4kiB/s    
2026-03-09 07:18:51 Client finalized head (#30) is ahead of DVF finalized head (#0)!    
[2026-03-22T07:18:51.706Z] [ThreadId(5)] ============== [CBC-TRACE] 66. [service.rs::dvf-finality-sync] DVF finalized block retrieved (block 0) ==============
[2026-03-22T07:18:51.706Z] [ThreadId(5)] ============== [CBC-TRACE] 67. [service.rs::dvf-finality-sync] Client finalized block retrieved (block 30) ==============
[2026-03-22T07:18:51.826Z] [ThreadId(5)] ============== [CBC-TRACE] 40. [dcf.rs::run] Consensus loop iteration started for block 33 ==============
2026-03-09 07:18:51 DCF: Finality advanced from 31 to 32 in epoch 0    
2026-03-09 07:18:51 DCF: Progressive finalization advanced to block 32    
2026-03-09 07:18:51 ProposerFactory: Successfully created block #33 with 1 extrinsics    
2026-03-09 07:18:51 DCF: Finality advanced from 31 to 32 in epoch 0    
2026-03-09 07:18:51 DCF: Progressive finalization advanced to block 32    
2026-03-09 07:18:51 🏆 Imported #33 (0xed39…5925 → 0x6a32…583d)    
2026-03-09 07:18:52 DVF Vote Aggregator: ===== Checking vote accumulation for round 0 =====    
2026-03-09 07:18:52 DVF Vote Aggregator: Total weight: 24000000000000240000, Finality threshold: 16080000000000160800 (67% of total)    
2026-03-09 07:18:52 DVF Vote Aggregator: Found 0 candidate blocks for round 0    
2026-03-09 07:18:52 DVF Vote Aggregator: Vote pool size: 0 votes total    
2026-03-09 07:18:53 DVF Vote Aggregator: ===== Checking vote accumulation for round 0 =====    
2026-03-09 07:18:53 DVF Vote Aggregator: Total weight: 24000000000000240000, Finality threshold: 16080000000000160800 (67% of total)    
2026-03-09 07:18:53 DVF Vote Aggregator: Found 0 candidate blocks for round 0    
2026-03-09 07:18:53 DVF Vote Aggregator: Vote pool size: 0 votes total    
2026-03-09 07:18:53 DCF Verifier: Block #34 verification passed    
2026-03-09 07:18:53 DCF: Finality advanced from 32 to 33 in epoch 0    
2026-03-09 07:18:53 DCF: Progressive finalization advanced to block 33    
2026-03-09 07:18:53 🏆 Imported #34 (0x6a32…583d → 0x87d3…c2f3)    
2026-03-09 07:18:54 DVF Vote Aggregator: ===== Checking vote accumulation for round 0 =====    
2026-03-09 07:18:54 DVF Vote Aggregator: Total weight: 24000000000000240000, Finality threshold: 16080000000000160800 (67% of total)    
2026-03-09 07:18:54 DVF Vote Aggregator: Found 0 candidate blocks for round 0    
2026-03-09 07:18:54 DVF Vote Aggregator: Vote pool size: 0 votes total    
2026-03-09 07:18:55 DVF Vote Aggregator: ===== Checking vote accumulation for round 0 =====    
2026-03-09 07:18:55 DVF Vote Aggregator: Total weight: 24000000000000240000, Finality threshold: 16080000000000160800 (67% of total)    
2026-03-09 07:18:55 DVF Vote Aggregator: Found 0 candidate blocks for round 0    
2026-03-09 07:18:55 DVF Vote Aggregator: Vote pool size: 0 votes total    
2026-03-09 07:18:56 DCF Verifier: Block #35 verification passed    
2026-03-09 07:18:56 DCF: Finality advanced from 33 to 34 in epoch 0    
2026-03-09 07:18:56 DCF: Progressive finalization advanced to block 34    
2026-03-09 07:18:56 🏆 Imported #35 (0x87d3…c2f3 → 0x97b3…3c11)    
2026-03-09 07:18:56 DCF: Computed PoI score for validator=88dc3417d5058ec4b4503e0c12ea1a0a89be200fe98922423d4334014fa6b0ee (5FA9nQDV...), score=0, block=35    
2026-03-09 07:18:56 DCF: Computed PoI score for validator=d17c2d7823ebf260fd138f2d7e27d114c0145d968b5ff5006125f2414fadae69 (5GoNkf6W...), score=0, block=35    
2026-03-09 07:18:56 DCF: Computed PoI score for validator=439660b36c6c03afafca027b910b4fecf99801834c62a5e6006f27d978de234f (5DbKjhNL...), score=0, block=35    
2026-03-09 07:18:56 DCF off-chain worker completed computation    
2026-03-09 07:18:56 DVF Vote Aggregator: ===== Checking vote accumulation for round 0 =====    
2026-03-09 07:18:56 DVF Vote Aggregator: Total weight: 24000000000000240000, Finality threshold: 16080000000000160800 (67% of total)    
2026-03-09 07:18:56 DVF Vote Aggregator: Found 0 candidate blocks for round 0    
2026-03-09 07:18:56 DVF Vote Aggregator: Vote pool size: 0 votes total    
2026-03-09 07:18:56 💤 Idle (2 peers), best: #35 (0x97b3…3c11), finalized #30 (0x6f6a…7dbc), ⬇ 3.1kiB/s ⬆ 3.5kiB/s    
2026-03-09 07:18:57 DVF Vote Aggregator: ===== Checking vote accumulation for round 0 =====    
2026-03-09 07:18:57 DVF Vote Aggregator: Total weight: 24000000000000240000, Finality threshold: 16080000000000160800 (67% of total)    
2026-03-09 07:18:57 DVF Vote Aggregator: Found 0 candidate blocks for round 0    
2026-03-09 07:18:57 DVF Vote Aggregator: Vote pool size: 0 votes total    
[2026-03-22T07:18:51.826Z] [ThreadId(5)] ============== [CBC-TRACE] 41. [dcf.rs::run] Active validators retrieved: 3 validators ==============
[2026-03-22T07:18:51.826Z] [ThreadId(5)] ============== [CBC-TRACE] 42. [dcf.rs::run] Author selection for block 33 started ==============
[2026-03-22T07:18:51.826Z] [ThreadId(5)] ============== [CBC-TRACE] 43. [dcf.rs::run] Expected author selected: d17c2d7823ebf260fd138f2d7e27d114c0145d968b5ff5006125f2414fadae69 (5GoNkf6W...) (method: runtime_deterministic) ==============
[2026-03-22T07:18:51.826Z] [ThreadId(5)] ============== [CBC-TRACE] 44. [dcf.rs::run] Block production triggered for block 33 ==============
[2026-03-22T07:18:51.826Z] [ThreadId(5)] ============== [CBC-TRACE] 45. [proposer_factory.rs::create_complete_block] Proposer factory create_complete_block entered ==============
[2026-03-22T07:18:51.826Z] [ThreadId(5)] ============== [CBC-TRACE] 46. [proposer_factory.rs::create_complete_block] Inherent data generated ==============
[2026-03-22T07:18:51.827Z] [ThreadId(5)] ============== [CBC-TRACE] 47. [proposer_factory.rs::create_complete_block] Transactions harvested from mempool (0 transactions) ==============
[2026-03-22T07:18:51.827Z] [ThreadId(5)] ============== [CBC-TRACE] 48. [proposer_factory.rs::create_complete_block] PreRuntime author digest added to header ==============
[2026-03-22T07:18:51.827Z] [ThreadId(5)] ============== [CBC-TRACE] 49. [proposer_factory.rs::create_complete_block] Substrate build_block executing ==============
[2026-03-22T07:18:51.827Z] [ThreadId(5)] ============== [CBC-TRACE] 50. [proposer_factory.rs::build_block_with_state_root] State root computed for block 33 ==============
[2026-03-22T07:18:51.827Z] [ThreadId(5)] ============== [CBC-TRACE] 51. [proposer_factory.rs::build_block_with_state_root] Block 33 sealed successfully ==============
[2026-03-22T07:18:51.827Z] [ThreadId(5)] ============== [CBC-TRACE] 52. [proposer_factory.rs::create_complete_block] Block 33 dispatched to import pipeline ==============
[2026-03-22T07:18:51.828Z] [ThreadId(5)] ============== [CBC-TRACE] 53. [dcf.rs::update_consensus_state] Consensus state updated after block production (block: 33, slot: 11, total: 11) ==============
[2026-03-22T07:18:51.829Z] [ThreadId(5)] ============== [CBC-TRACE] 54. [dcf.rs::update_consensus_state] Author scores updated - PoS: 8000000000000000, PoI: 80, Combined: 100, Trust: 7599, Uptime: 100, Inferences: 0, Participation: 100%, Missed: 0 ==============
[2026-03-22T07:18:57.707Z] [ThreadId(4)] ============== [CBC-TRACE] 65. [service.rs::dvf-finality-sync] Finality check iteration started ==============
2026-03-09 07:18:57 Client finalized head (#30) is ahead of DVF finalized head (#0)!    
[2026-03-22T07:18:57.707Z] [ThreadId(4)] ============== [CBC-TRACE] 66. [service.rs::dvf-finality-sync] DVF finalized block retrieved (block 0) ==============
[2026-03-22T07:18:57.707Z] [ThreadId(4)] ============== [CBC-TRACE] 67. [service.rs::dvf-finality-sync] Client finalized block retrieved (block 30) ==============
[2026-03-22T07:18:57.837Z] [ThreadId(2)] ============== [CBC-TRACE] 40. [dcf.rs::run] Consensus loop iteration started for block 36 ==============
2026-03-09 07:18:57 DCF: Finality advanced from 34 to 35 in epoch 0    
2026-03-09 07:18:57 DCF: Progressive finalization advanced to block 35    
2026-03-09 07:18:57 ProposerFactory: Successfully created block #36 with 1 extrinsics    
2026-03-09 07:18:57 DCF: Finality advanced from 34 to 35 in epoch 0    
2026-03-09 07:18:57 DCF: Progressive finalization advanced to block 35    
2026-03-09 07:18:57 🏆 Imported #36 (0x97b3…3c11 → 0xefd1…8d74)    
2026-03-09 07:18:58 DVF Vote Aggregator: ===== Checking vote accumulation for round 0 =====    
2026-03-09 07:18:58 DVF Vote Aggregator: Total weight: 24000000000000240000, Finality threshold: 16080000000000160800 (67% of total)    
2026-03-09 07:18:58 DVF Vote Aggregator: Found 0 candidate blocks for round 0    
2026-03-09 07:18:58 DVF Vote Aggregator: Vote pool size: 0 votes total    
2026-03-09 07:18:59 DVF Vote Aggregator: ===== Checking vote accumulation for round 0 =====    
2026-03-09 07:18:59 DVF Vote Aggregator: Total weight: 24000000000000240000, Finality threshold: 16080000000000160800 (67% of total)    
2026-03-09 07:18:59 DVF Vote Aggregator: Found 0 candidate blocks for round 0    
2026-03-09 07:18:59 DVF Vote Aggregator: Vote pool size: 0 votes total    
2026-03-09 07:18:59 DCF Verifier: Block #37 verification passed    
2026-03-09 07:18:59 DCF: Finality advanced from 35 to 36 in epoch 0    
2026-03-09 07:18:59 DCF: Progressive finalization advanced to block 36    
2026-03-09 07:18:59 🏆 Imported #37 (0xefd1…8d74 → 0x808d…7e3b)    
2026-03-09 07:19:00 DVF Vote Aggregator: ===== Checking vote accumulation for round 0 =====    
2026-03-09 07:19:00 DVF Vote Aggregator: Total weight: 24000000000000240000, Finality threshold: 16080000000000160800 (67% of total)    
2026-03-09 07:19:00 DVF Vote Aggregator: Found 0 candidate blocks for round 0    
2026-03-09 07:19:00 DVF Vote Aggregator: Vote pool size: 0 votes total    
2026-03-09 07:19:01 DVF Vote Aggregator: ===== Checking vote accumulation for round 0 =====    
2026-03-09 07:19:01 DVF Vote Aggregator: Total weight: 24000000000000240000, Finality threshold: 16080000000000160800 (67% of total)    
2026-03-09 07:19:01 DVF Vote Aggregator: Found 0 candidate blocks for round 0    
2026-03-09 07:19:01 DVF Vote Aggregator: Vote pool size: 0 votes total    
2026-03-09 07:19:01 💤 Idle (2 peers), best: #37 (0x808d…7e3b), finalized #30 (0x6f6a…7dbc), ⬇ 3.3kiB/s ⬆ 2.7kiB/s    
2026-03-09 07:19:02 DCF Verifier: Block #38 verification passed    
2026-03-09 07:19:02 DCF: Finality advanced from 36 to 37 in epoch 0    
2026-03-09 07:19:02 DCF: Progressive finalization advanced to block 37    
2026-03-09 07:19:02 🏆 Imported #38 (0x808d…7e3b → 0xaeff…cfe5)    
2026-03-09 07:19:02 DVF Vote Aggregator: ===== Checking vote accumulation for round 0 =====    
2026-03-09 07:19:02 DVF Vote Aggregator: Total weight: 24000000000000240000, Finality threshold: 16080000000000160800 (67% of total)    
2026-03-09 07:19:02 DVF Vote Aggregator: Found 0 candidate blocks for round 0    
2026-03-09 07:19:02 DVF Vote Aggregator: Vote pool size: 0 votes total    
2026-03-09 07:19:03 DVF Vote Aggregator: ===== Checking vote accumulation for round 0 =====    
2026-03-09 07:19:03 DVF Vote Aggregator: Total weight: 24000000000000240000, Finality threshold: 16080000000000160800 (67% of total)    
2026-03-09 07:19:03 DVF Vote Aggregator: Found 0 candidate blocks for round 0    
2026-03-09 07:19:03 DVF Vote Aggregator: Vote pool size: 0 votes total    
[2026-03-22T07:18:57.837Z] [ThreadId(2)] ============== [CBC-TRACE] 41. [dcf.rs::run] Active validators retrieved: 3 validators ==============
[2026-03-22T07:18:57.837Z] [ThreadId(2)] ============== [CBC-TRACE] 42. [dcf.rs::run] Author selection for block 36 started ==============
[2026-03-22T07:18:57.837Z] [ThreadId(2)] ============== [CBC-TRACE] 43. [dcf.rs::run] Expected author selected: d17c2d7823ebf260fd138f2d7e27d114c0145d968b5ff5006125f2414fadae69 (5GoNkf6W...) (method: runtime_deterministic) ==============
[2026-03-22T07:18:57.837Z] [ThreadId(2)] ============== [CBC-TRACE] 44. [dcf.rs::run] Block production triggered for block 36 ==============
[2026-03-22T07:18:57.837Z] [ThreadId(2)] ============== [CBC-TRACE] 45. [proposer_factory.rs::create_complete_block] Proposer factory create_complete_block entered ==============
[2026-03-22T07:18:57.837Z] [ThreadId(2)] ============== [CBC-TRACE] 46. [proposer_factory.rs::create_complete_block] Inherent data generated ==============
[2026-03-22T07:18:57.838Z] [ThreadId(2)] ============== [CBC-TRACE] 47. [proposer_factory.rs::create_complete_block] Transactions harvested from mempool (0 transactions) ==============
[2026-03-22T07:18:57.838Z] [ThreadId(2)] ============== [CBC-TRACE] 48. [proposer_factory.rs::create_complete_block] PreRuntime author digest added to header ==============
[2026-03-22T07:18:57.838Z] [ThreadId(2)] ============== [CBC-TRACE] 49. [proposer_factory.rs::create_complete_block] Substrate build_block executing ==============
[2026-03-22T07:18:57.838Z] [ThreadId(2)] ============== [CBC-TRACE] 50. [proposer_factory.rs::build_block_with_state_root] State root computed for block 36 ==============
[2026-03-22T07:18:57.838Z] [ThreadId(2)] ============== [CBC-TRACE] 51. [proposer_factory.rs::build_block_with_state_root] Block 36 sealed successfully ==============
[2026-03-22T07:18:57.838Z] [ThreadId(2)] ============== [CBC-TRACE] 52. [proposer_factory.rs::create_complete_block] Block 36 dispatched to import pipeline ==============
[2026-03-22T07:18:57.839Z] [ThreadId(2)] ============== [CBC-TRACE] 53. [dcf.rs::update_consensus_state] Consensus state updated after block production (block: 36, slot: 12, total: 12) ==============
[2026-03-22T07:18:57.847Z] [ThreadId(2)] ============== [CBC-TRACE] 54. [dcf.rs::update_consensus_state] Author scores updated - PoS: 8000000000000000, PoI: 80, Combined: 100, Trust: 7622, Uptime: 100, Inferences: 0, Participation: 100%, Missed: 0 ==============
[2026-03-22T07:19:03.708Z] [ThreadId(7)] ============== [CBC-TRACE] 65. [service.rs::dvf-finality-sync] Finality check iteration started ==============
2026-03-09 07:19:03 Client finalized head (#30) is ahead of DVF finalized head (#0)!    
[2026-03-22T07:19:03.708Z] [ThreadId(7)] ============== [CBC-TRACE] 66. [service.rs::dvf-finality-sync] DVF finalized block retrieved (block 0) ==============
[2026-03-22T07:19:03.708Z] [ThreadId(7)] ============== [CBC-TRACE] 67. [service.rs::dvf-finality-sync] Client finalized block retrieved (block 30) ==============
[2026-03-22T07:19:03.858Z] [ThreadId(7)] ============== [CBC-TRACE] 40. [dcf.rs::run] Consensus loop iteration started for block 39 ==============
2026-03-09 07:19:03 DCF: Finality advanced from 37 to 38 in epoch 0    
2026-03-09 07:19:03 DCF: Progressive finalization advanced to block 38    
2026-03-09 07:19:03 ProposerFactory: Successfully created block #39 with 1 extrinsics    
2026-03-09 07:19:03 DCF: Finality advanced from 37 to 38 in epoch 0    
2026-03-09 07:19:03 DCF: Progressive finalization advanced to block 38    
2026-03-09 07:19:03 🏆 Imported #39 (0xaeff…cfe5 → 0xce28…f4b2)    
2026-03-09 07:19:04 DVF Vote Aggregator: ===== Checking vote accumulation for round 0 =====    
2026-03-09 07:19:04 DVF Vote Aggregator: Total weight: 24000000000000240000, Finality threshold: 16080000000000160800 (67% of total)    
2026-03-09 07:19:04 DVF Vote Aggregator: Found 0 candidate blocks for round 0    
2026-03-09 07:19:04 DVF Vote Aggregator: Vote pool size: 0 votes total    
2026-03-09 07:19:05 DVF Vote Aggregator: ===== Checking vote accumulation for round 0 =====    
2026-03-09 07:19:05 DVF Vote Aggregator: Total weight: 24000000000000240000, Finality threshold: 16080000000000160800 (67% of total)    
2026-03-09 07:19:05 DVF Vote Aggregator: Found 0 candidate blocks for round 0    
2026-03-09 07:19:05 DVF Vote Aggregator: Vote pool size: 0 votes total    
2026-03-09 07:19:05 DVF Gossip Validator: Accepted vote for block #40 (0xffc8a0e33ab1747d60476aee170619b1b1aff7f1d08be8a73fcc5c981427977a) from validator d17c2d7823ebf260fd138f2d7e27d114c0145d968b5ff5006125f2414fadae69 (5GoNkf6W...) (round: 0, epoch: 0, validator_set: 0)    
2026-03-09 07:19:05 DVF Gossip Validator: Vote inserted into pool successfully    
2026-03-09 07:19:05 DCF Verifier: Block #40 verification passed    
2026-03-09 07:19:05 DCF: Finality advanced from 38 to 39 in epoch 0    
2026-03-09 07:19:05 DCF: Progressive finalization advanced to block 39    
2026-03-09 07:19:05 🏆 Imported #40 (0xce28…f4b2 → 0xffc8…977a)    
2026-03-09 07:19:05 DVF Vote Creator: Creating vote for block #40 (0xffc8a0e33ab1747d60476aee170619b1b1aff7f1d08be8a73fcc5c981427977a)    
2026-03-09 07:19:05 DCF: Computed PoI score for validator=88dc3417d5058ec4b4503e0c12ea1a0a89be200fe98922423d4334014fa6b0ee (5FA9nQDV...), score=0, block=40    
2026-03-09 07:19:05 DCF: Computed PoI score for validator=d17c2d7823ebf260fd138f2d7e27d114c0145d968b5ff5006125f2414fadae69 (5GoNkf6W...), score=0, block=40    
2026-03-09 07:19:05 DCF: Computed PoI score for validator=439660b36c6c03afafca027b910b4fecf99801834c62a5e6006f27d978de234f (5DbKjhNL...), score=0, block=40    
2026-03-09 07:19:05 DCF off-chain worker completed computation    
2026-03-09 07:19:05 DVF Vote Creator: Vote inserted into local pool successfully    
2026-03-09 07:19:05 DVF Vote Creator: Successfully broadcast vote for block #40 (epoch: 0, round: 0, validator_set: 0)    
2026-03-09 07:19:05 DVF Gossip Validator: Accepted vote for block #40 (0xffc8a0e33ab1747d60476aee170619b1b1aff7f1d08be8a73fcc5c981427977a) from validator 88dc3417d5058ec4b4503e0c12ea1a0a89be200fe98922423d4334014fa6b0ee (5FA9nQDV...) (round: 0, epoch: 0, validator_set: 0)    
2026-03-09 07:19:05 DVF Gossip Validator: Vote inserted into pool successfully    
2026-03-09 07:19:06 DVF Vote Aggregator: ===== Checking vote accumulation for round 0 =====    
2026-03-09 07:19:06 DVF Vote Aggregator: Total weight: 24000000000000240000, Finality threshold: 16080000000000160800 (67% of total)    
2026-03-09 07:19:06 DVF Vote Aggregator: Found 1 candidate blocks for round 0    
2026-03-09 07:19:06 DVF Vote Aggregator: Vote pool size: 3 votes total    
2026-03-09 07:19:06 DVF Vote Aggregator: Found 3 votes for block 0xffc8a0e33ab1747d60476aee170619b1b1aff7f1d08be8a73fcc5c981427977a in round 0    
2026-03-09 07:19:06 DVF Vote Aggregator:   - Validator d17c2d7823ebf260fd138f2d7e27d114c0145d968b5ff5006125f2414fadae69 (5GoNkf6W...) voted with weight 8000000000000080000    
2026-03-09 07:19:06 DVF Vote Aggregator:   - Validator 439660b36c6c03afafca027b910b4fecf99801834c62a5e6006f27d978de234f (5DbKjhNL...) voted with weight 6000000000000080000    
2026-03-09 07:19:06 DVF Vote Aggregator:   - Validator 88dc3417d5058ec4b4503e0c12ea1a0a89be200fe98922423d4334014fa6b0ee (5FA9nQDV...) voted with weight 10000000000000080000    
2026-03-09 07:19:06 DVF Vote Aggregator: Total accumulated weight for block 0xffc8a0e33ab1747d60476aee170619b1b1aff7f1d08be8a73fcc5c981427977a: 24000000000000240000 (from 3 votes)    
2026-03-09 07:19:06 DVF Vote Aggregator: Block 0xffc8a0e33ab1747d60476aee170619b1b1aff7f1d08be8a73fcc5c981427977a has accumulated weight 24000000000000240000 (threshold: 16080000000000160800, reached: true)    
2026-03-09 07:19:06 DVF Vote Aggregator: Block 0xffc8a0e33ab1747d60476aee170619b1b1aff7f1d08be8a73fcc5c981427977a reached finality threshold! Weight: 24000000000000240000, Threshold: 16080000000000160800    
2026-03-09 07:19:06 DVF Vote Aggregator: Triggering justification construction for block 0xffc8a0e33ab1747d60476aee170619b1b1aff7f1d08be8a73fcc5c981427977a (round: 0, weight: 24000000000000240000)    
2026-03-09 07:19:06 DVF Justification Builder: Constructing justification for block 0xffc8a0e33ab1747d60476aee170619b1b1aff7f1d08be8a73fcc5c981427977a in round 0    
2026-03-09 07:19:06 DVF Justification Builder: Selected 2 votes with accumulated weight 18000000000000160000 (threshold: 16080000000000160800)    
2026-03-09 07:19:06 DVF Justification Builder: Constructed justification with 2 votes, accumulated weight 18000000000000160000 (threshold: 16080000000000160800)    
2026-03-09 07:19:06 DVF Justification Builder: Justification constructed for block 0xffc8a0e33ab1747d60476aee170619b1b1aff7f1d08be8a73fcc5c981427977a, round 0, 2 votes, weight 18000000000000160000    
2026-03-09 07:19:06 DVF Vote Aggregator: Successfully constructed justification with 2 votes    
2026-03-09 07:19:06 DVF Vote Aggregator: Justification constructed for block #40 (0xffc8a0e33ab1747d60476aee170619b1b1aff7f1d08be8a73fcc5c981427977a) with 2 votes, weight: 24000000000000240000    
2026-03-09 07:19:06 DVF Vote Aggregator: Encoded justification (389 bytes) for block #40 (0xffc8a0e33ab1747d60476aee170619b1b1aff7f1d08be8a73fcc5c981427977a)    
2026-03-09 07:19:06 DVF Vote Aggregator: Successfully finalized block #40 (0xffc8a0e33ab1747d60476aee170619b1b1aff7f1d08be8a73fcc5c981427977a) with justification    
2026-03-09 07:19:06 DVF Vote Aggregator: Finality latency for round 0: 0.00s    
2026-03-09 07:19:06 💤 Idle (2 peers), best: #40 (0xffc8…977a), finalized #40 (0xffc8…977a), ⬇ 2.9kiB/s ⬆ 3.7kiB/s    
2026-03-09 07:19:07 DVF Vote Aggregator: ===== Checking vote accumulation for round 0 =====    
2026-03-09 07:19:07 DVF Vote Aggregator: Total weight: 24000000000000240000, Finality threshold: 16080000000000160800 (67% of total)    
2026-03-09 07:19:07 DVF Vote Aggregator: Found 1 candidate blocks for round 0    
2026-03-09 07:19:07 DVF Vote Aggregator: Vote pool size: 3 votes total    
2026-03-09 07:19:07 DVF Vote Aggregator: Found 3 votes for block 0xffc8a0e33ab1747d60476aee170619b1b1aff7f1d08be8a73fcc5c981427977a in round 0    
2026-03-09 07:19:07 DVF Vote Aggregator:   - Validator d17c2d7823ebf260fd138f2d7e27d114c0145d968b5ff5006125f2414fadae69 (5GoNkf6W...) voted with weight 8000000000000080000    
2026-03-09 07:19:07 DVF Vote Aggregator:   - Validator 439660b36c6c03afafca027b910b4fecf99801834c62a5e6006f27d978de234f (5DbKjhNL...) voted with weight 6000000000000080000    
2026-03-09 07:19:07 DVF Vote Aggregator:   - Validator 88dc3417d5058ec4b4503e0c12ea1a0a89be200fe98922423d4334014fa6b0ee (5FA9nQDV...) voted with weight 10000000000000080000    
2026-03-09 07:19:07 DVF Vote Aggregator: Total accumulated weight for block 0xffc8a0e33ab1747d60476aee170619b1b1aff7f1d08be8a73fcc5c981427977a: 24000000000000240000 (from 3 votes)    
2026-03-09 07:19:07 DVF Vote Aggregator: Block 0xffc8a0e33ab1747d60476aee170619b1b1aff7f1d08be8a73fcc5c981427977a has accumulated weight 24000000000000240000 (threshold: 16080000000000160800, reached: true)    
2026-03-09 07:19:07 DVF Vote Aggregator: Block 0xffc8a0e33ab1747d60476aee170619b1b1aff7f1d08be8a73fcc5c981427977a reached finality threshold! Weight: 24000000000000240000, Threshold: 16080000000000160800    
2026-03-09 07:19:07 DVF Vote Aggregator: Triggering justification construction for block 0xffc8a0e33ab1747d60476aee170619b1b1aff7f1d08be8a73fcc5c981427977a (round: 0, weight: 24000000000000240000)    
2026-03-09 07:19:07 DVF Justification Builder: Constructing justification for block 0xffc8a0e33ab1747d60476aee170619b1b1aff7f1d08be8a73fcc5c981427977a in round 0    
2026-03-09 07:19:07 DVF Justification Builder: Selected 2 votes with accumulated weight 18000000000000160000 (threshold: 16080000000000160800)    
2026-03-09 07:19:07 DVF Justification Builder: Constructed justification with 2 votes, accumulated weight 18000000000000160000 (threshold: 16080000000000160800)    
2026-03-09 07:19:07 DVF Justification Builder: Justification constructed for block 0xffc8a0e33ab1747d60476aee170619b1b1aff7f1d08be8a73fcc5c981427977a, round 0, 2 votes, weight 18000000000000160000    
2026-03-09 07:19:07 DVF Vote Aggregator: Successfully constructed justification with 2 votes    
2026-03-09 07:19:07 DVF Vote Aggregator: Justification constructed for block #40 (0xffc8a0e33ab1747d60476aee170619b1b1aff7f1d08be8a73fcc5c981427977a) with 2 votes, weight: 24000000000000240000    
2026-03-09 07:19:07 DVF Vote Aggregator: Encoded justification (389 bytes) for block #40 (0xffc8a0e33ab1747d60476aee170619b1b1aff7f1d08be8a73fcc5c981427977a)    
2026-03-09 07:19:07 Possible safety violation: attempted to re-finalize last finalized block 0xffc8a0e33ab1747d60476aee170619b1b1aff7f1d08be8a73fcc5c981427977a     
2026-03-09 07:19:07 DVF Vote Aggregator: Successfully finalized block #40 (0xffc8a0e33ab1747d60476aee170619b1b1aff7f1d08be8a73fcc5c981427977a) with justification    
2026-03-09 07:19:07 DVF Vote Aggregator: Finality latency for round 0: 0.00s    
2026-03-09 07:19:08 DCF Verifier: Block #41 verification passed    
2026-03-09 07:19:08 DCF: Finality advanced from 39 to 40 in epoch 0    
2026-03-09 07:19:08 DCF: Progressive finalization advanced to block 40    
2026-03-09 07:19:08 🏆 Imported #41 (0xffc8…977a → 0xee35…585d)    
2026-03-09 07:19:08 DVF Vote Aggregator: ===== Checking vote accumulation for round 0 =====    
2026-03-09 07:19:08 DVF Vote Aggregator: Total weight: 24000000000000240000, Finality threshold: 16080000000000160800 (67% of total)    
2026-03-09 07:19:08 DVF Vote Aggregator: Found 1 candidate blocks for round 0    
2026-03-09 07:19:08 DVF Vote Aggregator: Vote pool size: 3 votes total    
2026-03-09 07:19:08 DVF Vote Aggregator: Found 3 votes for block 0xffc8a0e33ab1747d60476aee170619b1b1aff7f1d08be8a73fcc5c981427977a in round 0    
2026-03-09 07:19:08 DVF Vote Aggregator:   - Validator d17c2d7823ebf260fd138f2d7e27d114c0145d968b5ff5006125f2414fadae69 (5GoNkf6W...) voted with weight 8000000000000080000    
2026-03-09 07:19:08 DVF Vote Aggregator:   - Validator 439660b36c6c03afafca027b910b4fecf99801834c62a5e6006f27d978de234f (5DbKjhNL...) voted with weight 6000000000000080000    
2026-03-09 07:19:08 DVF Vote Aggregator:   - Validator 88dc3417d5058ec4b4503e0c12ea1a0a89be200fe98922423d4334014fa6b0ee (5FA9nQDV...) voted with weight 10000000000000080000    
2026-03-09 07:19:08 DVF Vote Aggregator: Total accumulated weight for block 0xffc8a0e33ab1747d60476aee170619b1b1aff7f1d08be8a73fcc5c981427977a: 24000000000000240000 (from 3 votes)    
2026-03-09 07:19:08 DVF Vote Aggregator: Block 0xffc8a0e33ab1747d60476aee170619b1b1aff7f1d08be8a73fcc5c981427977a has accumulated weight 24000000000000240000 (threshold: 16080000000000160800, reached: true)    
2026-03-09 07:19:08 DVF Vote Aggregator: Block 0xffc8a0e33ab1747d60476aee170619b1b1aff7f1d08be8a73fcc5c981427977a reached finality threshold! Weight: 24000000000000240000, Threshold: 16080000000000160800    
2026-03-09 07:19:08 DVF Vote Aggregator: Triggering justification construction for block 0xffc8a0e33ab1747d60476aee170619b1b1aff7f1d08be8a73fcc5c981427977a (round: 0, weight: 24000000000000240000)    
2026-03-09 07:19:08 DVF Justification Builder: Constructing justification for block 0xffc8a0e33ab1747d60476aee170619b1b1aff7f1d08be8a73fcc5c981427977a in round 0    
2026-03-09 07:19:08 DVF Justification Builder: Selected 2 votes with accumulated weight 18000000000000160000 (threshold: 16080000000000160800)    
2026-03-09 07:19:08 DVF Justification Builder: Constructed justification with 2 votes, accumulated weight 18000000000000160000 (threshold: 16080000000000160800)    
2026-03-09 07:19:08 DVF Justification Builder: Justification constructed for block 0xffc8a0e33ab1747d60476aee170619b1b1aff7f1d08be8a73fcc5c981427977a, round 0, 2 votes, weight 18000000000000160000    
2026-03-09 07:19:08 DVF Vote Aggregator: Successfully constructed justification with 2 votes    
2026-03-09 07:19:08 DVF Vote Aggregator: Justification constructed for block #40 (0xffc8a0e33ab1747d60476aee170619b1b1aff7f1d08be8a73fcc5c981427977a) with 2 votes, weight: 24000000000000240000    
2026-03-09 07:19:08 DVF Vote Aggregator: Encoded justification (389 bytes) for block #40 (0xffc8a0e33ab1747d60476aee170619b1b1aff7f1d08be8a73fcc5c981427977a)    
2026-03-09 07:19:08 Possible safety violation: attempted to re-finalize last finalized block 0xffc8a0e33ab1747d60476aee170619b1b1aff7f1d08be8a73fcc5c981427977a     
2026-03-09 07:19:08 DVF Vote Aggregator: Successfully finalized block #40 (0xffc8a0e33ab1747d60476aee170619b1b1aff7f1d08be8a73fcc5c981427977a) with justification    
2026-03-09 07:19:08 DVF Vote Aggregator: Finality latency for round 0: 0.00s    
[2026-03-22T07:19:03.858Z] [ThreadId(7)] ============== [CBC-TRACE] 41. [dcf.rs::run] Active validators retrieved: 3 validators ==============
[2026-03-22T07:19:03.858Z] [ThreadId(7)] ============== [CBC-TRACE] 42. [dcf.rs::run] Author selection for block 39 started ==============
[2026-03-22T07:19:03.858Z] [ThreadId(7)] ============== [CBC-TRACE] 43. [dcf.rs::run] Expected author selected: d17c2d7823ebf260fd138f2d7e27d114c0145d968b5ff5006125f2414fadae69 (5GoNkf6W...) (method: runtime_deterministic) ==============
[2026-03-22T07:19:03.858Z] [ThreadId(7)] ============== [CBC-TRACE] 44. [dcf.rs::run] Block production triggered for block 39 ==============
[2026-03-22T07:19:03.858Z] [ThreadId(7)] ============== [CBC-TRACE] 45. [proposer_factory.rs::create_complete_block] Proposer factory create_complete_block entered ==============
[2026-03-22T07:19:03.858Z] [ThreadId(7)] ============== [CBC-TRACE] 46. [proposer_factory.rs::create_complete_block] Inherent data generated ==============
[2026-03-22T07:19:03.858Z] [ThreadId(7)] ============== [CBC-TRACE] 47. [proposer_factory.rs::create_complete_block] Transactions harvested from mempool (0 transactions) ==============
[2026-03-22T07:19:03.858Z] [ThreadId(7)] ============== [CBC-TRACE] 48. [proposer_factory.rs::create_complete_block] PreRuntime author digest added to header ==============
[2026-03-22T07:19:03.858Z] [ThreadId(7)] ============== [CBC-TRACE] 49. [proposer_factory.rs::create_complete_block] Substrate build_block executing ==============
[2026-03-22T07:19:03.859Z] [ThreadId(7)] ============== [CBC-TRACE] 50. [proposer_factory.rs::build_block_with_state_root] State root computed for block 39 ==============
[2026-03-22T07:19:03.859Z] [ThreadId(7)] ============== [CBC-TRACE] 51. [proposer_factory.rs::build_block_with_state_root] Block 39 sealed successfully ==============
[2026-03-22T07:19:03.859Z] [ThreadId(7)] ============== [CBC-TRACE] 52. [proposer_factory.rs::create_complete_block] Block 39 dispatched to import pipeline ==============
[2026-03-22T07:19:03.861Z] [ThreadId(7)] ============== [CBC-TRACE] 53. [dcf.rs::update_consensus_state] Consensus state updated after block production (block: 39, slot: 13, total: 13) ==============
[2026-03-22T07:19:03.862Z] [ThreadId(7)] ============== [CBC-TRACE] 54. [dcf.rs::update_consensus_state] Author scores updated - PoS: 8000000000000000, PoI: 80, Combined: 100, Trust: 7630, Uptime: 100, Inferences: 0, Participation: 100%, Missed: 0 ==============
[2026-03-22T07:19:09.709Z] [ThreadId(7)] ============== [CBC-TRACE] 65. [service.rs::dvf-finality-sync] Finality check iteration started ==============
2026-03-09 07:19:09 DVF Vote Aggregator: ===== Checking vote accumulation for round 0 =====    
2026-03-09 07:19:09 DVF Vote Aggregator: Total weight: 24000000000000240000, Finality threshold: 16080000000000160800 (67% of total)    
2026-03-09 07:19:09 DVF Vote Aggregator: Found 1 candidate blocks for round 0    
2026-03-09 07:19:09 DVF Vote Aggregator: Vote pool size: 3 votes total    
2026-03-09 07:19:09 DVF Vote Aggregator: Found 3 votes for block 0xffc8a0e33ab1747d60476aee170619b1b1aff7f1d08be8a73fcc5c981427977a in round 0    
2026-03-09 07:19:09 DVF Vote Aggregator:   - Validator d17c2d7823ebf260fd138f2d7e27d114c0145d968b5ff5006125f2414fadae69 (5GoNkf6W...) voted with weight 8000000000000080000    
2026-03-09 07:19:09 DVF Vote Aggregator:   - Validator 439660b36c6c03afafca027b910b4fecf99801834c62a5e6006f27d978de234f (5DbKjhNL...) voted with weight 6000000000000080000    
2026-03-09 07:19:09 DVF Vote Aggregator:   - Validator 88dc3417d5058ec4b4503e0c12ea1a0a89be200fe98922423d4334014fa6b0ee (5FA9nQDV...) voted with weight 10000000000000080000    
2026-03-09 07:19:09 DVF Vote Aggregator: Total accumulated weight for block 0xffc8a0e33ab1747d60476aee170619b1b1aff7f1d08be8a73fcc5c981427977a: 24000000000000240000 (from 3 votes)    
2026-03-09 07:19:09 DVF Vote Aggregator: Block 0xffc8a0e33ab1747d60476aee170619b1b1aff7f1d08be8a73fcc5c981427977a has accumulated weight 24000000000000240000 (threshold: 16080000000000160800, reached: true)    
2026-03-09 07:19:09 DVF Vote Aggregator: Block 0xffc8a0e33ab1747d60476aee170619b1b1aff7f1d08be8a73fcc5c981427977a reached finality threshold! Weight: 24000000000000240000, Threshold: 16080000000000160800    
2026-03-09 07:19:09 DVF Vote Aggregator: Triggering justification construction for block 0xffc8a0e33ab1747d60476aee170619b1b1aff7f1d08be8a73fcc5c981427977a (round: 0, weight: 24000000000000240000)    
2026-03-09 07:19:09 DVF Justification Builder: Constructing justification for block 0xffc8a0e33ab1747d60476aee170619b1b1aff7f1d08be8a73fcc5c981427977a in round 0    
2026-03-09 07:19:09 DVF Justification Builder: Selected 2 votes with accumulated weight 18000000000000160000 (threshold: 16080000000000160800)    
2026-03-09 07:19:09 DVF Justification Builder: Constructed justification with 2 votes, accumulated weight 18000000000000160000 (threshold: 16080000000000160800)    
2026-03-09 07:19:09 DVF Justification Builder: Justification constructed for block 0xffc8a0e33ab1747d60476aee170619b1b1aff7f1d08be8a73fcc5c981427977a, round 0, 2 votes, weight 18000000000000160000    
2026-03-09 07:19:09 DVF Vote Aggregator: Successfully constructed justification with 2 votes    
2026-03-09 07:19:09 DVF Vote Aggregator: Justification constructed for block #40 (0xffc8a0e33ab1747d60476aee170619b1b1aff7f1d08be8a73fcc5c981427977a) with 2 votes, weight: 24000000000000240000    
2026-03-09 07:19:09 DVF Vote Aggregator: Encoded justification (389 bytes) for block #40 (0xffc8a0e33ab1747d60476aee170619b1b1aff7f1d08be8a73fcc5c981427977a)    
2026-03-09 07:19:09 Possible safety violation: attempted to re-finalize last finalized block 0xffc8a0e33ab1747d60476aee170619b1b1aff7f1d08be8a73fcc5c981427977a     
2026-03-09 07:19:09 DVF Vote Aggregator: Successfully finalized block #40 (0xffc8a0e33ab1747d60476aee170619b1b1aff7f1d08be8a73fcc5c981427977a) with justification    
2026-03-09 07:19:09 DVF Vote Aggregator: Finality latency for round 0: 0.00s    
2026-03-09 07:19:09 Client finalized head (#40) is ahead of DVF finalized head (#0)!    
[2026-03-22T07:19:09.709Z] [ThreadId(7)] ============== [CBC-TRACE] 66. [service.rs::dvf-finality-sync] DVF finalized block retrieved (block 0) ==============
[2026-03-22T07:19:09.709Z] [ThreadId(7)] ============== [CBC-TRACE] 67. [service.rs::dvf-finality-sync] Client finalized block retrieved (block 40) ==============
[2026-03-22T07:19:09.870Z] [ThreadId(2)] ============== [CBC-TRACE] 40. [dcf.rs::run] Consensus loop iteration started for block 42 ==============
2026-03-09 07:19:09 DCF: Finality advanced from 40 to 41 in epoch 0    
2026-03-09 07:19:09 DCF: Progressive finalization advanced to block 41    
2026-03-09 07:19:09 ProposerFactory: Successfully created block #42 with 1 extrinsics    
2026-03-09 07:19:09 DCF: Finality advanced from 40 to 41 in epoch 0    
2026-03-09 07:19:09 DCF: Progressive finalization advanced to block 41    
2026-03-09 07:19:09 🏆 Imported #42 (0xee35…585d → 0xfc7e…b75e)    
2026-03-09 07:19:10 DVF Vote Aggregator: ===== Checking vote accumulation for round 0 =====    
2026-03-09 07:19:10 DVF Vote Aggregator: Total weight: 24000000000000240000, Finality threshold: 16080000000000160800 (67% of total)    
2026-03-09 07:19:10 DVF Vote Aggregator: Found 0 candidate blocks for round 0    
2026-03-09 07:19:10 DVF Vote Aggregator: Vote pool size: 0 votes total    
2026-03-09 07:19:11 DVF Vote Aggregator: ===== Checking vote accumulation for round 0 =====    
2026-03-09 07:19:11 DVF Vote Aggregator: Total weight: 24000000000000240000, Finality threshold: 16080000000000160800 (67% of total)    
2026-03-09 07:19:11 DVF Vote Aggregator: Found 0 candidate blocks for round 0    
2026-03-09 07:19:11 DVF Vote Aggregator: Vote pool size: 0 votes total    
2026-03-09 07:19:11 💤 Idle (2 peers), best: #42 (0xfc7e…b75e), finalized #40 (0xffc8…977a), ⬇ 4.3kiB/s ⬆ 3.6kiB/s    
2026-03-09 07:19:11 DCF Verifier: Block #43 verification passed    
2026-03-09 07:19:11 DCF: Finality advanced from 41 to 42 in epoch 0    
2026-03-09 07:19:11 DCF: Progressive finalization advanced to block 42    
2026-03-09 07:19:11 🏆 Imported #43 (0xfc7e…b75e → 0xad60…ddad)    
2026-03-09 07:19:12 DVF Vote Aggregator: ===== Checking vote accumulation for round 0 =====    
2026-03-09 07:19:12 DVF Vote Aggregator: Total weight: 24000000000000240000, Finality threshold: 16080000000000160800 (67% of total)    
2026-03-09 07:19:12 DVF Vote Aggregator: Found 0 candidate blocks for round 0    
2026-03-09 07:19:12 DVF Vote Aggregator: Vote pool size: 0 votes total    
2026-03-09 07:19:13 DVF Vote Aggregator: ===== Checking vote accumulation for round 0 =====    
2026-03-09 07:19:13 DVF Vote Aggregator: Total weight: 24000000000000240000, Finality threshold: 16080000000000160800 (67% of total)    
2026-03-09 07:19:13 DVF Vote Aggregator: Found 0 candidate blocks for round 0    
2026-03-09 07:19:13 DVF Vote Aggregator: Vote pool size: 0 votes total    
2026-03-09 07:19:14 DCF Verifier: Block #44 verification passed    
2026-03-09 07:19:14 DCF: Finality advanced from 42 to 43 in epoch 0    
2026-03-09 07:19:14 DCF: Progressive finalization advanced to block 43    
2026-03-09 07:19:14 🏆 Imported #44 (0xad60…ddad → 0xe7f2…6662)    
2026-03-09 07:19:14 DVF Vote Aggregator: ===== Checking vote accumulation for round 0 =====    
2026-03-09 07:19:14 DVF Vote Aggregator: Total weight: 24000000000000240000, Finality threshold: 16080000000000160800 (67% of total)    
2026-03-09 07:19:14 DVF Vote Aggregator: Found 0 candidate blocks for round 0    
2026-03-09 07:19:14 DVF Vote Aggregator: Vote pool size: 0 votes total    
2026-03-09 07:19:15 DVF Vote Aggregator: ===== Checking vote accumulation for round 0 =====    
2026-03-09 07:19:15 DVF Vote Aggregator: Total weight: 24000000000000240000, Finality threshold: 16080000000000160800 (67% of total)    
2026-03-09 07:19:15 DVF Vote Aggregator: Found 0 candidate blocks for round 0    
2026-03-09 07:19:15 DVF Vote Aggregator: Vote pool size: 0 votes total    
[2026-03-22T07:19:09.870Z] [ThreadId(2)] ============== [CBC-TRACE] 41. [dcf.rs::run] Active validators retrieved: 3 validators ==============
[2026-03-22T07:19:09.870Z] [ThreadId(2)] ============== [CBC-TRACE] 42. [dcf.rs::run] Author selection for block 42 started ==============
[2026-03-22T07:19:09.870Z] [ThreadId(2)] ============== [CBC-TRACE] 43. [dcf.rs::run] Expected author selected: 88dc3417d5058ec4b4503e0c12ea1a0a89be200fe98922423d4334014fa6b0ee (5FA9nQDV...) (method: runtime_deterministic) ==============
[2026-03-22T07:19:09.870Z] [ThreadId(2)] ============== [CBC-TRACE] 44. [dcf.rs::run] Block production triggered for block 42 ==============
[2026-03-22T07:19:09.871Z] [ThreadId(2)] ============== [CBC-TRACE] 45. [proposer_factory.rs::create_complete_block] Proposer factory create_complete_block entered ==============
[2026-03-22T07:19:09.871Z] [ThreadId(2)] ============== [CBC-TRACE] 46. [proposer_factory.rs::create_complete_block] Inherent data generated ==============
[2026-03-22T07:19:09.871Z] [ThreadId(2)] ============== [CBC-TRACE] 47. [proposer_factory.rs::create_complete_block] Transactions harvested from mempool (0 transactions) ==============
[2026-03-22T07:19:09.871Z] [ThreadId(2)] ============== [CBC-TRACE] 48. [proposer_factory.rs::create_complete_block] PreRuntime author digest added to header ==============
[2026-03-22T07:19:09.871Z] [ThreadId(2)] ============== [CBC-TRACE] 49. [proposer_factory.rs::create_complete_block] Substrate build_block executing ==============
[2026-03-22T07:19:09.871Z] [ThreadId(2)] ============== [CBC-TRACE] 50. [proposer_factory.rs::build_block_with_state_root] State root computed for block 42 ==============
[2026-03-22T07:19:09.871Z] [ThreadId(2)] ============== [CBC-TRACE] 51. [proposer_factory.rs::build_block_with_state_root] Block 42 sealed successfully ==============
[2026-03-22T07:19:09.871Z] [ThreadId(2)] ============== [CBC-TRACE] 52. [proposer_factory.rs::create_complete_block] Block 42 dispatched to import pipeline ==============
[2026-03-22T07:19:09.872Z] [ThreadId(2)] ============== [CBC-TRACE] 53. [dcf.rs::update_consensus_state] Consensus state updated after block production (block: 42, slot: 14, total: 14) ==============
[2026-03-22T07:19:09.876Z] [ThreadId(2)] ============== [CBC-TRACE] 54. [dcf.rs::update_consensus_state] Author scores updated - PoS: 10000000000000000, PoI: 80, Combined: 100, Trust: 7642, Uptime: 100, Inferences: 0, Participation: 100%, Missed: 0 ==============
[2026-03-22T07:19:15.710Z] [ThreadId(5)] ============== [CBC-TRACE] 65. [service.rs::dvf-finality-sync] Finality check iteration started ==============
2026-03-09 07:19:15 Client finalized head (#40) is ahead of DVF finalized head (#0)!    
[2026-03-22T07:19:15.711Z] [ThreadId(5)] ============== [CBC-TRACE] 66. [service.rs::dvf-finality-sync] DVF finalized block retrieved (block 0) ==============
[2026-03-22T07:19:15.711Z] [ThreadId(5)] ============== [CBC-TRACE] 67. [service.rs::dvf-finality-sync] Client finalized block retrieved (block 40) ==============
[2026-03-22T07:19:15.887Z] [ThreadId(7)] ============== [CBC-TRACE] 40. [dcf.rs::run] Consensus loop iteration started for block 45 ==============
2026-03-09 07:19:15 DCF: Finality advanced from 43 to 44 in epoch 0    
2026-03-09 07:19:15 DCF: Progressive finalization advanced to block 44    
2026-03-09 07:19:15 ProposerFactory: Successfully created block #45 with 1 extrinsics    
2026-03-09 07:19:15 DCF: Finality advanced from 43 to 44 in epoch 0    
2026-03-09 07:19:15 DCF: Progressive finalization advanced to block 44    
2026-03-09 07:19:15 DCF: Computed PoI score for validator=88dc3417d5058ec4b4503e0c12ea1a0a89be200fe98922423d4334014fa6b0ee (5FA9nQDV...), score=0, block=45    
2026-03-09 07:19:15 DCF: Computed PoI score for validator=d17c2d7823ebf260fd138f2d7e27d114c0145d968b5ff5006125f2414fadae69 (5GoNkf6W...), score=0, block=45    
2026-03-09 07:19:15 DCF: Computed PoI score for validator=439660b36c6c03afafca027b910b4fecf99801834c62a5e6006f27d978de234f (5DbKjhNL...), score=0, block=45    
2026-03-09 07:19:15 DCF off-chain worker completed computation    
2026-03-09 07:19:15 🏆 Imported #45 (0xe7f2…6662 → 0x44b8…e5ce)    
2026-03-09 07:19:16 DVF Vote Aggregator: ===== Checking vote accumulation for round 0 =====    
2026-03-09 07:19:16 DVF Vote Aggregator: Total weight: 24000000000000240000, Finality threshold: 16080000000000160800 (67% of total)    
2026-03-09 07:19:16 DVF Vote Aggregator: Found 0 candidate blocks for round 0    
2026-03-09 07:19:16 DVF Vote Aggregator: Vote pool size: 0 votes total    
2026-03-09 07:19:16 💤 Idle (2 peers), best: #45 (0x44b8…e5ce), finalized #40 (0xffc8…977a), ⬇ 3.6kiB/s ⬆ 4.4kiB/s    
2026-03-09 07:19:17 DVF Vote Aggregator: ===== Checking vote accumulation for round 0 =====    
2026-03-09 07:19:17 DVF Vote Aggregator: Total weight: 24000000000000240000, Finality threshold: 16080000000000160800 (67% of total)    
2026-03-09 07:19:17 DVF Vote Aggregator: Found 0 candidate blocks for round 0    
2026-03-09 07:19:17 DVF Vote Aggregator: Vote pool size: 0 votes total    
2026-03-09 07:19:17 DCF Verifier: Block #46 verification passed    
2026-03-09 07:19:17 DCF: Finality advanced from 44 to 45 in epoch 0    
2026-03-09 07:19:17 DCF: Progressive finalization advanced to block 45    
2026-03-09 07:19:17 🏆 Imported #46 (0x44b8…e5ce → 0x56cf…e93d)    
