nohup: ignoring input
Bob's network key not found. Generating...
12D3KooWSdHVLfHW3vmGYMtB4QWYUPW1EewqCzJ3Aqs7R28chLJ7
Connecting Bob to Alice -> /ip4/127.0.0.1/tcp/30333/p2p/12D3KooWHy4zqcf2khvT7FmPAyBmbPQ84VhCQZCbbpwfWS1jY4bm
CBC Node Startup Information
================================
Node Version:     0.1.0
Runtime Version:  0.1.0
Chain:            CBC Chain
Role:             Node
Timestamp:        1771585274
================================
2026-02-20 11:01:14 CBC CHAIN    
2026-02-20 11:01:14 ✌️  version 0.1.0    
2026-02-20 11:01:14 ❤️  by Caerulean ByteChains Private Limited, 2025-2026    
2026-02-20 11:01:14 📋 Chain specification: CBC Local Testnet    
2026-02-20 11:01:14 🏷  Node name: Bob    
2026-02-20 11:01:14 👤 Role: AUTHORITY    
2026-02-20 11:01:14 💾 Database: RocksDb at /tmp/bob/chains/cbc_local/db/full    
2026-02-20 11:01:26 Genesis configuration validation passed    
2026-02-20 11:01:26 Genesis validator 88dc3417d5058ec4b4503e0c12ea1a0a89be200fe98922423d4334014fa6b0ee (5FA9nQDV...) initialized with stake: 10000000000000000000, final_score: 31, name: None    
2026-02-20 11:01:26 Genesis validator d17c2d7823ebf260fd138f2d7e27d114c0145d968b5ff5006125f2414fadae69 (5GoNkf6W...) initialized with stake: 8000000000000000000, final_score: 31, name: None    
2026-02-20 11:01:26 Genesis validator 439660b36c6c03afafca027b910b4fecf99801834c62a5e6006f27d978de234f (5DbKjhNL...) initialized with stake: 6000000000000000000, final_score: 31, name: None    
2026-02-20 11:01:26 DCF: Generated deterministic author sequence for epoch 0 with 100 authors    
2026-02-20 11:01:26 DCF Genesis completed: 3 validators initialized in epoch 0    
2026-02-20 11:01:26 🔨 Initializing Genesis block/state (state: 0x2375…faf0, header-hash: 0x30f4…8fe9)    
2026-02-20 11:01:26  creating SingleState txpool Limit { count: 8192, total_bytes: 20971520 }/Limit { count: 819, total_bytes: 2097152 }.    
2026-02-20 11:01:26 CBC: Consensus metrics initialized successfully in new_partial    
2026-02-20 11:01:26 🏷  Local node identity is: 12D3KooWSdHVLfHW3vmGYMtB4QWYUPW1EewqCzJ3Aqs7R28chLJ7    
2026-02-20 11:01:26 Running libp2p network backend    
2026-02-20 11:01:26 local_peer_id=12D3KooWSdHVLfHW3vmGYMtB4QWYUPW1EewqCzJ3Aqs7R28chLJ7
2026-02-20 11:01:26 discovered peer on address peer=12D3KooWHy4zqcf2khvT7FmPAyBmbPQ84VhCQZCbbpwfWS1jY4bm address=/ip4/172.19.0.1/tcp/30333/p2p/12D3KooWHy4zqcf2khvT7FmPAyBmbPQ84VhCQZCbbpwfWS1jY4bm
2026-02-20 11:01:26 DCF: Consensus monitoring active. Block production handled by Substrate's default mechanisms.    
2026-02-20 11:01:26 CBC: Starting real PoS+PoI consensus engine for block production    
2026-02-20 11:01:26 Producing block #1 with author 88dc3417d5058ec4b4503e0c12ea1a0a89be200fe98922423d4334014fa6b0ee (5FA9nQDV...)    
2026-02-20 11:01:26 ProposerFactory: Successfully created block #1 with 1 extrinsics    
2026-02-20 11:01:26 CBC: Starting consensus metrics updater    
2026-02-20 11:01:26 CBC: Starting block authoring tracking service    
2026-02-20 11:01:26 Block Tracker: Starting block authoring tracking service    
2026-02-20 11:01:26 DCF: Starting finality sync service    
2026-02-20 11:01:26 discovered peer on address peer=12D3KooWHy4zqcf2khvT7FmPAyBmbPQ84VhCQZCbbpwfWS1jY4bm address=/ip4/172.17.0.1/tcp/30333/p2p/12D3KooWHy4zqcf2khvT7FmPAyBmbPQ84VhCQZCbbpwfWS1jY4bm
2026-02-20 11:01:26 discovered peer on address peer=12D3KooWHy4zqcf2khvT7FmPAyBmbPQ84VhCQZCbbpwfWS1jY4bm address=/ip4/10.0.2.15/tcp/30333/p2p/12D3KooWHy4zqcf2khvT7FmPAyBmbPQ84VhCQZCbbpwfWS1jY4bm
2026-02-20 11:01:26 discovered peer on address peer=12D3KooWHy4zqcf2khvT7FmPAyBmbPQ84VhCQZCbbpwfWS1jY4bm address=/ip4/172.21.0.1/tcp/30333/p2p/12D3KooWHy4zqcf2khvT7FmPAyBmbPQ84VhCQZCbbpwfWS1jY4bm
2026-02-20 11:01:26 💻 Operating system: linux    
2026-02-20 11:01:26 💻 CPU architecture: x86_64    
2026-02-20 11:01:26 💻 Target environment: gnu    
2026-02-20 11:01:26 💻 CPU: Intel(R) Xeon(R) E-2224G CPU @ 3.50GHz    
2026-02-20 11:01:26 💻 CPU cores: 6    
2026-02-20 11:01:26 💻 Memory: 9943MB    
2026-02-20 11:01:26 💻 Kernel: 6.17.0-14-generic    
2026-02-20 11:01:26 💻 Linux distribution: Ubuntu 24.04.4 LTS    
2026-02-20 11:01:26 💻 Virtual machine: yes    
2026-02-20 11:01:26 📦 Highest known block at #0    
2026-02-20 11:01:26 Running JSON-RPC server: addr=0.0.0.0:9945,[::]:41333    
2026-02-20 11:01:26 Error binding to '127.0.0.1:9615': Os { code: 98, kind: AddrInUse, message: "Address already in use" }    
2026-02-20 11:01:26 discovered peer on address peer=12D3KooWHy4zqcf2khvT7FmPAyBmbPQ84VhCQZCbbpwfWS1jY4bm address=/ip4/172.18.0.1/tcp/30333/p2p/12D3KooWHy4zqcf2khvT7FmPAyBmbPQ84VhCQZCbbpwfWS1jY4bm
2026-02-20 11:01:26 discovered peer on address peer=12D3KooWHy4zqcf2khvT7FmPAyBmbPQ84VhCQZCbbpwfWS1jY4bm address=/ip4/172.20.0.1/tcp/30333/p2p/12D3KooWHy4zqcf2khvT7FmPAyBmbPQ84VhCQZCbbpwfWS1jY4bm
2026-02-20 11:01:30 discovered peer on address peer=12D3KooWDfeVeZV5xmyb6WQMcEWwygtMAnEjqyQgEbitjdiCure5 address=/ip4/172.18.0.1/tcp/30335/p2p/12D3KooWDfeVeZV5xmyb6WQMcEWwygtMAnEjqyQgEbitjdiCure5
2026-02-20 11:01:30 discovered peer on address peer=12D3KooWDfeVeZV5xmyb6WQMcEWwygtMAnEjqyQgEbitjdiCure5 address=/ip4/172.19.0.1/tcp/30335/p2p/12D3KooWDfeVeZV5xmyb6WQMcEWwygtMAnEjqyQgEbitjdiCure5
2026-02-20 11:01:30 discovered peer on address peer=12D3KooWDfeVeZV5xmyb6WQMcEWwygtMAnEjqyQgEbitjdiCure5 address=/ip4/172.20.0.1/tcp/30335/p2p/12D3KooWDfeVeZV5xmyb6WQMcEWwygtMAnEjqyQgEbitjdiCure5
2026-02-20 11:01:30 discovered peer on address peer=12D3KooWDfeVeZV5xmyb6WQMcEWwygtMAnEjqyQgEbitjdiCure5 address=/ip4/172.21.0.1/tcp/30335/p2p/12D3KooWDfeVeZV5xmyb6WQMcEWwygtMAnEjqyQgEbitjdiCure5
2026-02-20 11:01:30 discovered peer on address peer=12D3KooWDfeVeZV5xmyb6WQMcEWwygtMAnEjqyQgEbitjdiCure5 address=/ip4/172.17.0.1/tcp/30335/p2p/12D3KooWDfeVeZV5xmyb6WQMcEWwygtMAnEjqyQgEbitjdiCure5
2026-02-20 11:01:30 discovered peer on address peer=12D3KooWDfeVeZV5xmyb6WQMcEWwygtMAnEjqyQgEbitjdiCure5 address=/ip4/10.0.2.15/tcp/30335/p2p/12D3KooWDfeVeZV5xmyb6WQMcEWwygtMAnEjqyQgEbitjdiCure5
2026-02-20 11:01:31 DCF Verifier: Block #1 verification passed    
2026-02-20 11:01:31 DCF Verifier: Block #2 verification passed    
2026-02-20 11:01:31 🆕 Imported #1 (0x30f4…8fe9 → 0x418f…9a04)    
2026-02-20 11:01:31 ♻️  Reorg on #1,0x97cd…9847 to #2,0x89c1…fc74, common ancestor #0,0x30f4…8fe9    
2026-02-20 11:01:31 🏆 Imported #2 (0x418f…9a04 → 0x89c1…fc74)    
2026-02-20 11:01:31 💤 Idle (2 peers), best: #2 (0x89c1…fc74), finalized #0 (0x30f4…8fe9), ⬇ 2.2kiB/s ⬆ 2.3kiB/s    
2026-02-20 11:01:32 DCF Finality Sync: Client at block #0, DCF finalized up to #1, syncing...    
2026-02-20 11:01:32 DCF Finality Sync: Sync complete. Client finalized head now at block #1    
2026-02-20 11:01:33 DCF: Finality advanced from 1 to 2 in epoch 0    
2026-02-20 11:01:33 DCF: Progressive finalization advanced to block 2    
2026-02-20 11:01:33 ProposerFactory: Successfully created block #3 with 1 extrinsics    
2026-02-20 11:01:33 DCF: Finality advanced from 1 to 2 in epoch 0    
2026-02-20 11:01:33 DCF: Progressive finalization advanced to block 2    
2026-02-20 11:01:33 🏆 Imported #3 (0x89c1…fc74 → 0xb34a…972b)    
2026-02-20 11:01:36 DCF Verifier: Block #4 verification passed    
2026-02-20 11:01:36 DCF: Finality advanced from 2 to 3 in epoch 0    
2026-02-20 11:01:36 DCF: Progressive finalization advanced to block 3    
2026-02-20 11:01:36 🏆 Imported #4 (0xb34a…972b → 0x9a67…5516)    
2026-02-20 11:01:36 💤 Idle (2 peers), best: #4 (0x9a67…5516), finalized #1 (0x418f…9a04), ⬇ 0.5kiB/s ⬆ 0.6kiB/s    
2026-02-20 11:01:37 DCF Verifier: Block #5 verification passed    
2026-02-20 11:01:37 DCF: Finality advanced from 3 to 4 in epoch 0    
2026-02-20 11:01:37 DCF: Progressive finalization advanced to block 4    
2026-02-20 11:01:37 🏆 Imported #5 (0x9a67…5516 → 0x038c…ca83)    
2026-02-20 11:01:37 DCF: Computed PoI score for validator=88dc3417d5058ec4b4503e0c12ea1a0a89be200fe98922423d4334014fa6b0ee (5FA9nQDV...), score=0, block=5    
2026-02-20 11:01:37 DCF: Computed PoI score for validator=d17c2d7823ebf260fd138f2d7e27d114c0145d968b5ff5006125f2414fadae69 (5GoNkf6W...), score=0, block=5    
2026-02-20 11:01:37 DCF: Computed PoI score for validator=439660b36c6c03afafca027b910b4fecf99801834c62a5e6006f27d978de234f (5DbKjhNL...), score=0, block=5    
2026-02-20 11:01:37 DCF off-chain worker completed computation    
2026-02-20 11:01:38 DCF Finality Sync: Client at block #1, DCF finalized up to #4, syncing...    
2026-02-20 11:01:38 DCF Finality Sync: Sync complete. Client finalized head now at block #4    
2026-02-20 11:01:39 DCF: Finality advanced from 4 to 5 in epoch 0    
2026-02-20 11:01:39 DCF: Progressive finalization advanced to block 5    
2026-02-20 11:01:39 ProposerFactory: Successfully created block #6 with 1 extrinsics    
2026-02-20 11:01:39 DCF: Finality advanced from 4 to 5 in epoch 0    
2026-02-20 11:01:39 DCF: Progressive finalization advanced to block 5    
2026-02-20 11:01:39 🏆 Imported #6 (0x038c…ca83 → 0x9b01…3101)    
2026-02-20 11:01:41 💤 Idle (2 peers), best: #6 (0x9b01…3101), finalized #4 (0x9a67…5516), ⬇ 0.2kiB/s ⬆ 0.4kiB/s    
2026-02-20 11:01:42 DCF Verifier: Block #7 verification passed    
2026-02-20 11:01:42 DCF: Finality advanced from 5 to 6 in epoch 0    
2026-02-20 11:01:42 DCF: Progressive finalization advanced to block 6    
2026-02-20 11:01:42 🏆 Imported #7 (0x9b01…3101 → 0x7db9…c8d8)    
2026-02-20 11:01:43 DCF Verifier: Block #8 verification passed    
2026-02-20 11:01:43 DCF: Finality advanced from 6 to 7 in epoch 0    
2026-02-20 11:01:43 DCF: Progressive finalization advanced to block 7    
2026-02-20 11:01:43 🏆 Imported #8 (0x7db9…c8d8 → 0x9276…757a)    
2026-02-20 11:01:44 DCF Finality Sync: Client at block #4, DCF finalized up to #7, syncing...    
2026-02-20 11:01:44 DCF Finality Sync: Sync complete. Client finalized head now at block #7    
2026-02-20 11:01:45 DCF: Finality advanced from 7 to 8 in epoch 0    
2026-02-20 11:01:45 DCF: Progressive finalization advanced to block 8    
2026-02-20 11:01:45 ProposerFactory: Successfully created block #9 with 1 extrinsics    
2026-02-20 11:01:45 DCF: Finality advanced from 7 to 8 in epoch 0    
2026-02-20 11:01:45 DCF: Progressive finalization advanced to block 8    
2026-02-20 11:01:45 🏆 Imported #9 (0x9276…757a → 0xb4d5…3a71)    
2026-02-20 11:01:46 💤 Idle (2 peers), best: #9 (0xb4d5…3a71), finalized #7 (0x7db9…c8d8), ⬇ 0.6kiB/s ⬆ 0.5kiB/s    
2026-02-20 11:01:48 DCF Verifier: Block #10 verification passed    
2026-02-20 11:01:48 DCF: Finality advanced from 8 to 9 in epoch 0    
2026-02-20 11:01:48 DCF: Progressive finalization advanced to block 9    
2026-02-20 11:01:48 🏆 Imported #10 (0xb4d5…3a71 → 0xec65…df69)    
2026-02-20 11:01:48 DCF: Computed PoI score for validator=88dc3417d5058ec4b4503e0c12ea1a0a89be200fe98922423d4334014fa6b0ee (5FA9nQDV...), score=0, block=10    
2026-02-20 11:01:48 DCF: Computed PoI score for validator=d17c2d7823ebf260fd138f2d7e27d114c0145d968b5ff5006125f2414fadae69 (5GoNkf6W...), score=0, block=10    
2026-02-20 11:01:48 DCF: Computed PoI score for validator=439660b36c6c03afafca027b910b4fecf99801834c62a5e6006f27d978de234f (5DbKjhNL...), score=0, block=10    
2026-02-20 11:01:48 DCF off-chain worker completed computation    
2026-02-20 11:01:49 DCF Verifier: Block #11 verification passed    
2026-02-20 11:01:49 DCF: Finality advanced from 9 to 10 in epoch 0    
2026-02-20 11:01:49 DCF: Progressive finalization advanced to block 10    
2026-02-20 11:01:49 🏆 Imported #11 (0xec65…df69 → 0xc46a…8a8d)    
2026-02-20 11:01:50 DCF Finality Sync: Client at block #7, DCF finalized up to #10, syncing...    
2026-02-20 11:01:50 DCF Finality Sync: Sync complete. Client finalized head now at block #10    
2026-02-20 11:01:51 DCF: Finality advanced from 10 to 11 in epoch 0    
2026-02-20 11:01:51 DCF: Progressive finalization advanced to block 11    
2026-02-20 11:01:51 ProposerFactory: Successfully created block #12 with 1 extrinsics    
2026-02-20 11:01:51 DCF: Finality advanced from 10 to 11 in epoch 0    
2026-02-20 11:01:51 DCF: Progressive finalization advanced to block 11    
2026-02-20 11:01:51 🏆 Imported #12 (0xc46a…8a8d → 0x7295…db86)    
2026-02-20 11:01:51 💤 Idle (2 peers), best: #12 (0x7295…db86), finalized #10 (0xec65…df69), ⬇ 0.2kiB/s ⬆ 0.3kiB/s    
2026-02-20 11:01:54 DCF Verifier: Block #13 verification passed    
2026-02-20 11:01:54 DCF: Finality advanced from 11 to 12 in epoch 0    
2026-02-20 11:01:54 DCF: Progressive finalization advanced to block 12    
2026-02-20 11:01:54 🏆 Imported #13 (0x7295…db86 → 0x59b0…ad8b)    
2026-02-20 11:01:55 DCF Verifier: Block #14 verification passed    
2026-02-20 11:01:55 DCF: Finality advanced from 12 to 13 in epoch 0    
2026-02-20 11:01:55 DCF: Progressive finalization advanced to block 13    
2026-02-20 11:01:55 🏆 Imported #14 (0x59b0…ad8b → 0xc93d…944d)    
2026-02-20 11:01:56 💤 Idle (2 peers), best: #14 (0xc93d…944d), finalized #10 (0xec65…df69), ⬇ 0.3kiB/s ⬆ 0.2kiB/s    
2026-02-20 11:01:56 DCF Finality Sync: Client at block #10, DCF finalized up to #13, syncing...    
2026-02-20 11:01:56 DCF Finality Sync: Sync complete. Client finalized head now at block #13    
2026-02-20 11:01:57 DCF: Finality advanced from 13 to 14 in epoch 0    
2026-02-20 11:01:57 DCF: Progressive finalization advanced to block 14    
2026-02-20 11:01:57 ProposerFactory: Successfully created block #15 with 1 extrinsics    
2026-02-20 11:01:57 DCF: Finality advanced from 13 to 14 in epoch 0    
2026-02-20 11:01:57 DCF: Progressive finalization advanced to block 14    
2026-02-20 11:01:57 DCF: Computed PoI score for validator=88dc3417d5058ec4b4503e0c12ea1a0a89be200fe98922423d4334014fa6b0ee (5FA9nQDV...), score=0, block=15    
2026-02-20 11:01:57 DCF: Computed PoI score for validator=d17c2d7823ebf260fd138f2d7e27d114c0145d968b5ff5006125f2414fadae69 (5GoNkf6W...), score=0, block=15    
2026-02-20 11:01:57 DCF: Computed PoI score for validator=439660b36c6c03afafca027b910b4fecf99801834c62a5e6006f27d978de234f (5DbKjhNL...), score=0, block=15    
2026-02-20 11:01:57 DCF off-chain worker completed computation    
2026-02-20 11:01:57 🏆 Imported #15 (0xc93d…944d → 0x49eb…0ee5)    
2026-02-20 11:02:00 DCF Verifier: Block #16 verification passed    
2026-02-20 11:02:00 DCF: Finality advanced from 14 to 15 in epoch 0    
2026-02-20 11:02:00 DCF: Progressive finalization advanced to block 15    
2026-02-20 11:02:00 🏆 Imported #16 (0x49eb…0ee5 → 0xd5cb…7d0f)    
2026-02-20 11:02:01 DCF Verifier: Block #17 verification passed    
2026-02-20 11:02:01 DCF: Finality advanced from 15 to 16 in epoch 0    
2026-02-20 11:02:01 DCF: Progressive finalization advanced to block 16    
2026-02-20 11:02:01 🏆 Imported #17 (0xd5cb…7d0f → 0x4523…22c8)    
2026-02-20 11:02:01 💤 Idle (2 peers), best: #17 (0x4523…22c8), finalized #13 (0x59b0…ad8b), ⬇ 0.6kiB/s ⬆ 0.5kiB/s    
2026-02-20 11:02:02 DCF Finality Sync: Client at block #13, DCF finalized up to #16, syncing...    
2026-02-20 11:02:02 DCF Finality Sync: Sync complete. Client finalized head now at block #16    
2026-02-20 11:02:03 DCF: Finality advanced from 16 to 17 in epoch 0    
2026-02-20 11:02:03 DCF: Progressive finalization advanced to block 17    
2026-02-20 11:02:03 ProposerFactory: Successfully created block #18 with 1 extrinsics    
2026-02-20 11:02:03 DCF: Finality advanced from 16 to 17 in epoch 0    
2026-02-20 11:02:03 DCF: Progressive finalization advanced to block 17    
2026-02-20 11:02:03 🏆 Imported #18 (0x4523…22c8 → 0x282c…7ca4)    
2026-02-20 11:02:06 DCF Verifier: Block #19 verification passed    
2026-02-20 11:02:06 DCF: Finality advanced from 17 to 18 in epoch 0    
2026-02-20 11:02:06 DCF: Progressive finalization advanced to block 18    
2026-02-20 11:02:06 🏆 Imported #19 (0x282c…7ca4 → 0x1632…8ec0)    
2026-02-20 11:02:06 💤 Idle (2 peers), best: #19 (0x1632…8ec0), finalized #16 (0xd5cb…7d0f), ⬇ 0.2kiB/s ⬆ 0.2kiB/s    
2026-02-20 11:02:07 DCF Verifier: Block #20 verification passed    
2026-02-20 11:02:07 DCF: Finality advanced from 18 to 19 in epoch 0    
2026-02-20 11:02:07 DCF: Progressive finalization advanced to block 19    
2026-02-20 11:02:07 🏆 Imported #20 (0x1632…8ec0 → 0x9204…d061)    
2026-02-20 11:02:07 DCF: Computed PoI score for validator=88dc3417d5058ec4b4503e0c12ea1a0a89be200fe98922423d4334014fa6b0ee (5FA9nQDV...), score=0, block=20    
2026-02-20 11:02:07 DCF: Computed PoI score for validator=d17c2d7823ebf260fd138f2d7e27d114c0145d968b5ff5006125f2414fadae69 (5GoNkf6W...), score=0, block=20    
2026-02-20 11:02:07 DCF: Computed PoI score for validator=439660b36c6c03afafca027b910b4fecf99801834c62a5e6006f27d978de234f (5DbKjhNL...), score=0, block=20    
2026-02-20 11:02:07 DCF off-chain worker completed computation    
2026-02-20 11:02:08 DCF Finality Sync: Client at block #16, DCF finalized up to #19, syncing...    
2026-02-20 11:02:08 DCF Finality Sync: Sync complete. Client finalized head now at block #19    
2026-02-20 11:02:09 Producing block #21 with author 439660b36c6c03afafca027b910b4fecf99801834c62a5e6006f27d978de234f (5DbKjhNL...)    
2026-02-20 11:02:09 DCF: Finality advanced from 19 to 20 in epoch 0    
2026-02-20 11:02:09 DCF: Progressive finalization advanced to block 20    
2026-02-20 11:02:09 ProposerFactory: Successfully created block #21 with 1 extrinsics    
2026-02-20 11:02:09 DCF: Finality advanced from 19 to 20 in epoch 0    
2026-02-20 11:02:09 DCF: Progressive finalization advanced to block 20    
2026-02-20 11:02:09 🏆 Imported #21 (0x9204…d061 → 0x7bcd…56cc)    
2026-02-20 11:02:11 💤 Idle (2 peers), best: #21 (0x7bcd…56cc), finalized #19 (0x1632…8ec0), ⬇ 0.2kiB/s ⬆ 0.2kiB/s    
2026-02-20 11:02:12 DCF Verifier: Block #22 verification passed    
2026-02-20 11:02:12 DCF: Finality advanced from 20 to 21 in epoch 0    
2026-02-20 11:02:12 DCF: Progressive finalization advanced to block 21    
2026-02-20 11:02:12 🏆 Imported #22 (0x7bcd…56cc → 0xf949…9ecc)    
2026-02-20 11:02:13 DCF Verifier: Block #23 verification passed    
2026-02-20 11:02:13 DCF: Finality advanced from 21 to 22 in epoch 0    
2026-02-20 11:02:13 DCF: Progressive finalization advanced to block 22    
2026-02-20 11:02:13 🏆 Imported #23 (0xf949…9ecc → 0xc6e8…7737)    
2026-02-20 11:02:14 DCF Finality Sync: Client at block #19, DCF finalized up to #22, syncing...    
2026-02-20 11:02:14 DCF Finality Sync: Sync complete. Client finalized head now at block #22    
2026-02-20 11:02:15 DCF: Finality advanced from 22 to 23 in epoch 0    
2026-02-20 11:02:15 DCF: Progressive finalization advanced to block 23    
2026-02-20 11:02:15 ProposerFactory: Successfully created block #24 with 1 extrinsics    
2026-02-20 11:02:15 DCF: Finality advanced from 22 to 23 in epoch 0    
2026-02-20 11:02:15 DCF: Progressive finalization advanced to block 23    
2026-02-20 11:02:15 🏆 Imported #24 (0xc6e8…7737 → 0xc94f…22e4)    
2026-02-20 11:02:16 💤 Idle (2 peers), best: #24 (0xc94f…22e4), finalized #22 (0xf949…9ecc), ⬇ 0.3kiB/s ⬆ 0.3kiB/s    
2026-02-20 11:02:18 DCF Verifier: Block #25 verification passed    
2026-02-20 11:02:18 DCF: Finality advanced from 23 to 24 in epoch 0    
2026-02-20 11:02:18 DCF: Progressive finalization advanced to block 24    
2026-02-20 11:02:18 🏆 Imported #25 (0xc94f…22e4 → 0xdf62…3d23)    
2026-02-20 11:02:18 DCF: Computed PoI score for validator=88dc3417d5058ec4b4503e0c12ea1a0a89be200fe98922423d4334014fa6b0ee (5FA9nQDV...), score=0, block=25    
2026-02-20 11:02:18 DCF: Computed PoI score for validator=d17c2d7823ebf260fd138f2d7e27d114c0145d968b5ff5006125f2414fadae69 (5GoNkf6W...), score=0, block=25    
2026-02-20 11:02:18 DCF: Computed PoI score for validator=439660b36c6c03afafca027b910b4fecf99801834c62a5e6006f27d978de234f (5DbKjhNL...), score=0, block=25    
2026-02-20 11:02:18 DCF off-chain worker completed computation    
2026-02-20 11:02:19 DCF Verifier: Block #26 verification passed    
2026-02-20 11:02:19 DCF: Finality advanced from 24 to 25 in epoch 0    
2026-02-20 11:02:19 DCF: Progressive finalization advanced to block 25    
2026-02-20 11:02:19 🏆 Imported #26 (0xdf62…3d23 → 0x2c4e…d44d)    
2026-02-20 11:02:21 DCF Finality Sync: Client at block #22, DCF finalized up to #25, syncing...    
2026-02-20 11:02:21 DCF Finality Sync: Sync complete. Client finalized head now at block #25    
2026-02-20 11:02:21 DCF: Finality advanced from 25 to 26 in epoch 0    
2026-02-20 11:02:21 DCF: Progressive finalization advanced to block 26    
2026-02-20 11:02:21 ProposerFactory: Successfully created block #27 with 1 extrinsics    
2026-02-20 11:02:21 DCF: Finality advanced from 25 to 26 in epoch 0    
2026-02-20 11:02:21 DCF: Progressive finalization advanced to block 26    
2026-02-20 11:02:21 🏆 Imported #27 (0x2c4e…d44d → 0xa2fc…9003)    
2026-02-20 11:02:21 💤 Idle (2 peers), best: #27 (0xa2fc…9003), finalized #25 (0xdf62…3d23), ⬇ 0.3kiB/s ⬆ 0.3kiB/s    
2026-02-20 11:02:25 DCF Verifier: Block #28 verification passed    
2026-02-20 11:02:25 DCF: Finality advanced from 26 to 27 in epoch 0    
2026-02-20 11:02:25 DCF: Progressive finalization advanced to block 27    
2026-02-20 11:02:25 🏆 Imported #28 (0xa2fc…9003 → 0xec59…5bae)    
2026-02-20 11:02:25 DCF Verifier: Block #29 verification passed    
2026-02-20 11:02:25 DCF: Finality advanced from 27 to 28 in epoch 0    
2026-02-20 11:02:25 DCF: Progressive finalization advanced to block 28    
2026-02-20 11:02:25 🏆 Imported #29 (0xec59…5bae → 0xad2a…beee)    
2026-02-20 11:02:26 💤 Idle (2 peers), best: #29 (0xad2a…beee), finalized #25 (0xdf62…3d23), ⬇ 0.3kiB/s ⬆ 0.3kiB/s    
2026-02-20 11:02:27 DCF Finality Sync: Client at block #25, DCF finalized up to #28, syncing...    
2026-02-20 11:02:27 DCF Finality Sync: Sync complete. Client finalized head now at block #28    
2026-02-20 11:02:27 DCF: Finality advanced from 28 to 29 in epoch 0    
2026-02-20 11:02:27 DCF: Progressive finalization advanced to block 29    
2026-02-20 11:02:27 ProposerFactory: Successfully created block #30 with 1 extrinsics    
2026-02-20 11:02:27 DCF: Finality advanced from 28 to 29 in epoch 0    
2026-02-20 11:02:27 DCF: Progressive finalization advanced to block 29    
2026-02-20 11:02:27 DCF: Computed PoI score for validator=88dc3417d5058ec4b4503e0c12ea1a0a89be200fe98922423d4334014fa6b0ee (5FA9nQDV...), score=0, block=30    
2026-02-20 11:02:27 DCF: Computed PoI score for validator=d17c2d7823ebf260fd138f2d7e27d114c0145d968b5ff5006125f2414fadae69 (5GoNkf6W...), score=0, block=30    
2026-02-20 11:02:27 DCF: Computed PoI score for validator=439660b36c6c03afafca027b910b4fecf99801834c62a5e6006f27d978de234f (5DbKjhNL...), score=0, block=30    
2026-02-20 11:02:27 DCF off-chain worker completed computation    
2026-02-20 11:02:27 PoS+PoI: Consensus Health - Block: 30, Slot: 11, Validators: 3, Healthy: 3, Avg Score: 97    
2026-02-20 11:02:27 🏆 Imported #30 (0xad2a…beee → 0x4fdb…2229)    
2026-02-20 11:02:31 DCF Verifier: Block #31 verification passed    
2026-02-20 11:02:31 DCF: Finality advanced from 29 to 30 in epoch 0    
2026-02-20 11:02:31 DCF: Progressive finalization advanced to block 30    
2026-02-20 11:02:31 🏆 Imported #31 (0x4fdb…2229 → 0x9281…7d49)    
2026-02-20 11:02:31 DCF Verifier: Block #32 verification passed    
2026-02-20 11:02:31 DCF: Finality advanced from 30 to 31 in epoch 0    
2026-02-20 11:02:31 DCF: Progressive finalization advanced to block 31    
2026-02-20 11:02:31 🏆 Imported #32 (0x9281…7d49 → 0xf643…db2b)    
2026-02-20 11:02:31 💤 Idle (2 peers), best: #32 (0xf643…db2b), finalized #28 (0xec59…5bae), ⬇ 0.6kiB/s ⬆ 0.3kiB/s    
2026-02-20 11:02:33 DCF Finality Sync: Client at block #28, DCF finalized up to #31, syncing...    
2026-02-20 11:02:33 DCF Finality Sync: Sync complete. Client finalized head now at block #31    
2026-02-20 11:02:33 DCF: Finality advanced from 31 to 32 in epoch 0    
2026-02-20 11:02:33 DCF: Progressive finalization advanced to block 32    
2026-02-20 11:02:33 ProposerFactory: Successfully created block #33 with 1 extrinsics    
2026-02-20 11:02:33 DCF: Finality advanced from 31 to 32 in epoch 0    
2026-02-20 11:02:33 DCF: Progressive finalization advanced to block 32    
2026-02-20 11:02:33 🏆 Imported #33 (0xf643…db2b → 0x0746…41a7)    
2026-02-20 11:02:36 💤 Idle (2 peers), best: #33 (0x0746…41a7), finalized #31 (0x9281…7d49), ⬇ 82 B/s ⬆ 0.3kiB/s    
2026-02-20 11:02:37 DCF Verifier: Block #34 verification passed    
2026-02-20 11:02:37 DCF: Finality advanced from 32 to 33 in epoch 0    
2026-02-20 11:02:37 DCF: Progressive finalization advanced to block 33    
2026-02-20 11:02:37 🏆 Imported #34 (0x0746…41a7 → 0xab4c…68f0)    
2026-02-20 11:02:37 DCF Verifier: Block #35 verification passed    
2026-02-20 11:02:37 DCF: Finality advanced from 33 to 34 in epoch 0    
2026-02-20 11:02:37 DCF: Progressive finalization advanced to block 34    
2026-02-20 11:02:37 🏆 Imported #35 (0xab4c…68f0 → 0x4243…2fbe)    
2026-02-20 11:02:37 DCF: Computed PoI score for validator=88dc3417d5058ec4b4503e0c12ea1a0a89be200fe98922423d4334014fa6b0ee (5FA9nQDV...), score=0, block=35    
2026-02-20 11:02:37 DCF: Computed PoI score for validator=d17c2d7823ebf260fd138f2d7e27d114c0145d968b5ff5006125f2414fadae69 (5GoNkf6W...), score=0, block=35    
2026-02-20 11:02:37 DCF: Computed PoI score for validator=439660b36c6c03afafca027b910b4fecf99801834c62a5e6006f27d978de234f (5DbKjhNL...), score=0, block=35    
2026-02-20 11:02:37 DCF off-chain worker completed computation    
2026-02-20 11:02:39 DCF Finality Sync: Client at block #31, DCF finalized up to #34, syncing...    
2026-02-20 11:02:39 DCF Finality Sync: Sync complete. Client finalized head now at block #34    
2026-02-20 11:02:39 DCF: Finality advanced from 34 to 35 in epoch 0    
2026-02-20 11:02:39 DCF: Progressive finalization advanced to block 35    
2026-02-20 11:02:39 ProposerFactory: Successfully created block #36 with 1 extrinsics    
2026-02-20 11:02:39 DCF: Finality advanced from 34 to 35 in epoch 0    
2026-02-20 11:02:39 DCF: Progressive finalization advanced to block 35    
2026-02-20 11:02:39 🏆 Imported #36 (0x4243…2fbe → 0xd4f2…7da9)    
2026-02-20 11:02:41 💤 Idle (2 peers), best: #36 (0xd4f2…7da9), finalized #34 (0xab4c…68f0), ⬇ 0.3kiB/s ⬆ 0.3kiB/s    
2026-02-20 11:02:43 DCF Verifier: Block #37 verification passed    
2026-02-20 11:02:43 DCF: Finality advanced from 35 to 36 in epoch 0    
2026-02-20 11:02:43 DCF: Progressive finalization advanced to block 36    
2026-02-20 11:02:43 🏆 Imported #37 (0xd4f2…7da9 → 0x0b1a…3df0)    
2026-02-20 11:02:43 DCF Verifier: Block #38 verification passed    
2026-02-20 11:02:43 DCF: Finality advanced from 36 to 37 in epoch 0    
2026-02-20 11:02:43 DCF: Progressive finalization advanced to block 37    
2026-02-20 11:02:43 🏆 Imported #38 (0x0b1a…3df0 → 0x7924…b8de)    
2026-02-20 11:02:45 DCF Finality Sync: Client at block #34, DCF finalized up to #37, syncing...    
2026-02-20 11:02:45 DCF Finality Sync: Sync complete. Client finalized head now at block #37    
2026-02-20 11:02:45 DCF: Finality advanced from 37 to 38 in epoch 0    
2026-02-20 11:02:45 DCF: Progressive finalization advanced to block 38    
2026-02-20 11:02:45 ProposerFactory: Successfully created block #39 with 1 extrinsics    
2026-02-20 11:02:45 DCF: Finality advanced from 37 to 38 in epoch 0    
2026-02-20 11:02:45 DCF: Progressive finalization advanced to block 38    
2026-02-20 11:02:45 🏆 Imported #39 (0x7924…b8de → 0x26b4…86e2)    
2026-02-20 11:02:46 💤 Idle (2 peers), best: #39 (0x26b4…86e2), finalized #37 (0x0b1a…3df0), ⬇ 0.3kiB/s ⬆ 0.3kiB/s    
2026-02-20 11:02:49 DCF Verifier: Block #40 verification passed    
2026-02-20 11:02:49 DCF: Finality advanced from 38 to 39 in epoch 0    
2026-02-20 11:02:49 DCF: Progressive finalization advanced to block 39    
2026-02-20 11:02:49 🏆 Imported #40 (0x26b4…86e2 → 0x882f…e32c)    
2026-02-20 11:02:49 DCF: Computed PoI score for validator=88dc3417d5058ec4b4503e0c12ea1a0a89be200fe98922423d4334014fa6b0ee (5FA9nQDV...), score=0, block=40    
2026-02-20 11:02:49 DCF: Computed PoI score for validator=d17c2d7823ebf260fd138f2d7e27d114c0145d968b5ff5006125f2414fadae69 (5GoNkf6W...), score=0, block=40    
2026-02-20 11:02:49 DCF: Computed PoI score for validator=439660b36c6c03afafca027b910b4fecf99801834c62a5e6006f27d978de234f (5DbKjhNL...), score=0, block=40    
2026-02-20 11:02:49 DCF off-chain worker completed computation    
2026-02-20 11:02:49 DCF Verifier: Block #41 verification passed    
2026-02-20 11:02:49 DCF: Finality advanced from 39 to 40 in epoch 0    
2026-02-20 11:02:49 DCF: Progressive finalization advanced to block 40    
2026-02-20 11:02:49 🏆 Imported #41 (0x882f…e32c → 0x3945…0d87)    
2026-02-20 11:02:51 DCF Finality Sync: Client at block #37, DCF finalized up to #40, syncing...    
2026-02-20 11:02:51 DCF Finality Sync: Sync complete. Client finalized head now at block #40    
2026-02-20 11:02:51 💤 Idle (2 peers), best: #41 (0x3945…0d87), finalized #40 (0x882f…e32c), ⬇ 0.2kiB/s ⬆ 84 B/s    
2026-02-20 11:02:51 DCF: Finality advanced from 40 to 41 in epoch 0    
2026-02-20 11:02:51 DCF: Progressive finalization advanced to block 41    
2026-02-20 11:02:51 ProposerFactory: Successfully created block #42 with 1 extrinsics    
2026-02-20 11:02:51 DCF: Finality advanced from 40 to 41 in epoch 0    
2026-02-20 11:02:51 DCF: Progressive finalization advanced to block 41    
2026-02-20 11:02:52 🏆 Imported #42 (0x3945…0d87 → 0xba7f…6540)    
2026-02-20 11:02:55 DCF Verifier: Block #43 verification passed    
2026-02-20 11:02:55 DCF: Finality advanced from 41 to 42 in epoch 0    
2026-02-20 11:02:55 DCF: Progressive finalization advanced to block 42    
2026-02-20 11:02:55 🏆 Imported #43 (0xba7f…6540 → 0xcb5e…5121)    
2026-02-20 11:02:55 DCF Verifier: Block #44 verification passed    
2026-02-20 11:02:55 DCF: Finality advanced from 42 to 43 in epoch 0    
2026-02-20 11:02:55 DCF: Progressive finalization advanced to block 43    
2026-02-20 11:02:55 🏆 Imported #44 (0xcb5e…5121 → 0x7a57…1f8a)    
2026-02-20 11:02:56 💤 Idle (2 peers), best: #44 (0x7a57…1f8a), finalized #40 (0x882f…e32c), ⬇ 0.3kiB/s ⬆ 0.3kiB/s    
2026-02-20 11:02:57 DCF Finality Sync: Client at block #40, DCF finalized up to #43, syncing...    
2026-02-20 11:02:57 DCF Finality Sync: Sync complete. Client finalized head now at block #43    
2026-02-20 11:02:58 DCF: Finality advanced from 43 to 44 in epoch 0    
2026-02-20 11:02:58 DCF: Progressive finalization advanced to block 44    
2026-02-20 11:02:58 ProposerFactory: Successfully created block #45 with 1 extrinsics    
2026-02-20 11:02:58 DCF: Finality advanced from 43 to 44 in epoch 0    
2026-02-20 11:02:58 DCF: Progressive finalization advanced to block 44    
2026-02-20 11:02:58 DCF: Computed PoI score for validator=88dc3417d5058ec4b4503e0c12ea1a0a89be200fe98922423d4334014fa6b0ee (5FA9nQDV...), score=0, block=45    
2026-02-20 11:02:58 DCF: Computed PoI score for validator=d17c2d7823ebf260fd138f2d7e27d114c0145d968b5ff5006125f2414fadae69 (5GoNkf6W...), score=0, block=45    
2026-02-20 11:02:58 DCF: Computed PoI score for validator=439660b36c6c03afafca027b910b4fecf99801834c62a5e6006f27d978de234f (5DbKjhNL...), score=0, block=45    
2026-02-20 11:02:58 DCF off-chain worker completed computation    
2026-02-20 11:02:58 🏆 Imported #45 (0x7a57…1f8a → 0xe5b0…7509)    
2026-02-20 11:03:01 DCF Verifier: Block #46 verification passed    
2026-02-20 11:03:01 DCF: Finality advanced from 44 to 45 in epoch 0    
2026-02-20 11:03:01 DCF: Progressive finalization advanced to block 45    
2026-02-20 11:03:01 🏆 Imported #46 (0xe5b0…7509 → 0x4ee8…5414)    
2026-02-20 11:03:01 DCF Verifier: Block #47 verification passed    
2026-02-20 11:03:01 DCF: Finality advanced from 45 to 46 in epoch 0    
2026-02-20 11:03:01 DCF: Progressive finalization advanced to block 46    
2026-02-20 11:03:01 🏆 Imported #47 (0x4ee8…5414 → 0xf5fd…f3db)    
2026-02-20 11:03:01 💤 Idle (2 peers), best: #47 (0xf5fd…f3db), finalized #43 (0xcb5e…5121), ⬇ 0.2kiB/s ⬆ 0.3kiB/s    
2026-02-20 11:03:03 DCF Finality Sync: Client at block #43, DCF finalized up to #46, syncing...    
2026-02-20 11:03:03 DCF Finality Sync: Sync complete. Client finalized head now at block #46    
2026-02-20 11:03:04 DCF: Finality advanced from 46 to 47 in epoch 0    
2026-02-20 11:03:04 DCF: Progressive finalization advanced to block 47    
2026-02-20 11:03:04 ProposerFactory: Successfully created block #48 with 1 extrinsics    
2026-02-20 11:03:04 DCF: Finality advanced from 46 to 47 in epoch 0    
2026-02-20 11:03:04 DCF: Progressive finalization advanced to block 47    
2026-02-20 11:03:04 🏆 Imported #48 (0xf5fd…f3db → 0x798b…990b)    
2026-02-20 11:03:06 💤 Idle (2 peers), best: #48 (0x798b…990b), finalized #46 (0x4ee8…5414), ⬇ 56 B/s ⬆ 0.2kiB/s    
2026-02-20 11:03:07 DCF Verifier: Block #49 verification passed    
2026-02-20 11:03:07 DCF: Finality advanced from 47 to 48 in epoch 0    
2026-02-20 11:03:07 DCF: Progressive finalization advanced to block 48    
2026-02-20 11:03:07 🏆 Imported #49 (0x798b…990b → 0x6119…0baa)    
2026-02-20 11:03:07 DCF Verifier: Block #50 verification passed    
2026-02-20 11:03:07 DCF: Finality advanced from 48 to 49 in epoch 0    
2026-02-20 11:03:07 DCF: Progressive finalization advanced to block 49    
2026-02-20 11:03:07 🏆 Imported #50 (0x6119…0baa → 0xb585…dab8)    
2026-02-20 11:03:07 DCF: Computed PoI score for validator=88dc3417d5058ec4b4503e0c12ea1a0a89be200fe98922423d4334014fa6b0ee (5FA9nQDV...), score=0, block=50    
2026-02-20 11:03:07 DCF: Computed PoI score for validator=d17c2d7823ebf260fd138f2d7e27d114c0145d968b5ff5006125f2414fadae69 (5GoNkf6W...), score=0, block=50    
2026-02-20 11:03:07 DCF: Computed PoI score for validator=439660b36c6c03afafca027b910b4fecf99801834c62a5e6006f27d978de234f (5DbKjhNL...), score=0, block=50    
2026-02-20 11:03:07 DCF off-chain worker completed computation    
2026-02-20 11:03:09 DCF Finality Sync: Client at block #46, DCF finalized up to #49, syncing...    
2026-02-20 11:03:09 DCF Finality Sync: Sync complete. Client finalized head now at block #49    
2026-02-20 11:03:10 Producing block #51 with author 88dc3417d5058ec4b4503e0c12ea1a0a89be200fe98922423d4334014fa6b0ee (5FA9nQDV...)    
2026-02-20 11:03:10 DCF: Finality advanced from 49 to 50 in epoch 0    
2026-02-20 11:03:10 DCF: Progressive finalization advanced to block 50    
2026-02-20 11:03:10 ProposerFactory: Successfully created block #51 with 1 extrinsics    
2026-02-20 11:03:10 DCF: Finality advanced from 49 to 50 in epoch 0    
2026-02-20 11:03:10 DCF: Progressive finalization advanced to block 50    
2026-02-20 11:03:10 🏆 Imported #51 (0xb585…dab8 → 0x84bd…9695)    
2026-02-20 11:03:11 💤 Idle (2 peers), best: #51 (0x84bd…9695), finalized #49 (0x6119…0baa), ⬇ 0.3kiB/s ⬆ 0.3kiB/s    
2026-02-20 11:03:13 DCF Verifier: Block #52 verification passed    
2026-02-20 11:03:13 DCF: Finality advanced from 50 to 51 in epoch 0    
2026-02-20 11:03:13 DCF: Progressive finalization advanced to block 51    
2026-02-20 11:03:13 🏆 Imported #52 (0x84bd…9695 → 0x9786…61f1)    
2026-02-20 11:03:13 DCF Verifier: Block #53 verification passed    
2026-02-20 11:03:13 DCF: Finality advanced from 51 to 52 in epoch 0    
2026-02-20 11:03:13 DCF: Progressive finalization advanced to block 52    
2026-02-20 11:03:13 🏆 Imported #53 (0x9786…61f1 → 0x4d9f…2429)    
2026-02-20 11:03:15 DCF Finality Sync: Client at block #49, DCF finalized up to #52, syncing...    
2026-02-20 11:03:15 DCF Finality Sync: Sync complete. Client finalized head now at block #52    
2026-02-20 11:03:16 DCF: Finality advanced from 52 to 53 in epoch 0    
2026-02-20 11:03:16 DCF: Progressive finalization advanced to block 53    
2026-02-20 11:03:16 ProposerFactory: Successfully created block #54 with 1 extrinsics    
2026-02-20 11:03:16 DCF: Finality advanced from 52 to 53 in epoch 0    
2026-02-20 11:03:16 DCF: Progressive finalization advanced to block 53    
2026-02-20 11:03:16 🏆 Imported #54 (0x4d9f…2429 → 0x0083…494d)    
2026-02-20 11:03:16 💤 Idle (2 peers), best: #54 (0x0083…494d), finalized #52 (0x9786…61f1), ⬇ 0.3kiB/s ⬆ 0.3kiB/s    
2026-02-20 11:03:19 DCF Verifier: Block #55 verification passed    
2026-02-20 11:03:19 DCF: Finality advanced from 53 to 54 in epoch 0    
2026-02-20 11:03:19 DCF: Progressive finalization advanced to block 54    
2026-02-20 11:03:19 🏆 Imported #55 (0x0083…494d → 0xd6df…9e84)    
2026-02-20 11:03:19 DCF: Computed PoI score for validator=88dc3417d5058ec4b4503e0c12ea1a0a89be200fe98922423d4334014fa6b0ee (5FA9nQDV...), score=0, block=55    
2026-02-20 11:03:19 DCF: Computed PoI score for validator=d17c2d7823ebf260fd138f2d7e27d114c0145d968b5ff5006125f2414fadae69 (5GoNkf6W...), score=0, block=55    
2026-02-20 11:03:19 DCF: Computed PoI score for validator=439660b36c6c03afafca027b910b4fecf99801834c62a5e6006f27d978de234f (5DbKjhNL...), score=0, block=55    
2026-02-20 11:03:19 DCF off-chain worker completed computation    
2026-02-20 11:03:19 DCF Verifier: Block #56 verification passed    
2026-02-20 11:03:19 DCF: Finality advanced from 54 to 55 in epoch 0    
2026-02-20 11:03:19 DCF: Progressive finalization advanced to block 55    
2026-02-20 11:03:19 🏆 Imported #56 (0xd6df…9e84 → 0x8faa…836c)    
2026-02-20 11:03:21 DCF Finality Sync: Client at block #52, DCF finalized up to #55, syncing...    
2026-02-20 11:03:21 DCF Finality Sync: Sync complete. Client finalized head now at block #55    
2026-02-20 11:03:21 💤 Idle (2 peers), best: #56 (0x8faa…836c), finalized #55 (0xd6df…9e84), ⬇ 0.2kiB/s ⬆ 0.2kiB/s    
2026-02-20 11:03:22 DCF: Finality advanced from 55 to 56 in epoch 0    
2026-02-20 11:03:22 DCF: Progressive finalization advanced to block 56    
2026-02-20 11:03:22 ProposerFactory: Successfully created block #57 with 1 extrinsics    
2026-02-20 11:03:22 DCF: Finality advanced from 55 to 56 in epoch 0    
2026-02-20 11:03:22 DCF: Progressive finalization advanced to block 56    
2026-02-20 11:03:22 🏆 Imported #57 (0x8faa…836c → 0xc28f…108f)    
2026-02-20 11:03:25 DCF Verifier: Block #58 verification passed    
2026-02-20 11:03:25 DCF: Finality advanced from 56 to 57 in epoch 0    
2026-02-20 11:03:25 DCF: Progressive finalization advanced to block 57    
2026-02-20 11:03:25 🏆 Imported #58 (0xc28f…108f → 0x66e6…208f)    
2026-02-20 11:03:26 DCF Verifier: Block #59 verification passed    
2026-02-20 11:03:26 DCF: Finality advanced from 57 to 58 in epoch 0    
2026-02-20 11:03:26 DCF: Progressive finalization advanced to block 58    
2026-02-20 11:03:26 🏆 Imported #59 (0x66e6…208f → 0xffae…0434)    
2026-02-20 11:03:26 Block Tracker: Statistics Report    
2026-02-20 11:03:26   Service uptime: 120.111498618s    
2026-02-20 11:03:26   Total blocks tracked: 59    
2026-02-20 11:03:26   Active validators monitored: 3    
2026-02-20 11:03:26   Overall participation rate: 100.00%    
2026-02-20 11:03:26   Total blocks authored: 59    
2026-02-20 11:03:26   Total blocks missed: 0    
2026-02-20 11:03:26   Top performers:    
2026-02-20 11:03:26     439660b36c6c03afafca027b910b4fecf99801834c62a5e6006f27d978de234f (5DbKjhNL...): 100.00% (20/20 blocks)    
2026-02-20 11:03:26     88dc3417d5058ec4b4503e0c12ea1a0a89be200fe98922423d4334014fa6b0ee (5FA9nQDV...): 100.00% (23/23 blocks)    
2026-02-20 11:03:26     d17c2d7823ebf260fd138f2d7e27d114c0145d968b5ff5006125f2414fadae69 (5GoNkf6W...): 100.00% (16/16 blocks)    
2026-02-20 11:03:26 💤 Idle (2 peers), best: #59 (0xffae…0434), finalized #55 (0xd6df…9e84), ⬇ 0.3kiB/s ⬆ 0.5kiB/s    
2026-02-20 11:03:27 DCF Finality Sync: Client at block #55, DCF finalized up to #58, syncing...    
2026-02-20 11:03:27 DCF Finality Sync: Sync complete. Client finalized head now at block #58    
2026-02-20 11:03:28 DCF: Finality advanced from 58 to 59 in epoch 0    
2026-02-20 11:03:28 DCF: Progressive finalization advanced to block 59    
2026-02-20 11:03:28 ProposerFactory: Successfully created block #60 with 1 extrinsics    
2026-02-20 11:03:28 DCF: Finality advanced from 58 to 59 in epoch 0    
2026-02-20 11:03:28 DCF: Progressive finalization advanced to block 59    
2026-02-20 11:03:28 DCF: Computed PoI score for validator=88dc3417d5058ec4b4503e0c12ea1a0a89be200fe98922423d4334014fa6b0ee (5FA9nQDV...), score=0, block=60    
2026-02-20 11:03:28 DCF: Computed PoI score for validator=d17c2d7823ebf260fd138f2d7e27d114c0145d968b5ff5006125f2414fadae69 (5GoNkf6W...), score=0, block=60    
2026-02-20 11:03:28 DCF: Computed PoI score for validator=439660b36c6c03afafca027b910b4fecf99801834c62a5e6006f27d978de234f (5DbKjhNL...), score=0, block=60    
2026-02-20 11:03:28 DCF off-chain worker completed computation    
2026-02-20 11:03:28 PoS+PoI: Consensus Health - Block: 60, Slot: 21, Validators: 3, Healthy: 3, Avg Score: 100    
2026-02-20 11:03:28 🏆 Imported #60 (0xffae…0434 → 0x91d1…82b6)    
2026-02-20 11:03:31 DCF Verifier: Block #61 verification passed    
2026-02-20 11:03:31 DCF: Finality advanced from 59 to 60 in epoch 0    
2026-02-20 11:03:31 DCF: Progressive finalization advanced to block 60    
2026-02-20 11:03:31 🏆 Imported #61 (0x91d1…82b6 → 0x7440…ef70)    
2026-02-20 11:03:31 💤 Idle (2 peers), best: #61 (0x7440…ef70), finalized #58 (0x66e6…208f), ⬇ 0.5kiB/s ⬆ 0.3kiB/s    
2026-02-20 11:03:32 DCF Verifier: Block #62 verification passed    
2026-02-20 11:03:32 DCF: Finality advanced from 60 to 61 in epoch 0    
2026-02-20 11:03:32 DCF: Progressive finalization advanced to block 61    
2026-02-20 11:03:32 🏆 Imported #62 (0x7440…ef70 → 0x41cc…c65c)    
2026-02-20 11:03:33 DCF Finality Sync: Client at block #58, DCF finalized up to #61, syncing...    
2026-02-20 11:03:33 DCF Finality Sync: Sync complete. Client finalized head now at block #61    
2026-02-20 11:03:34 DCF: Finality advanced from 61 to 62 in epoch 0    
2026-02-20 11:03:34 DCF: Progressive finalization advanced to block 62    
2026-02-20 11:03:34 ProposerFactory: Successfully created block #63 with 1 extrinsics    
2026-02-20 11:03:34 DCF: Finality advanced from 61 to 62 in epoch 0    
2026-02-20 11:03:34 DCF: Progressive finalization advanced to block 62    
2026-02-20 11:03:34 🏆 Imported #63 (0x41cc…c65c → 0xe896…b2d4)    
2026-02-20 11:03:36 💤 Idle (2 peers), best: #63 (0xe896…b2d4), finalized #61 (0x7440…ef70), ⬇ 0.2kiB/s ⬆ 0.4kiB/s    
2026-02-20 11:03:37 DCF Verifier: Block #64 verification passed    
2026-02-20 11:03:37 DCF: Finality advanced from 62 to 63 in epoch 0    
2026-02-20 11:03:37 DCF: Progressive finalization advanced to block 63    
2026-02-20 11:03:37 🏆 Imported #64 (0xe896…b2d4 → 0x2388…e40f)    
2026-02-20 11:03:38 DCF Verifier: Block #65 verification passed    
2026-02-20 11:03:38 DCF: Finality advanced from 63 to 64 in epoch 0    
2026-02-20 11:03:38 DCF: Progressive finalization advanced to block 64    
2026-02-20 11:03:38 🏆 Imported #65 (0x2388…e40f → 0x09c2…9dee)    
2026-02-20 11:03:38 DCF: Computed PoI score for validator=88dc3417d5058ec4b4503e0c12ea1a0a89be200fe98922423d4334014fa6b0ee (5FA9nQDV...), score=0, block=65    
2026-02-20 11:03:38 DCF: Computed PoI score for validator=d17c2d7823ebf260fd138f2d7e27d114c0145d968b5ff5006125f2414fadae69 (5GoNkf6W...), score=0, block=65    
2026-02-20 11:03:38 DCF: Computed PoI score for validator=439660b36c6c03afafca027b910b4fecf99801834c62a5e6006f27d978de234f (5DbKjhNL...), score=0, block=65    
2026-02-20 11:03:38 DCF off-chain worker completed computation    
2026-02-20 11:03:39 DCF Finality Sync: Client at block #61, DCF finalized up to #64, syncing...    
2026-02-20 11:03:39 DCF Finality Sync: Sync complete. Client finalized head now at block #64    
2026-02-20 11:03:40 DCF: Finality advanced from 64 to 65 in epoch 0    
2026-02-20 11:03:40 DCF: Progressive finalization advanced to block 65    
2026-02-20 11:03:40 ProposerFactory: Successfully created block #66 with 1 extrinsics    
2026-02-20 11:03:40 DCF: Finality advanced from 64 to 65 in epoch 0    
2026-02-20 11:03:40 DCF: Progressive finalization advanced to block 65    
2026-02-20 11:03:40 🏆 Imported #66 (0x09c2…9dee → 0x7b72…a281)    
2026-02-20 11:03:41 💤 Idle (2 peers), best: #66 (0x7b72…a281), finalized #64 (0x2388…e40f), ⬇ 0.3kiB/s ⬆ 0.3kiB/s    
2026-02-20 11:03:43 DCF Verifier: Block #67 verification passed    
2026-02-20 11:03:43 DCF: Finality advanced from 65 to 66 in epoch 0    
2026-02-20 11:03:43 DCF: Progressive finalization advanced to block 66    
2026-02-20 11:03:43 🏆 Imported #67 (0x7b72…a281 → 0x153f…df01)    
2026-02-20 11:03:44 DCF Verifier: Block #68 verification passed    
2026-02-20 11:03:44 DCF: Finality advanced from 66 to 67 in epoch 0    
2026-02-20 11:03:44 DCF: Progressive finalization advanced to block 67    
2026-02-20 11:03:44 🏆 Imported #68 (0x153f…df01 → 0x1087…4e38)    
2026-02-20 11:03:45 DCF Finality Sync: Client at block #64, DCF finalized up to #67, syncing...    
2026-02-20 11:03:45 DCF Finality Sync: Sync complete. Client finalized head now at block #67    
2026-02-20 11:03:46 DCF: Finality advanced from 67 to 68 in epoch 0    
2026-02-20 11:03:46 DCF: Progressive finalization advanced to block 68    
2026-02-20 11:03:46 ProposerFactory: Successfully created block #69 with 1 extrinsics    
2026-02-20 11:03:46 DCF: Finality advanced from 67 to 68 in epoch 0    
2026-02-20 11:03:46 DCF: Progressive finalization advanced to block 68    
2026-02-20 11:03:46 🏆 Imported #69 (0x1087…4e38 → 0xc203…ae4e)    
2026-02-20 11:03:46 💤 Idle (2 peers), best: #69 (0xc203…ae4e), finalized #67 (0x153f…df01), ⬇ 0.3kiB/s ⬆ 0.3kiB/s    
2026-02-20 11:03:49 DCF Verifier: Block #70 verification passed    
2026-02-20 11:03:49 DCF: Finality advanced from 68 to 69 in epoch 0    
2026-02-20 11:03:49 DCF: Progressive finalization advanced to block 69    
2026-02-20 11:03:49 🏆 Imported #70 (0xc203…ae4e → 0x8a8b…0e39)    
2026-02-20 11:03:49 DCF: Computed PoI score for validator=88dc3417d5058ec4b4503e0c12ea1a0a89be200fe98922423d4334014fa6b0ee (5FA9nQDV...), score=0, block=70    
2026-02-20 11:03:49 DCF: Computed PoI score for validator=d17c2d7823ebf260fd138f2d7e27d114c0145d968b5ff5006125f2414fadae69 (5GoNkf6W...), score=0, block=70    
2026-02-20 11:03:49 DCF: Computed PoI score for validator=439660b36c6c03afafca027b910b4fecf99801834c62a5e6006f27d978de234f (5DbKjhNL...), score=0, block=70    
2026-02-20 11:03:49 DCF off-chain worker completed computation    
2026-02-20 11:03:50 DCF Verifier: Block #71 verification passed    
2026-02-20 11:03:50 DCF: Finality advanced from 69 to 70 in epoch 0    
2026-02-20 11:03:50 DCF: Progressive finalization advanced to block 70    
2026-02-20 11:03:50 🏆 Imported #71 (0x8a8b…0e39 → 0x437d…3a4a)    
2026-02-20 11:03:51 DCF Finality Sync: Client at block #67, DCF finalized up to #70, syncing...    
2026-02-20 11:03:51 DCF Finality Sync: Sync complete. Client finalized head now at block #70    
2026-02-20 11:03:51 💤 Idle (2 peers), best: #71 (0x437d…3a4a), finalized #70 (0x8a8b…0e39), ⬇ 0.3kiB/s ⬆ 84 B/s    
2026-02-20 11:03:52 DCF: Finality advanced from 70 to 71 in epoch 0    
2026-02-20 11:03:52 DCF: Progressive finalization advanced to block 71    
2026-02-20 11:03:52 ProposerFactory: Successfully created block #72 with 1 extrinsics    
2026-02-20 11:03:52 DCF: Finality advanced from 70 to 71 in epoch 0    
2026-02-20 11:03:52 DCF: Progressive finalization advanced to block 71    
2026-02-20 11:03:52 🏆 Imported #72 (0x437d…3a4a → 0xa5a0…2e10)    
2026-02-20 11:03:55 DCF Verifier: Block #73 verification passed    
2026-02-20 11:03:55 DCF: Finality advanced from 71 to 72 in epoch 0    
2026-02-20 11:03:55 DCF: Progressive finalization advanced to block 72    
2026-02-20 11:03:55 🏆 Imported #73 (0xa5a0…2e10 → 0x2c40…3cd4)    
2026-02-20 11:03:56 DCF Verifier: Block #74 verification passed    
2026-02-20 11:03:56 DCF: Finality advanced from 72 to 73 in epoch 0    
2026-02-20 11:03:56 DCF: Progressive finalization advanced to block 73    
2026-02-20 11:03:56 🏆 Imported #74 (0x2c40…3cd4 → 0x61dc…3bd0)    
2026-02-20 11:03:56 💤 Idle (2 peers), best: #74 (0x61dc…3bd0), finalized #70 (0x8a8b…0e39), ⬇ 0.3kiB/s ⬆ 0.3kiB/s    
2026-02-20 11:03:57 DCF Finality Sync: Client at block #70, DCF finalized up to #73, syncing...    
2026-02-20 11:03:57 DCF Finality Sync: Sync complete. Client finalized head now at block #73    
2026-02-20 11:03:58 DCF: Finality advanced from 73 to 74 in epoch 0    
2026-02-20 11:03:58 DCF: Progressive finalization advanced to block 74    
2026-02-20 11:03:58 ProposerFactory: Successfully created block #75 with 1 extrinsics    
2026-02-20 11:03:58 DCF: Finality advanced from 73 to 74 in epoch 0    
2026-02-20 11:03:58 DCF: Progressive finalization advanced to block 74    
2026-02-20 11:03:58 DCF: Computed PoI score for validator=88dc3417d5058ec4b4503e0c12ea1a0a89be200fe98922423d4334014fa6b0ee (5FA9nQDV...), score=0, block=75    
2026-02-20 11:03:58 DCF: Computed PoI score for validator=d17c2d7823ebf260fd138f2d7e27d114c0145d968b5ff5006125f2414fadae69 (5GoNkf6W...), score=0, block=75    
2026-02-20 11:03:58 DCF: Computed PoI score for validator=439660b36c6c03afafca027b910b4fecf99801834c62a5e6006f27d978de234f (5DbKjhNL...), score=0, block=75    
2026-02-20 11:03:58 DCF off-chain worker completed computation    
2026-02-20 11:03:58 🏆 Imported #75 (0x61dc…3bd0 → 0x5144…17d5)    
2026-02-20 11:04:01 DCF Verifier: Block #76 verification passed    
2026-02-20 11:04:01 DCF: Finality advanced from 74 to 75 in epoch 0    
2026-02-20 11:04:01 DCF: Progressive finalization advanced to block 75    
2026-02-20 11:04:01 🏆 Imported #76 (0x5144…17d5 → 0x0b95…31e2)    
2026-02-20 11:04:01 💤 Idle (2 peers), best: #76 (0x0b95…31e2), finalized #73 (0x2c40…3cd4), ⬇ 0.2kiB/s ⬆ 0.2kiB/s    
2026-02-20 11:04:02 DCF Verifier: Block #77 verification passed    
2026-02-20 11:04:02 DCF: Finality advanced from 75 to 76 in epoch 0    
2026-02-20 11:04:02 DCF: Progressive finalization advanced to block 76    
2026-02-20 11:04:02 🏆 Imported #77 (0x0b95…31e2 → 0x315d…df71)    
2026-02-20 11:04:03 DCF Finality Sync: Client at block #73, DCF finalized up to #76, syncing...    
2026-02-20 11:04:03 DCF Finality Sync: Sync complete. Client finalized head now at block #76    
2026-02-20 11:04:04 DCF: Finality advanced from 76 to 77 in epoch 0    
2026-02-20 11:04:04 DCF: Progressive finalization advanced to block 77    
2026-02-20 11:04:04 ProposerFactory: Successfully created block #78 with 1 extrinsics    
2026-02-20 11:04:04 DCF: Finality advanced from 76 to 77 in epoch 0    
2026-02-20 11:04:04 DCF: Progressive finalization advanced to block 77    
2026-02-20 11:04:04 🏆 Imported #78 (0x315d…df71 → 0x2dfc…09c2)    
2026-02-20 11:04:06 💤 Idle (2 peers), best: #78 (0x2dfc…09c2), finalized #76 (0x0b95…31e2), ⬇ 0.2kiB/s ⬆ 0.2kiB/s    
2026-02-20 11:04:07 DCF Verifier: Block #79 verification passed    
2026-02-20 11:04:07 DCF: Finality advanced from 77 to 78 in epoch 0    
2026-02-20 11:04:07 DCF: Progressive finalization advanced to block 78    
2026-02-20 11:04:07 🏆 Imported #79 (0x2dfc…09c2 → 0xb5d4…138b)    
2026-02-20 11:04:08 DCF Verifier: Block #80 verification passed    
2026-02-20 11:04:08 DCF: Finality advanced from 78 to 79 in epoch 0    
2026-02-20 11:04:08 DCF: Progressive finalization advanced to block 79    
2026-02-20 11:04:08 🏆 Imported #80 (0xb5d4…138b → 0x8230…b627)    
2026-02-20 11:04:08 DCF: Computed PoI score for validator=88dc3417d5058ec4b4503e0c12ea1a0a89be200fe98922423d4334014fa6b0ee (5FA9nQDV...), score=0, block=80    
2026-02-20 11:04:08 DCF: Computed PoI score for validator=d17c2d7823ebf260fd138f2d7e27d114c0145d968b5ff5006125f2414fadae69 (5GoNkf6W...), score=0, block=80    
2026-02-20 11:04:08 DCF: Computed PoI score for validator=439660b36c6c03afafca027b910b4fecf99801834c62a5e6006f27d978de234f (5DbKjhNL...), score=0, block=80    
2026-02-20 11:04:08 DCF off-chain worker completed computation    
2026-02-20 11:04:09 DCF Finality Sync: Client at block #76, DCF finalized up to #79, syncing...    
2026-02-20 11:04:09 DCF Finality Sync: Sync complete. Client finalized head now at block #79    
2026-02-20 11:04:11 Producing block #81 with author d17c2d7823ebf260fd138f2d7e27d114c0145d968b5ff5006125f2414fadae69 (5GoNkf6W...)    
2026-02-20 11:04:11 DCF: Finality advanced from 79 to 80 in epoch 0    
2026-02-20 11:04:11 DCF: Progressive finalization advanced to block 80    
2026-02-20 11:04:11 ProposerFactory: Successfully created block #81 with 1 extrinsics    
2026-02-20 11:04:11 DCF: Finality advanced from 79 to 80 in epoch 0    
2026-02-20 11:04:11 DCF: Progressive finalization advanced to block 80    
2026-02-20 11:04:11 🏆 Imported #81 (0x8230…b627 → 0x0d71…c63d)    
2026-02-20 11:04:11 💤 Idle (2 peers), best: #81 (0x0d71…c63d), finalized #79 (0xb5d4…138b), ⬇ 0.3kiB/s ⬆ 0.3kiB/s    
2026-02-20 11:04:14 DCF Verifier: Block #82 verification passed    
2026-02-20 11:04:14 DCF: Finality advanced from 80 to 81 in epoch 0    
2026-02-20 11:04:14 DCF: Progressive finalization advanced to block 81    
2026-02-20 11:04:14 🏆 Imported #82 (0x0d71…c63d → 0xc1f8…8a14)    
2026-02-20 11:04:14 DCF Verifier: Block #83 verification passed    
2026-02-20 11:04:14 DCF: Finality advanced from 81 to 82 in epoch 0    
2026-02-20 11:04:14 DCF: Progressive finalization advanced to block 82    
2026-02-20 11:04:14 🏆 Imported #83 (0xc1f8…8a14 → 0x24c5…b01f)    
2026-02-20 11:04:15 DCF Finality Sync: Client at block #79, DCF finalized up to #82, syncing...    
2026-02-20 11:04:15 DCF Finality Sync: Sync complete. Client finalized head now at block #82    
2026-02-20 11:04:16 💤 Idle (2 peers), best: #83 (0x24c5…b01f), finalized #82 (0xc1f8…8a14), ⬇ 0.2kiB/s ⬆ 0.1kiB/s    
2026-02-20 11:04:17 DCF: Finality advanced from 82 to 83 in epoch 0    
2026-02-20 11:04:17 DCF: Progressive finalization advanced to block 83    
2026-02-20 11:04:17 ProposerFactory: Successfully created block #84 with 1 extrinsics    
2026-02-20 11:04:17 DCF: Finality advanced from 82 to 83 in epoch 0    
2026-02-20 11:04:17 DCF: Progressive finalization advanced to block 83    
2026-02-20 11:04:17 🏆 Imported #84 (0x24c5…b01f → 0x702f…5884)    
2026-02-20 11:04:20 DCF Verifier: Block #85 verification passed    
2026-02-20 11:04:20 DCF: Finality advanced from 83 to 84 in epoch 0    
2026-02-20 11:04:20 DCF: Progressive finalization advanced to block 84    
2026-02-20 11:04:20 🏆 Imported #85 (0x702f…5884 → 0xd108…249c)    
2026-02-20 11:04:20 DCF: Computed PoI score for validator=88dc3417d5058ec4b4503e0c12ea1a0a89be200fe98922423d4334014fa6b0ee (5FA9nQDV...), score=0, block=85    
2026-02-20 11:04:20 DCF: Computed PoI score for validator=d17c2d7823ebf260fd138f2d7e27d114c0145d968b5ff5006125f2414fadae69 (5GoNkf6W...), score=0, block=85    
2026-02-20 11:04:20 DCF: Computed PoI score for validator=439660b36c6c03afafca027b910b4fecf99801834c62a5e6006f27d978de234f (5DbKjhNL...), score=0, block=85    
2026-02-20 11:04:20 DCF off-chain worker completed computation    
2026-02-20 11:04:20 DCF Verifier: Block #86 verification passed    
2026-02-20 11:04:20 DCF: Finality advanced from 84 to 85 in epoch 0    
2026-02-20 11:04:20 DCF: Progressive finalization advanced to block 85    
2026-02-20 11:04:20 🏆 Imported #86 (0xd108…249c → 0x570b…7f2c)    
2026-02-20 11:04:21 DCF Finality Sync: Client at block #82, DCF finalized up to #85, syncing...    
2026-02-20 11:04:21 DCF Finality Sync: Sync complete. Client finalized head now at block #85    
2026-02-20 11:04:22 💤 Idle (2 peers), best: #86 (0x570b…7f2c), finalized #85 (0xd108…249c), ⬇ 0.2kiB/s ⬆ 0.3kiB/s    
2026-02-20 11:04:23 DCF: Finality advanced from 85 to 86 in epoch 0    
2026-02-20 11:04:23 DCF: Progressive finalization advanced to block 86    
2026-02-20 11:04:23 ProposerFactory: Successfully created block #87 with 1 extrinsics    
2026-02-20 11:04:23 DCF: Finality advanced from 85 to 86 in epoch 0    
2026-02-20 11:04:23 DCF: Progressive finalization advanced to block 86    
2026-02-20 11:04:23 🏆 Imported #87 (0x570b…7f2c → 0x3433…154c)    
2026-02-20 11:04:26 DCF Verifier: Block #88 verification passed    
2026-02-20 11:04:26 DCF: Finality advanced from 86 to 87 in epoch 0    
2026-02-20 11:04:26 DCF: Progressive finalization advanced to block 87    
2026-02-20 11:04:26 🏆 Imported #88 (0x3433…154c → 0xa198…1217)    
2026-02-20 11:04:26 DCF Verifier: Block #89 verification passed    
2026-02-20 11:04:26 DCF: Finality advanced from 87 to 88 in epoch 0    
2026-02-20 11:04:26 DCF: Progressive finalization advanced to block 88    
2026-02-20 11:04:26 🏆 Imported #89 (0xa198…1217 → 0x2c8f…43c0)    
2026-02-20 11:04:27 💤 Idle (2 peers), best: #89 (0x2c8f…43c0), finalized #85 (0xd108…249c), ⬇ 0.3kiB/s ⬆ 0.4kiB/s    
2026-02-20 11:04:27 DCF Finality Sync: Client at block #85, DCF finalized up to #88, syncing...    
2026-02-20 11:04:27 DCF Finality Sync: Sync complete. Client finalized head now at block #88    
2026-02-20 11:04:29 DCF: Finality advanced from 88 to 89 in epoch 0    
2026-02-20 11:04:29 DCF: Progressive finalization advanced to block 89    
2026-02-20 11:04:29 ProposerFactory: Successfully created block #90 with 1 extrinsics    
2026-02-20 11:04:29 DCF: Finality advanced from 88 to 89 in epoch 0    
2026-02-20 11:04:29 DCF: Progressive finalization advanced to block 89    
2026-02-20 11:04:29 DCF: Computed PoI score for validator=88dc3417d5058ec4b4503e0c12ea1a0a89be200fe98922423d4334014fa6b0ee (5FA9nQDV...), score=0, block=90    
2026-02-20 11:04:29 DCF: Computed PoI score for validator=d17c2d7823ebf260fd138f2d7e27d114c0145d968b5ff5006125f2414fadae69 (5GoNkf6W...), score=0, block=90    
2026-02-20 11:04:29 DCF: Computed PoI score for validator=439660b36c6c03afafca027b910b4fecf99801834c62a5e6006f27d978de234f (5DbKjhNL...), score=0, block=90    
2026-02-20 11:04:29 DCF off-chain worker completed computation    
2026-02-20 11:04:29 PoS+PoI: Consensus Health - Block: 90, Slot: 31, Validators: 3, Healthy: 3, Avg Score: 100    
2026-02-20 11:04:29 🏆 Imported #90 (0x2c8f…43c0 → 0xe14c…aa8a)    
2026-02-20 11:04:32 💤 Idle (2 peers), best: #90 (0xe14c…aa8a), finalized #88 (0xa198…1217), ⬇ 0.4kiB/s ⬆ 0.2kiB/s    
2026-02-20 11:04:32 DCF Verifier: Block #91 verification passed    
2026-02-20 11:04:32 DCF: Finality advanced from 89 to 90 in epoch 0    
2026-02-20 11:04:32 DCF: Progressive finalization advanced to block 90    
2026-02-20 11:04:32 🏆 Imported #91 (0xe14c…aa8a → 0x1458…0d4f)    
2026-02-20 11:04:32 DCF Verifier: Block #92 verification passed    
2026-02-20 11:04:32 DCF: Finality advanced from 90 to 91 in epoch 0    
2026-02-20 11:04:32 DCF: Progressive finalization advanced to block 91    
2026-02-20 11:04:32 🏆 Imported #92 (0x1458…0d4f → 0x7b6c…9ec0)    
2026-02-20 11:04:33 DCF Finality Sync: Client at block #88, DCF finalized up to #91, syncing...    
2026-02-20 11:04:33 DCF Finality Sync: Sync complete. Client finalized head now at block #91    
2026-02-20 11:04:35 DCF: Finality advanced from 91 to 92 in epoch 0    
2026-02-20 11:04:35 DCF: Progressive finalization advanced to block 92    
2026-02-20 11:04:35 ProposerFactory: Successfully created block #93 with 1 extrinsics    
2026-02-20 11:04:35 DCF: Finality advanced from 91 to 92 in epoch 0    
2026-02-20 11:04:35 DCF: Progressive finalization advanced to block 92    
2026-02-20 11:04:35 🏆 Imported #93 (0x7b6c…9ec0 → 0xb562…50ff)    
2026-02-20 11:04:37 💤 Idle (2 peers), best: #93 (0xb562…50ff), finalized #91 (0x1458…0d4f), ⬇ 0.3kiB/s ⬆ 0.4kiB/s    
2026-02-20 11:04:38 DCF Verifier: Block #94 verification passed    
2026-02-20 11:04:38 DCF: Finality advanced from 92 to 93 in epoch 0    
2026-02-20 11:04:38 DCF: Progressive finalization advanced to block 93    
2026-02-20 11:04:38 🏆 Imported #94 (0xb562…50ff → 0xa41a…1406)    
2026-02-20 11:04:38 DCF Verifier: Block #95 verification passed    
2026-02-20 11:04:38 DCF: Finality advanced from 93 to 94 in epoch 0    
2026-02-20 11:04:38 DCF: Progressive finalization advanced to block 94    
2026-02-20 11:04:38 🏆 Imported #95 (0xa41a…1406 → 0xb84d…2cb7)    
2026-02-20 11:04:38 DCF: Computed PoI score for validator=88dc3417d5058ec4b4503e0c12ea1a0a89be200fe98922423d4334014fa6b0ee (5FA9nQDV...), score=0, block=95    
2026-02-20 11:04:38 DCF: Computed PoI score for validator=d17c2d7823ebf260fd138f2d7e27d114c0145d968b5ff5006125f2414fadae69 (5GoNkf6W...), score=0, block=95    
2026-02-20 11:04:38 DCF: Computed PoI score for validator=439660b36c6c03afafca027b910b4fecf99801834c62a5e6006f27d978de234f (5DbKjhNL...), score=0, block=95    
2026-02-20 11:04:38 DCF off-chain worker completed computation    
2026-02-20 11:04:39 DCF Finality Sync: Client at block #91, DCF finalized up to #94, syncing...    
2026-02-20 11:04:39 DCF Finality Sync: Sync complete. Client finalized head now at block #94    
2026-02-20 11:04:41 DCF: Finality advanced from 94 to 95 in epoch 0    
2026-02-20 11:04:41 DCF: Progressive finalization advanced to block 95    
2026-02-20 11:04:41 ProposerFactory: Successfully created block #96 with 1 extrinsics    
2026-02-20 11:04:41 DCF: Finality advanced from 94 to 95 in epoch 0    
2026-02-20 11:04:41 DCF: Progressive finalization advanced to block 95    
2026-02-20 11:04:41 🏆 Imported #96 (0xb84d…2cb7 → 0x03a2…47a7)    
2026-02-20 11:04:42 💤 Idle (2 peers), best: #96 (0x03a2…47a7), finalized #94 (0xa41a…1406), ⬇ 0.2kiB/s ⬆ 0.3kiB/s    
2026-02-20 11:04:44 DCF Verifier: Block #97 verification passed    
2026-02-20 11:04:44 DCF: Finality advanced from 95 to 96 in epoch 0    
2026-02-20 11:04:44 DCF: Progressive finalization advanced to block 96    
2026-02-20 11:04:44 🏆 Imported #97 (0x03a2…47a7 → 0x82af…9355)    
2026-02-20 11:04:45 DCF Verifier: Block #98 verification passed    
2026-02-20 11:04:45 DCF: Finality advanced from 96 to 97 in epoch 0    
2026-02-20 11:04:45 DCF: Progressive finalization advanced to block 97    
2026-02-20 11:04:45 🏆 Imported #98 (0x82af…9355 → 0x0956…2931)    
2026-02-20 11:04:45 DCF Finality Sync: Client at block #94, DCF finalized up to #97, syncing...    
2026-02-20 11:04:45 DCF Finality Sync: Sync complete. Client finalized head now at block #97    
2026-02-20 11:04:47 💤 Idle (2 peers), best: #98 (0x0956…2931), finalized #97 (0x82af…9355), ⬇ 0.3kiB/s ⬆ 0.1kiB/s    
2026-02-20 11:04:47 DCF: Finality advanced from 97 to 98 in epoch 0    
2026-02-20 11:04:47 DCF: Progressive finalization advanced to block 98    
2026-02-20 11:04:47 ProposerFactory: Successfully created block #99 with 1 extrinsics    
2026-02-20 11:04:47 DCF: Finality advanced from 97 to 98 in epoch 0    
2026-02-20 11:04:47 DCF: Progressive finalization advanced to block 98    
2026-02-20 11:04:47 🏆 Imported #99 (0x0956…2931 → 0x828d…9b24)    
2026-02-20 11:04:50 DCF Verifier: Block #100 verification passed    
2026-02-20 11:04:50 DCF: Finality advanced from 98 to 99 in epoch 0    
2026-02-20 11:04:50 DCF: Progressive finalization advanced to block 99    
2026-02-20 11:04:50 Failed to emit EVM-compatible event: ContainsNullBytes    
2026-02-20 11:04:50 Failed to emit EVM-compatible event: ContainsNullBytes    
2026-02-20 11:04:50 Failed to emit EVM-compatible event: ContainsNullBytes    
2026-02-20 11:04:50 DCF: Score aggregation completed - updated 3 validators    
2026-02-20 11:04:50 DCF: Performance analysis - 0 high performers, 0 low performers    
2026-02-20 11:04:50 DCF: Governance proposal generation completed    
2026-02-20 11:04:50 DCF: Epoch proposal generation completed    
2026-02-20 11:04:50 DCF: Processed 0 epoch proposals    
2026-02-20 11:04:50 DCF: Auto epoch transition 0 -> 1 (standard mode) - 3 active validators    
2026-02-20 11:04:50 Failed to emit EVM-compatible event: ContainsNullBytes    
2026-02-20 11:04:50 DCF: Deterministic epoch transition completed for epoch 1 at block 100 with 100 authors    
2026-02-20 11:04:50 DCF Health: epoch=1, validators=3/3, avg_score=32    
2026-02-20 11:04:50 DCF: Epoch metrics updated at block 100    
2026-02-20 11:04:50 🏆 Imported #100 (0x828d…9b24 → 0x8444…8dbe)    
2026-02-20 11:04:50 DCF: Computed PoI score for validator=88dc3417d5058ec4b4503e0c12ea1a0a89be200fe98922423d4334014fa6b0ee (5FA9nQDV...), score=0, block=100    
2026-02-20 11:04:50 DCF: Computed PoI score for validator=d17c2d7823ebf260fd138f2d7e27d114c0145d968b5ff5006125f2414fadae69 (5GoNkf6W...), score=0, block=100    
2026-02-20 11:04:50 DCF: Computed PoI score for validator=439660b36c6c03afafca027b910b4fecf99801834c62a5e6006f27d978de234f (5DbKjhNL...), score=0, block=100    
2026-02-20 11:04:50 DCF off-chain worker completed computation    
2026-02-20 11:04:51 DCF Verifier: Block #101 verification passed    
2026-02-20 11:04:51 DCF: Finality advanced from 99 to 100 in epoch 1    
2026-02-20 11:04:51 DCF: Progressive finalization advanced to block 100    
2026-02-20 11:04:51 🏆 Imported #101 (0x8444…8dbe → 0xb48d…82a3)    
2026-02-20 11:04:51 DCF Finality Sync: Client at block #97, DCF finalized up to #100, syncing...    
2026-02-20 11:04:51 DCF Finality Sync: Sync complete. Client finalized head now at block #100    
2026-02-20 11:04:52 💤 Idle (2 peers), best: #101 (0xb48d…82a3), finalized #100 (0x8444…8dbe), ⬇ 0.3kiB/s ⬆ 0.3kiB/s    
2026-02-20 11:04:53 DCF: Finality advanced from 100 to 101 in epoch 1    
2026-02-20 11:04:53 DCF: Progressive finalization advanced to block 101    
2026-02-20 11:04:53 ProposerFactory: Successfully created block #102 with 1 extrinsics    
2026-02-20 11:04:53 DCF: Finality advanced from 100 to 101 in epoch 1    
2026-02-20 11:04:53 DCF: Progressive finalization advanced to block 101    
2026-02-20 11:04:53 🏆 Imported #102 (0xb48d…82a3 → 0xd75b…5442)    
2026-02-20 11:04:56 DCF Verifier: Block #103 verification passed    
2026-02-20 11:04:56 DCF: Finality advanced from 101 to 102 in epoch 1    
2026-02-20 11:04:56 DCF: Progressive finalization advanced to block 102    
2026-02-20 11:04:56 🏆 Imported #103 (0xd75b…5442 → 0xc66b…1922)    
2026-02-20 11:04:57 💤 Idle (2 peers), best: #103 (0xc66b…1922), finalized #100 (0x8444…8dbe), ⬇ 0.2kiB/s ⬆ 0.2kiB/s    
2026-02-20 11:04:57 DCF Verifier: Block #104 verification passed    
2026-02-20 11:04:57 DCF: Finality advanced from 102 to 103 in epoch 1    
2026-02-20 11:04:57 DCF: Progressive finalization advanced to block 103    
2026-02-20 11:04:57 🏆 Imported #104 (0xc66b…1922 → 0xcb6f…470c)    
2026-02-20 11:04:57 DCF Finality Sync: Client at block #100, DCF finalized up to #103, syncing...    
2026-02-20 11:04:57 DCF Finality Sync: Sync complete. Client finalized head now at block #103    
2026-02-20 11:04:59 DCF: Finality advanced from 103 to 104 in epoch 1    
2026-02-20 11:04:59 DCF: Progressive finalization advanced to block 104    
2026-02-20 11:04:59 ProposerFactory: Successfully created block #105 with 1 extrinsics    
2026-02-20 11:04:59 DCF: Finality advanced from 103 to 104 in epoch 1    
2026-02-20 11:04:59 DCF: Progressive finalization advanced to block 104    
2026-02-20 11:04:59 DCF: Computed PoI score for validator=88dc3417d5058ec4b4503e0c12ea1a0a89be200fe98922423d4334014fa6b0ee (5FA9nQDV...), score=0, block=105    
2026-02-20 11:04:59 DCF: Computed PoI score for validator=d17c2d7823ebf260fd138f2d7e27d114c0145d968b5ff5006125f2414fadae69 (5GoNkf6W...), score=0, block=105    
2026-02-20 11:04:59 DCF: Computed PoI score for validator=439660b36c6c03afafca027b910b4fecf99801834c62a5e6006f27d978de234f (5DbKjhNL...), score=0, block=105    
2026-02-20 11:04:59 DCF off-chain worker completed computation    
2026-02-20 11:04:59 🏆 Imported #105 (0xcb6f…470c → 0x6797…f962)    
2026-02-20 11:05:02 💤 Idle (2 peers), best: #105 (0x6797…f962), finalized #103 (0xc66b…1922), ⬇ 0.2kiB/s ⬆ 0.3kiB/s    
2026-02-20 11:05:02 DCF Verifier: Block #106 verification passed    
2026-02-20 11:05:02 DCF: Finality advanced from 104 to 105 in epoch 1    
2026-02-20 11:05:02 DCF: Progressive finalization advanced to block 105    
2026-02-20 11:05:02 🏆 Imported #106 (0x6797…f962 → 0xcd2f…6c1f)    
2026-02-20 11:05:03 DCF Verifier: Block #107 verification passed    
2026-02-20 11:05:03 DCF: Finality advanced from 105 to 106 in epoch 1    
2026-02-20 11:05:03 DCF: Progressive finalization advanced to block 106    
2026-02-20 11:05:03 🏆 Imported #107 (0xcd2f…6c1f → 0x72a1…0634)    
2026-02-20 11:05:03 DCF Finality Sync: Client at block #103, DCF finalized up to #106, syncing...    
2026-02-20 11:05:03 DCF Finality Sync: Sync complete. Client finalized head now at block #106    
2026-02-20 11:05:05 DCF: Finality advanced from 106 to 107 in epoch 1    
2026-02-20 11:05:05 DCF: Progressive finalization advanced to block 107    
2026-02-20 11:05:05 ProposerFactory: Successfully created block #108 with 1 extrinsics    
2026-02-20 11:05:05 DCF: Finality advanced from 106 to 107 in epoch 1    
2026-02-20 11:05:05 DCF: Progressive finalization advanced to block 107    
2026-02-20 11:05:05 🏆 Imported #108 (0x72a1…0634 → 0x92ed…4a04)    
2026-02-20 11:05:07 💤 Idle (2 peers), best: #108 (0x92ed…4a04), finalized #106 (0xcd2f…6c1f), ⬇ 0.3kiB/s ⬆ 0.3kiB/s    
2026-02-20 11:05:08 DCF Verifier: Block #109 verification passed    
2026-02-20 11:05:08 DCF: Finality advanced from 107 to 108 in epoch 1    
2026-02-20 11:05:08 DCF: Progressive finalization advanced to block 108    
2026-02-20 11:05:08 🏆 Imported #109 (0x92ed…4a04 → 0xbf38…5f98)    
2026-02-20 11:05:09 DCF Verifier: Block #110 verification passed    
2026-02-20 11:05:09 DCF: Finality advanced from 108 to 109 in epoch 1    
2026-02-20 11:05:09 DCF: Progressive finalization advanced to block 109    
2026-02-20 11:05:09 DCF: Computed PoI score for validator=88dc3417d5058ec4b4503e0c12ea1a0a89be200fe98922423d4334014fa6b0ee (5FA9nQDV...), score=0, block=110    
2026-02-20 11:05:09 DCF: Computed PoI score for validator=d17c2d7823ebf260fd138f2d7e27d114c0145d968b5ff5006125f2414fadae69 (5GoNkf6W...), score=0, block=110    
2026-02-20 11:05:09 DCF: Computed PoI score for validator=439660b36c6c03afafca027b910b4fecf99801834c62a5e6006f27d978de234f (5DbKjhNL...), score=0, block=110    
2026-02-20 11:05:09 DCF off-chain worker completed computation    
2026-02-20 11:05:09 🏆 Imported #110 (0xbf38…5f98 → 0x07a0…6e53)    
2026-02-20 11:05:09 DCF Finality Sync: Client at block #106, DCF finalized up to #109, syncing...    
2026-02-20 11:05:09 DCF Finality Sync: Sync complete. Client finalized head now at block #109    
2026-02-20 11:05:11 Producing block #111 with author 439660b36c6c03afafca027b910b4fecf99801834c62a5e6006f27d978de234f (5DbKjhNL...)    
2026-02-20 11:05:11 DCF: Finality advanced from 109 to 110 in epoch 1    
2026-02-20 11:05:11 DCF: Progressive finalization advanced to block 110    
2026-02-20 11:05:11 ProposerFactory: Successfully created block #111 with 1 extrinsics    
2026-02-20 11:05:11 DCF: Finality advanced from 109 to 110 in epoch 1    
2026-02-20 11:05:11 DCF: Progressive finalization advanced to block 110    
2026-02-20 11:05:11 🏆 Imported #111 (0x07a0…6e53 → 0x7541…7d0c)    
2026-02-20 11:05:12 💤 Idle (2 peers), best: #111 (0x7541…7d0c), finalized #109 (0xbf38…5f98), ⬇ 0.2kiB/s ⬆ 0.3kiB/s    
2026-02-20 11:05:15 DCF Verifier: Block #112 verification passed    
2026-02-20 11:05:15 DCF: Finality advanced from 110 to 111 in epoch 1    
2026-02-20 11:05:15 DCF: Progressive finalization advanced to block 111    
2026-02-20 11:05:15 🏆 Imported #112 (0x7541…7d0c → 0xc0ae…de72)    
2026-02-20 11:05:15 DCF Verifier: Block #113 verification passed    
2026-02-20 11:05:15 DCF: Finality advanced from 111 to 112 in epoch 1    
2026-02-20 11:05:15 DCF: Progressive finalization advanced to block 112    
2026-02-20 11:05:15 🏆 Imported #113 (0xc0ae…de72 → 0x5112…7f39)    
2026-02-20 11:05:15 DCF Finality Sync: Client at block #109, DCF finalized up to #112, syncing...    
2026-02-20 11:05:15 DCF Finality Sync: Sync complete. Client finalized head now at block #112    
2026-02-20 11:05:17 💤 Idle (2 peers), best: #113 (0x5112…7f39), finalized #112 (0xc0ae…de72), ⬇ 0.2kiB/s ⬆ 0.1kiB/s    
2026-02-20 11:05:17 DCF: Finality advanced from 112 to 113 in epoch 1    
2026-02-20 11:05:17 DCF: Progressive finalization advanced to block 113    
2026-02-20 11:05:17 ProposerFactory: Successfully created block #114 with 1 extrinsics    
2026-02-20 11:05:17 DCF: Finality advanced from 112 to 113 in epoch 1    
2026-02-20 11:05:17 DCF: Progressive finalization advanced to block 113    
2026-02-20 11:05:17 🏆 Imported #114 (0x5112…7f39 → 0xaef8…ac7a)    
2026-02-20 11:05:21 DCF Verifier: Block #115 verification passed    
2026-02-20 11:05:21 DCF: Finality advanced from 113 to 114 in epoch 1    
2026-02-20 11:05:21 DCF: Progressive finalization advanced to block 114    
2026-02-20 11:05:21 🏆 Imported #115 (0xaef8…ac7a → 0x4202…79c0)    
2026-02-20 11:05:21 DCF: Computed PoI score for validator=88dc3417d5058ec4b4503e0c12ea1a0a89be200fe98922423d4334014fa6b0ee (5FA9nQDV...), score=0, block=115    
2026-02-20 11:05:21 DCF: Computed PoI score for validator=d17c2d7823ebf260fd138f2d7e27d114c0145d968b5ff5006125f2414fadae69 (5GoNkf6W...), score=0, block=115    
2026-02-20 11:05:21 DCF: Computed PoI score for validator=439660b36c6c03afafca027b910b4fecf99801834c62a5e6006f27d978de234f (5DbKjhNL...), score=0, block=115    
2026-02-20 11:05:21 DCF off-chain worker completed computation    
2026-02-20 11:05:21 DCF Verifier: Block #116 verification passed    
2026-02-20 11:05:21 DCF: Finality advanced from 114 to 115 in epoch 1    
2026-02-20 11:05:21 DCF: Progressive finalization advanced to block 115    
2026-02-20 11:05:21 🏆 Imported #116 (0x4202…79c0 → 0xfbfa…38da)    
2026-02-20 11:05:21 DCF Finality Sync: Client at block #112, DCF finalized up to #115, syncing...    
2026-02-20 11:05:21 DCF Finality Sync: Sync complete. Client finalized head now at block #115    
2026-02-20 11:05:22 💤 Idle (2 peers), best: #116 (0xfbfa…38da), finalized #115 (0x4202…79c0), ⬇ 0.2kiB/s ⬆ 0.2kiB/s    
2026-02-20 11:05:24 DCF: Finality advanced from 115 to 116 in epoch 1    
2026-02-20 11:05:24 DCF: Progressive finalization advanced to block 116    
2026-02-20 11:05:24 ProposerFactory: Successfully created block #117 with 1 extrinsics    
2026-02-20 11:05:24 DCF: Finality advanced from 115 to 116 in epoch 1    
2026-02-20 11:05:24 DCF: Progressive finalization advanced to block 116    
2026-02-20 11:05:24 🏆 Imported #117 (0xfbfa…38da → 0xcf41…df95)    
2026-02-20 11:05:26 Block Tracker: Statistics Report    
2026-02-20 11:05:26   Service uptime: 240.146285227s    
2026-02-20 11:05:26   Total blocks tracked: 117    
2026-02-20 11:05:26   Active validators monitored: 3    
2026-02-20 11:05:26   Overall participation rate: 100.00%    
2026-02-20 11:05:26   Total blocks authored: 116    
2026-02-20 11:05:26   Total blocks missed: 0    
2026-02-20 11:05:26   Top performers:    
2026-02-20 11:05:26     439660b36c6c03afafca027b910b4fecf99801834c62a5e6006f27d978de234f (5DbKjhNL...): 100.00% (39/39 blocks)    
2026-02-20 11:05:26     88dc3417d5058ec4b4503e0c12ea1a0a89be200fe98922423d4334014fa6b0ee (5FA9nQDV...): 100.00% (44/44 blocks)    
2026-02-20 11:05:26     d17c2d7823ebf260fd138f2d7e27d114c0145d968b5ff5006125f2414fadae69 (5GoNkf6W...): 100.00% (33/33 blocks)    
2026-02-20 11:05:27 💤 Idle (2 peers), best: #117 (0xcf41…df95), finalized #115 (0x4202…79c0), ⬇ 95 B/s ⬆ 0.3kiB/s    
2026-02-20 11:05:27 DCF Verifier: Block #118 verification passed    
2026-02-20 11:05:27 DCF: Finality advanced from 116 to 117 in epoch 1    
2026-02-20 11:05:27 DCF: Progressive finalization advanced to block 117    
2026-02-20 11:05:27 🏆 Imported #118 (0xcf41…df95 → 0xbac0…d2aa)    
2026-02-20 11:05:27 DCF Verifier: Block #119 verification passed    
2026-02-20 11:05:27 DCF: Finality advanced from 117 to 118 in epoch 1    
2026-02-20 11:05:27 DCF: Progressive finalization advanced to block 118    
2026-02-20 11:05:27 🏆 Imported #119 (0xbac0…d2aa → 0x465e…b809)    
2026-02-20 11:05:27 DCF Finality Sync: Client at block #115, DCF finalized up to #118, syncing...    
2026-02-20 11:05:27 DCF Finality Sync: Sync complete. Client finalized head now at block #118    
2026-02-20 11:05:30 DCF: Finality advanced from 118 to 119 in epoch 1    
2026-02-20 11:05:30 DCF: Progressive finalization advanced to block 119    
2026-02-20 11:05:30 ProposerFactory: Successfully created block #120 with 1 extrinsics    
2026-02-20 11:05:30 DCF: Finality advanced from 118 to 119 in epoch 1    
2026-02-20 11:05:30 DCF: Progressive finalization advanced to block 119    
2026-02-20 11:05:30 DCF: Computed PoI score for validator=88dc3417d5058ec4b4503e0c12ea1a0a89be200fe98922423d4334014fa6b0ee (5FA9nQDV...), score=0, block=120    
2026-02-20 11:05:30 DCF: Computed PoI score for validator=d17c2d7823ebf260fd138f2d7e27d114c0145d968b5ff5006125f2414fadae69 (5GoNkf6W...), score=0, block=120    
2026-02-20 11:05:30 DCF: Computed PoI score for validator=439660b36c6c03afafca027b910b4fecf99801834c62a5e6006f27d978de234f (5DbKjhNL...), score=0, block=120    
2026-02-20 11:05:30 DCF off-chain worker completed computation    
2026-02-20 11:05:30 PoS+PoI: Consensus Health - Block: 120, Slot: 41, Validators: 3, Healthy: 3, Avg Score: 91    
2026-02-20 11:05:30 🏆 Imported #120 (0x465e…b809 → 0x317e…d67e)    
2026-02-20 11:05:32 💤 Idle (2 peers), best: #120 (0x317e…d67e), finalized #118 (0xbac0…d2aa), ⬇ 0.6kiB/s ⬆ 0.3kiB/s    
2026-02-20 11:05:33 DCF Verifier: Block #121 verification passed    
2026-02-20 11:05:33 DCF: Finality advanced from 119 to 120 in epoch 1    
2026-02-20 11:05:33 DCF: Progressive finalization advanced to block 120    
2026-02-20 11:05:33 🏆 Imported #121 (0x317e…d67e → 0xc150…170b)    
2026-02-20 11:05:33 DCF Verifier: Block #122 verification passed    
2026-02-20 11:05:33 DCF: Finality advanced from 120 to 121 in epoch 1    
2026-02-20 11:05:33 DCF: Progressive finalization advanced to block 121    
2026-02-20 11:05:33 🏆 Imported #122 (0xc150…170b → 0x1a89…2d47)    
2026-02-20 11:05:33 DCF Finality Sync: Client at block #118, DCF finalized up to #121, syncing...    
2026-02-20 11:05:33 DCF Finality Sync: Sync complete. Client finalized head now at block #121    
2026-02-20 11:05:36 DCF: Finality advanced from 121 to 122 in epoch 1    
2026-02-20 11:05:36 DCF: Progressive finalization advanced to block 122    
2026-02-20 11:05:36 ProposerFactory: Successfully created block #123 with 1 extrinsics    
2026-02-20 11:05:36 DCF: Finality advanced from 121 to 122 in epoch 1    
2026-02-20 11:05:36 DCF: Progressive finalization advanced to block 122    
2026-02-20 11:05:36 🏆 Imported #123 (0x1a89…2d47 → 0xcf8a…a2cc)    
2026-02-20 11:05:37 💤 Idle (2 peers), best: #123 (0xcf8a…a2cc), finalized #121 (0xc150…170b), ⬇ 0.3kiB/s ⬆ 0.4kiB/s    
2026-02-20 11:05:39 DCF Verifier: Block #124 verification passed    
2026-02-20 11:05:39 DCF: Finality advanced from 122 to 123 in epoch 1    
2026-02-20 11:05:39 DCF: Progressive finalization advanced to block 123    
2026-02-20 11:05:39 🏆 Imported #124 (0xcf8a…a2cc → 0xa104…4b8b)    
2026-02-20 11:05:39 DCF Verifier: Block #125 verification passed    
2026-02-20 11:05:39 DCF: Finality advanced from 123 to 124 in epoch 1    
2026-02-20 11:05:39 DCF: Progressive finalization advanced to block 124    
2026-02-20 11:05:39 🏆 Imported #125 (0xa104…4b8b → 0x701c…ee76)    
2026-02-20 11:05:39 DCF: Computed PoI score for validator=88dc3417d5058ec4b4503e0c12ea1a0a89be200fe98922423d4334014fa6b0ee (5FA9nQDV...), score=0, block=125    
2026-02-20 11:05:39 DCF: Computed PoI score for validator=d17c2d7823ebf260fd138f2d7e27d114c0145d968b5ff5006125f2414fadae69 (5GoNkf6W...), score=0, block=125    
2026-02-20 11:05:39 DCF: Computed PoI score for validator=439660b36c6c03afafca027b910b4fecf99801834c62a5e6006f27d978de234f (5DbKjhNL...), score=0, block=125    
2026-02-20 11:05:39 DCF off-chain worker completed computation    
2026-02-20 11:05:39 DCF Finality Sync: Client at block #121, DCF finalized up to #124, syncing...    
2026-02-20 11:05:39 DCF Finality Sync: Sync complete. Client finalized head now at block #124    
2026-02-20 11:05:42 💤 Idle (2 peers), best: #125 (0x701c…ee76), finalized #124 (0xa104…4b8b), ⬇ 0.2kiB/s ⬆ 97 B/s    
2026-02-20 11:05:42 DCF: Finality advanced from 124 to 125 in epoch 1    
2026-02-20 11:05:42 DCF: Progressive finalization advanced to block 125    
2026-02-20 11:05:42 ProposerFactory: Successfully created block #126 with 1 extrinsics    
2026-02-20 11:05:42 DCF: Finality advanced from 124 to 125 in epoch 1    
2026-02-20 11:05:42 DCF: Progressive finalization advanced to block 125    
2026-02-20 11:05:42 🏆 Imported #126 (0x701c…ee76 → 0xaaf0…2317)    
2026-02-20 11:05:45 DCF Verifier: Block #127 verification passed    
2026-02-20 11:05:45 DCF: Finality advanced from 125 to 126 in epoch 1    
2026-02-20 11:05:45 DCF: Progressive finalization advanced to block 126    
2026-02-20 11:05:45 🏆 Imported #127 (0xaaf0…2317 → 0x061a…7314)    
2026-02-20 11:05:45 DCF Verifier: Block #128 verification passed    
2026-02-20 11:05:45 DCF: Finality advanced from 126 to 127 in epoch 1    
2026-02-20 11:05:45 DCF: Progressive finalization advanced to block 127    
2026-02-20 11:05:45 🏆 Imported #128 (0x061a…7314 → 0xa0f3…a920)    
2026-02-20 11:05:45 DCF Finality Sync: Client at block #124, DCF finalized up to #127, syncing...    
2026-02-20 11:05:45 DCF Finality Sync: Sync complete. Client finalized head now at block #127    
2026-02-20 11:05:47 💤 Idle (2 peers), best: #128 (0xa0f3…a920), finalized #127 (0x061a…7314), ⬇ 0.3kiB/s ⬆ 0.3kiB/s    
2026-02-20 11:05:48 DCF: Finality advanced from 127 to 128 in epoch 1    
2026-02-20 11:05:48 DCF: Progressive finalization advanced to block 128    
2026-02-20 11:05:48 ProposerFactory: Successfully created block #129 with 1 extrinsics    
2026-02-20 11:05:48 DCF: Finality advanced from 127 to 128 in epoch 1    
2026-02-20 11:05:48 DCF: Progressive finalization advanced to block 128    
2026-02-20 11:05:48 🏆 Imported #129 (0xa0f3…a920 → 0x4a9e…9057)    
2026-02-20 11:05:51 DCF Verifier: Block #130 verification passed    
2026-02-20 11:05:51 DCF: Finality advanced from 128 to 129 in epoch 1    
2026-02-20 11:05:51 DCF: Progressive finalization advanced to block 129    
2026-02-20 11:05:51 🏆 Imported #130 (0x4a9e…9057 → 0x6672…2fec)    
2026-02-20 11:05:51 DCF: Computed PoI score for validator=88dc3417d5058ec4b4503e0c12ea1a0a89be200fe98922423d4334014fa6b0ee (5FA9nQDV...), score=0, block=130    
2026-02-20 11:05:51 DCF: Computed PoI score for validator=d17c2d7823ebf260fd138f2d7e27d114c0145d968b5ff5006125f2414fadae69 (5GoNkf6W...), score=0, block=130    
2026-02-20 11:05:51 DCF: Computed PoI score for validator=439660b36c6c03afafca027b910b4fecf99801834c62a5e6006f27d978de234f (5DbKjhNL...), score=0, block=130    
2026-02-20 11:05:51 DCF off-chain worker completed computation    
2026-02-20 11:05:51 DCF Verifier: Block #131 verification passed    
2026-02-20 11:05:51 DCF: Finality advanced from 129 to 130 in epoch 1    
2026-02-20 11:05:51 DCF: Progressive finalization advanced to block 130    
2026-02-20 11:05:51 🏆 Imported #131 (0x6672…2fec → 0x998b…4f51)    
2026-02-20 11:05:51 DCF Finality Sync: Client at block #127, DCF finalized up to #130, syncing...    
2026-02-20 11:05:51 DCF Finality Sync: Sync complete. Client finalized head now at block #130    
2026-02-20 11:05:52 💤 Idle (2 peers), best: #131 (0x998b…4f51), finalized #130 (0x6672…2fec), ⬇ 0.3kiB/s ⬆ 0.3kiB/s    
2026-02-20 11:05:54 DCF: Finality advanced from 130 to 131 in epoch 1    
2026-02-20 11:05:54 DCF: Progressive finalization advanced to block 131    
2026-02-20 11:05:54 ProposerFactory: Successfully created block #132 with 1 extrinsics    
2026-02-20 11:05:54 DCF: Finality advanced from 130 to 131 in epoch 1    
2026-02-20 11:05:54 DCF: Progressive finalization advanced to block 131    
2026-02-20 11:05:54 🏆 Imported #132 (0x998b…4f51 → 0x9b5d…88c3)    
2026-02-20 11:05:57 💤 Idle (2 peers), best: #132 (0x9b5d…88c3), finalized #130 (0x6672…2fec), ⬇ 69 B/s ⬆ 0.2kiB/s    
2026-02-20 11:05:57 DCF Verifier: Block #133 verification passed    
2026-02-20 11:05:57 DCF: Finality advanced from 131 to 132 in epoch 1    
2026-02-20 11:05:57 DCF: Progressive finalization advanced to block 132    
2026-02-20 11:05:57 🏆 Imported #133 (0x9b5d…88c3 → 0xede2…c7ac)    
2026-02-20 11:05:57 DCF Finality Sync: Client at block #130, DCF finalized up to #132, syncing...    
2026-02-20 11:05:57 DCF Finality Sync: Sync complete. Client finalized head now at block #132    
2026-02-20 11:05:57 DCF Verifier: Block #134 verification passed    
2026-02-20 11:05:57 DCF: Finality advanced from 132 to 133 in epoch 1    
2026-02-20 11:05:57 DCF: Progressive finalization advanced to block 133    
2026-02-20 11:05:57 🏆 Imported #134 (0xede2…c7ac → 0x35aa…1d45)    
2026-02-20 11:06:00 DCF: Finality advanced from 133 to 134 in epoch 1    
2026-02-20 11:06:00 DCF: Progressive finalization advanced to block 134    
2026-02-20 11:06:00 ProposerFactory: Successfully created block #135 with 1 extrinsics    
2026-02-20 11:06:00 DCF: Finality advanced from 133 to 134 in epoch 1    
2026-02-20 11:06:00 DCF: Progressive finalization advanced to block 134    
2026-02-20 11:06:00 DCF: Computed PoI score for validator=88dc3417d5058ec4b4503e0c12ea1a0a89be200fe98922423d4334014fa6b0ee (5FA9nQDV...), score=0, block=135    
2026-02-20 11:06:00 DCF: Computed PoI score for validator=d17c2d7823ebf260fd138f2d7e27d114c0145d968b5ff5006125f2414fadae69 (5GoNkf6W...), score=0, block=135    
2026-02-20 11:06:00 DCF: Computed PoI score for validator=439660b36c6c03afafca027b910b4fecf99801834c62a5e6006f27d978de234f (5DbKjhNL...), score=0, block=135    
2026-02-20 11:06:00 DCF off-chain worker completed computation    
2026-02-20 11:06:00 🏆 Imported #135 (0x35aa…1d45 → 0x69c1…56fb)    
2026-02-20 11:06:02 💤 Idle (2 peers), best: #135 (0x69c1…56fb), finalized #132 (0x9b5d…88c3), ⬇ 0.2kiB/s ⬆ 0.3kiB/s    
2026-02-20 11:06:03 DCF Verifier: Block #136 verification passed    
2026-02-20 11:06:03 DCF: Finality advanced from 134 to 135 in epoch 1    
2026-02-20 11:06:03 DCF: Progressive finalization advanced to block 135    
2026-02-20 11:06:03 🏆 Imported #136 (0x69c1…56fb → 0x52ab…43dd)    
2026-02-20 11:06:03 DCF Verifier: Block #137 verification passed    
2026-02-20 11:06:03 DCF: Finality advanced from 135 to 136 in epoch 1    
2026-02-20 11:06:03 DCF: Progressive finalization advanced to block 136    
2026-02-20 11:06:03 🏆 Imported #137 (0x52ab…43dd → 0xd852…5f21)    
2026-02-20 11:06:03 DCF Finality Sync: Client at block #132, DCF finalized up to #136, syncing...    
2026-02-20 11:06:03 DCF Finality Sync: Sync complete. Client finalized head now at block #136    
2026-02-20 11:06:06 DCF: Finality advanced from 136 to 137 in epoch 1    
2026-02-20 11:06:06 DCF: Progressive finalization advanced to block 137    
2026-02-20 11:06:06 ProposerFactory: Successfully created block #138 with 1 extrinsics    
2026-02-20 11:06:06 DCF: Finality advanced from 136 to 137 in epoch 1    
2026-02-20 11:06:06 DCF: Progressive finalization advanced to block 137    
2026-02-20 11:06:06 🏆 Imported #138 (0xd852…5f21 → 0xaa09…df00)    
2026-02-20 11:06:07 💤 Idle (2 peers), best: #138 (0xaa09…df00), finalized #136 (0x52ab…43dd), ⬇ 0.3kiB/s ⬆ 0.3kiB/s    
2026-02-20 11:06:09 DCF Verifier: Block #139 verification passed    
2026-02-20 11:06:09 DCF: Finality advanced from 137 to 138 in epoch 1    
2026-02-20 11:06:09 DCF: Progressive finalization advanced to block 138    
2026-02-20 11:06:09 🏆 Imported #139 (0xaa09…df00 → 0xb9f2…fd9f)    
2026-02-20 11:06:09 DCF Finality Sync: Client at block #136, DCF finalized up to #138, syncing...    
2026-02-20 11:06:09 DCF Finality Sync: Sync complete. Client finalized head now at block #138    
2026-02-20 11:06:09 DCF Verifier: Block #140 verification passed    
2026-02-20 11:06:09 DCF: Finality advanced from 138 to 139 in epoch 1    
2026-02-20 11:06:09 DCF: Progressive finalization advanced to block 139    
2026-02-20 11:06:09 🏆 Imported #140 (0xb9f2…fd9f → 0x44cb…e212)    
2026-02-20 11:06:09 DCF: Computed PoI score for validator=88dc3417d5058ec4b4503e0c12ea1a0a89be200fe98922423d4334014fa6b0ee (5FA9nQDV...), score=0, block=140    
2026-02-20 11:06:09 DCF: Computed PoI score for validator=d17c2d7823ebf260fd138f2d7e27d114c0145d968b5ff5006125f2414fadae69 (5GoNkf6W...), score=0, block=140    
2026-02-20 11:06:09 DCF: Computed PoI score for validator=439660b36c6c03afafca027b910b4fecf99801834c62a5e6006f27d978de234f (5DbKjhNL...), score=0, block=140    
2026-02-20 11:06:09 DCF off-chain worker completed computation    
2026-02-20 11:06:12 💤 Idle (2 peers), best: #140 (0x44cb…e212), finalized #138 (0xaa09…df00), ⬇ 0.2kiB/s ⬆ 0.2kiB/s    
2026-02-20 11:06:12 Producing block #141 with author 439660b36c6c03afafca027b910b4fecf99801834c62a5e6006f27d978de234f (5DbKjhNL...)    
2026-02-20 11:06:12 DCF: Finality advanced from 139 to 140 in epoch 1    
2026-02-20 11:06:12 DCF: Progressive finalization advanced to block 140    
2026-02-20 11:06:12 ProposerFactory: Successfully created block #141 with 1 extrinsics    
2026-02-20 11:06:12 DCF: Finality advanced from 139 to 140 in epoch 1    
2026-02-20 11:06:12 DCF: Progressive finalization advanced to block 140    
2026-02-20 11:06:12 🏆 Imported #141 (0x44cb…e212 → 0x3d22…b24b)    
2026-02-20 11:06:15 DCF Verifier: Block #142 verification passed    
2026-02-20 11:06:15 DCF: Finality advanced from 140 to 141 in epoch 1    
2026-02-20 11:06:15 DCF: Progressive finalization advanced to block 141    
2026-02-20 11:06:15 🏆 Imported #142 (0x3d22…b24b → 0x3df1…f5a8)    
2026-02-20 11:06:15 DCF Finality Sync: Client at block #138, DCF finalized up to #141, syncing...    
2026-02-20 11:06:15 DCF Finality Sync: Sync complete. Client finalized head now at block #141    
2026-02-20 11:06:15 DCF Verifier: Block #143 verification passed    
2026-02-20 11:06:15 DCF: Finality advanced from 141 to 142 in epoch 1    
2026-02-20 11:06:15 DCF: Progressive finalization advanced to block 142    
2026-02-20 11:06:15 🏆 Imported #143 (0x3df1…f5a8 → 0x1f76…f687)    
2026-02-20 11:06:17 💤 Idle (2 peers), best: #143 (0x1f76…f687), finalized #141 (0x3d22…b24b), ⬇ 0.3kiB/s ⬆ 0.3kiB/s    
2026-02-20 11:06:18 DCF: Finality advanced from 142 to 143 in epoch 1    
2026-02-20 11:06:18 DCF: Progressive finalization advanced to block 143    
2026-02-20 11:06:18 ProposerFactory: Successfully created block #144 with 1 extrinsics    
2026-02-20 11:06:18 DCF: Finality advanced from 142 to 143 in epoch 1    
2026-02-20 11:06:18 DCF: Progressive finalization advanced to block 143    
2026-02-20 11:06:18 🏆 Imported #144 (0x1f76…f687 → 0xc099…62de)    
2026-02-20 11:06:21 DCF Finality Sync: Client at block #141, DCF finalized up to #143, syncing...    
2026-02-20 11:06:21 DCF Finality Sync: Sync complete. Client finalized head now at block #143    
2026-02-20 11:06:21 DCF Verifier: Block #145 verification passed    
2026-02-20 11:06:21 DCF: Finality advanced from 143 to 144 in epoch 1    
2026-02-20 11:06:21 DCF: Progressive finalization advanced to block 144    
2026-02-20 11:06:21 DCF: Computed PoI score for validator=88dc3417d5058ec4b4503e0c12ea1a0a89be200fe98922423d4334014fa6b0ee (5FA9nQDV...), score=0, block=145    
2026-02-20 11:06:21 DCF: Computed PoI score for validator=d17c2d7823ebf260fd138f2d7e27d114c0145d968b5ff5006125f2414fadae69 (5GoNkf6W...), score=0, block=145    
2026-02-20 11:06:21 DCF: Computed PoI score for validator=439660b36c6c03afafca027b910b4fecf99801834c62a5e6006f27d978de234f (5DbKjhNL...), score=0, block=145    
2026-02-20 11:06:21 DCF off-chain worker completed computation    
2026-02-20 11:06:21 🏆 Imported #145 (0xc099…62de → 0x1fd2…41c1)    
2026-02-20 11:06:22 💤 Idle (2 peers), best: #145 (0x1fd2…41c1), finalized #143 (0x1f76…f687), ⬇ 0.2kiB/s ⬆ 0.2kiB/s    
2026-02-20 11:06:24 DCF: Finality advanced from 144 to 145 in epoch 1    
2026-02-20 11:06:24 DCF: Progressive finalization advanced to block 145    
2026-02-20 11:06:24 ProposerFactory: Successfully created block #146 with 1 extrinsics    
2026-02-20 11:06:24 DCF: Finality advanced from 144 to 145 in epoch 1    
2026-02-20 11:06:24 DCF: Progressive finalization advanced to block 145    
2026-02-20 11:06:24 DCF: Refreshed scores for 3 validators    
2026-02-20 11:06:24 🏆 Imported #146 (0x1fd2…41c1 → 0x5e99…0a3c)    
2026-02-20 11:06:25 DCF: Refreshed scores for 3 validators    
2026-02-20 11:06:26 DCF: Refreshed scores for 3 validators    
2026-02-20 11:06:27 💤 Idle (2 peers), best: #146 (0x5e99…0a3c), finalized #143 (0x1f76…f687), ⬇ 0.3kiB/s ⬆ 0.5kiB/s    
2026-02-20 11:06:27 DCF: Refreshed scores for 3 validators    
2026-02-20 11:06:27 DCF Finality Sync: Client at block #143, DCF finalized up to #145, syncing...    
2026-02-20 11:06:27 DCF Finality Sync: Sync complete. Client finalized head now at block #145    
2026-02-20 11:06:27 DCF Verifier: Block #147 verification passed    
2026-02-20 11:06:27 DCF: Finality advanced from 145 to 146 in epoch 1    
2026-02-20 11:06:27 DCF: Progressive finalization advanced to block 146    
2026-02-20 11:06:27 🏆 Imported #147 (0x5e99…0a3c → 0x724b…12ee)    
2026-02-20 11:06:28 DCF Verifier: Block #148 verification passed    
2026-02-20 11:06:28 DCF: Finality advanced from 146 to 147 in epoch 1    
2026-02-20 11:06:28 DCF: Progressive finalization advanced to block 147    
2026-02-20 11:06:28 🏆 Imported #148 (0x724b…12ee → 0xce74…c627)    
2026-02-20 11:06:28 DCF: Refreshed scores for 3 validators    
2026-02-20 11:06:29 DCF: Refreshed scores for 3 validators    
2026-02-20 11:06:30 DCF: Finality advanced from 147 to 148 in epoch 1    
2026-02-20 11:06:30 DCF: Progressive finalization advanced to block 148    
2026-02-20 11:06:30 ProposerFactory: Successfully created block #149 with 1 extrinsics    
2026-02-20 11:06:30 DCF: Finality advanced from 147 to 148 in epoch 1    
2026-02-20 11:06:30 DCF: Progressive finalization advanced to block 148    
2026-02-20 11:06:30 🏆 Imported #149 (0xce74…c627 → 0xa5e4…956b)    
2026-02-20 11:06:32 💤 Idle (2 peers), best: #149 (0xa5e4…956b), finalized #145 (0x1fd2…41c1), ⬇ 1.8kiB/s ⬆ 1.5kiB/s    
2026-02-20 11:06:33 DCF Finality Sync: Client at block #145, DCF finalized up to #148, syncing...    
2026-02-20 11:06:33 DCF Finality Sync: Sync complete. Client finalized head now at block #148    
2026-02-20 11:06:33 DCF Verifier: Block #150 verification passed    
2026-02-20 11:06:33 DCF: Finality advanced from 148 to 149 in epoch 1    
2026-02-20 11:06:33 DCF: Progressive finalization advanced to block 149    
2026-02-20 11:06:33 🏆 Imported #150 (0xa5e4…956b → 0xb285…6cb6)    
2026-02-20 11:06:33 DCF: Computed PoI score for validator=88dc3417d5058ec4b4503e0c12ea1a0a89be200fe98922423d4334014fa6b0ee (5FA9nQDV...), score=0, block=150    
2026-02-20 11:06:33 DCF: Computed PoI score for validator=d17c2d7823ebf260fd138f2d7e27d114c0145d968b5ff5006125f2414fadae69 (5GoNkf6W...), score=0, block=150    
2026-02-20 11:06:33 DCF: Computed PoI score for validator=439660b36c6c03afafca027b910b4fecf99801834c62a5e6006f27d978de234f (5DbKjhNL...), score=0, block=150    
2026-02-20 11:06:33 DCF off-chain worker completed computation    
2026-02-20 11:06:34 DCF Verifier: Block #151 verification passed    
2026-02-20 11:06:34 DCF: Finality advanced from 149 to 150 in epoch 1    
2026-02-20 11:06:34 DCF: Progressive finalization advanced to block 150    
2026-02-20 11:06:34 🏆 Imported #151 (0xb285…6cb6 → 0xb12a…110f)    
2026-02-20 11:06:36 DCF: Finality advanced from 150 to 151 in epoch 1    
2026-02-20 11:06:36 DCF: Progressive finalization advanced to block 151    
2026-02-20 11:06:36 ProposerFactory: Successfully created block #152 with 1 extrinsics    
2026-02-20 11:06:36 DCF: Finality advanced from 150 to 151 in epoch 1    
2026-02-20 11:06:36 DCF: Progressive finalization advanced to block 151    
2026-02-20 11:06:36 🏆 Imported #152 (0xb12a…110f → 0x16b8…17d7)    
2026-02-20 11:06:37 💤 Idle (2 peers), best: #152 (0x16b8…17d7), finalized #148 (0xce74…c627), ⬇ 0.4kiB/s ⬆ 0.4kiB/s    
2026-02-20 11:06:39 DCF Finality Sync: Client at block #148, DCF finalized up to #151, syncing...    
2026-02-20 11:06:39 DCF Finality Sync: Sync complete. Client finalized head now at block #151    
2026-02-20 11:06:40 DCF Verifier: Block #153 verification passed    
2026-02-20 11:06:40 DCF: Finality advanced from 151 to 152 in epoch 1    
2026-02-20 11:06:40 DCF: Progressive finalization advanced to block 152    
2026-02-20 11:06:40 🏆 Imported #153 (0x16b8…17d7 → 0x00cb…fcca)    
2026-02-20 11:06:40 DCF Verifier: Block #154 verification passed    
2026-02-20 11:06:40 DCF: Finality advanced from 152 to 153 in epoch 1    
2026-02-20 11:06:40 DCF: Progressive finalization advanced to block 153    
2026-02-20 11:06:40 🏆 Imported #154 (0x00cb…fcca → 0x6b3b…23fc)    
2026-02-20 11:06:42 💤 Idle (2 peers), best: #154 (0x6b3b…23fc), finalized #151 (0xb12a…110f), ⬇ 0.2kiB/s ⬆ 0.1kiB/s    
2026-02-20 11:06:42 DCF: Finality advanced from 153 to 154 in epoch 1    
2026-02-20 11:06:42 DCF: Progressive finalization advanced to block 154    
2026-02-20 11:06:42 ProposerFactory: Successfully created block #155 with 1 extrinsics    
2026-02-20 11:06:42 DCF: Finality advanced from 153 to 154 in epoch 1    
2026-02-20 11:06:42 DCF: Progressive finalization advanced to block 154    
2026-02-20 11:06:42 DCF: Computed PoI score for validator=88dc3417d5058ec4b4503e0c12ea1a0a89be200fe98922423d4334014fa6b0ee (5FA9nQDV...), score=0, block=155    
2026-02-20 11:06:42 DCF: Computed PoI score for validator=d17c2d7823ebf260fd138f2d7e27d114c0145d968b5ff5006125f2414fadae69 (5GoNkf6W...), score=0, block=155    
2026-02-20 11:06:42 DCF: Computed PoI score for validator=439660b36c6c03afafca027b910b4fecf99801834c62a5e6006f27d978de234f (5DbKjhNL...), score=0, block=155    
2026-02-20 11:06:42 DCF off-chain worker completed computation    
2026-02-20 11:06:42 🏆 Imported #155 (0x6b3b…23fc → 0xf37e…6210)    
2026-02-20 11:06:45 DCF Finality Sync: Client at block #151, DCF finalized up to #154, syncing...    
2026-02-20 11:06:45 DCF Finality Sync: Sync complete. Client finalized head now at block #154    
2026-02-20 11:06:46 DCF Verifier: Block #156 verification passed    
2026-02-20 11:06:46 DCF: Finality advanced from 154 to 155 in epoch 1    
2026-02-20 11:06:46 DCF: Progressive finalization advanced to block 155    
2026-02-20 11:06:46 🏆 Imported #156 (0xf37e…6210 → 0xd1dd…2fb7)    
2026-02-20 11:06:46 DCF Verifier: Block #157 verification passed    
2026-02-20 11:06:46 DCF: Finality advanced from 155 to 156 in epoch 1    
2026-02-20 11:06:46 DCF: Progressive finalization advanced to block 156    
2026-02-20 11:06:46 🏆 Imported #157 (0xd1dd…2fb7 → 0xfb32…a03e)    
2026-02-20 11:06:47 💤 Idle (2 peers), best: #157 (0xfb32…a03e), finalized #154 (0x6b3b…23fc), ⬇ 0.3kiB/s ⬆ 0.3kiB/s    
2026-02-20 11:06:49 DCF: Finality advanced from 156 to 157 in epoch 1    
2026-02-20 11:06:49 DCF: Progressive finalization advanced to block 157    
2026-02-20 11:06:49 ProposerFactory: Successfully created block #158 with 1 extrinsics    
2026-02-20 11:06:49 DCF: Finality advanced from 156 to 157 in epoch 1    
2026-02-20 11:06:49 DCF: Progressive finalization advanced to block 157    
2026-02-20 11:06:49 🏆 Imported #158 (0xfb32…a03e → 0x45c2…96bf)    
2026-02-20 11:06:51 DCF Finality Sync: Client at block #154, DCF finalized up to #157, syncing...    
2026-02-20 11:06:51 DCF Finality Sync: Sync complete. Client finalized head now at block #157    
2026-02-20 11:06:52 💤 Idle (2 peers), best: #158 (0x45c2…96bf), finalized #157 (0xfb32…a03e), ⬇ 56 B/s ⬆ 0.2kiB/s    
2026-02-20 11:06:52 DCF Verifier: Block #159 verification passed    
2026-02-20 11:06:52 DCF: Finality advanced from 157 to 158 in epoch 1    
2026-02-20 11:06:52 DCF: Progressive finalization advanced to block 158    
2026-02-20 11:06:52 🏆 Imported #159 (0x45c2…96bf → 0x7424…8243)    
2026-02-20 11:06:52 DCF Verifier: Block #160 verification passed    
2026-02-20 11:06:52 DCF: Finality advanced from 158 to 159 in epoch 1    
2026-02-20 11:06:52 DCF: Progressive finalization advanced to block 159    
2026-02-20 11:06:52 🏆 Imported #160 (0x7424…8243 → 0x3675…6e7b)    
2026-02-20 11:06:52 DCF: Computed PoI score for validator=88dc3417d5058ec4b4503e0c12ea1a0a89be200fe98922423d4334014fa6b0ee (5FA9nQDV...), score=0, block=160    
2026-02-20 11:06:52 DCF: Computed PoI score for validator=d17c2d7823ebf260fd138f2d7e27d114c0145d968b5ff5006125f2414fadae69 (5GoNkf6W...), score=0, block=160    
2026-02-20 11:06:52 DCF: Computed PoI score for validator=439660b36c6c03afafca027b910b4fecf99801834c62a5e6006f27d978de234f (5DbKjhNL...), score=0, block=160    
2026-02-20 11:06:52 DCF off-chain worker completed computation    
2026-02-20 11:06:55 Producing block #161 with author 88dc3417d5058ec4b4503e0c12ea1a0a89be200fe98922423d4334014fa6b0ee (5FA9nQDV...)    
2026-02-20 11:06:55 DCF: Finality advanced from 159 to 160 in epoch 1    
2026-02-20 11:06:55 DCF: Progressive finalization advanced to block 160    
2026-02-20 11:06:55 ProposerFactory: Successfully created block #161 with 1 extrinsics    
2026-02-20 11:06:55 DCF: Finality advanced from 159 to 160 in epoch 1    
2026-02-20 11:06:55 DCF: Progressive finalization advanced to block 160    
2026-02-20 11:06:55 🏆 Imported #161 (0x3675…6e7b → 0x6474…fa32)    
2026-02-20 11:06:57 💤 Idle (2 peers), best: #161 (0x6474…fa32), finalized #157 (0xfb32…a03e), ⬇ 0.3kiB/s ⬆ 0.3kiB/s    
2026-02-20 11:06:57 DCF Finality Sync: Client at block #157, DCF finalized up to #160, syncing...    
2026-02-20 11:06:57 DCF Finality Sync: Sync complete. Client finalized head now at block #160    
2026-02-20 11:06:58 DCF Verifier: Block #162 verification passed    
2026-02-20 11:06:58 DCF: Finality advanced from 160 to 161 in epoch 1    
2026-02-20 11:06:58 DCF: Progressive finalization advanced to block 161    
2026-02-20 11:06:58 🏆 Imported #162 (0x6474…fa32 → 0xd721…678c)    
2026-02-20 11:06:58 DCF Verifier: Block #163 verification passed    
2026-02-20 11:06:58 DCF: Finality advanced from 161 to 162 in epoch 1    
2026-02-20 11:06:58 DCF: Progressive finalization advanced to block 162    
2026-02-20 11:06:58 🏆 Imported #163 (0xd721…678c → 0x9681…68bb)    
2026-02-20 11:07:01 DCF: Finality advanced from 162 to 163 in epoch 1    
2026-02-20 11:07:01 DCF: Progressive finalization advanced to block 163    
2026-02-20 11:07:01 ProposerFactory: Successfully created block #164 with 1 extrinsics    
2026-02-20 11:07:01 DCF: Finality advanced from 162 to 163 in epoch 1    
2026-02-20 11:07:01 DCF: Progressive finalization advanced to block 163    
2026-02-20 11:07:01 🏆 Imported #164 (0x9681…68bb → 0x6b32…985d)    
2026-02-20 11:07:02 💤 Idle (2 peers), best: #164 (0x6b32…985d), finalized #160 (0x3675…6e7b), ⬇ 0.2kiB/s ⬆ 0.3kiB/s    
2026-02-20 11:07:03 DCF Finality Sync: Client at block #160, DCF finalized up to #163, syncing...    
2026-02-20 11:07:03 DCF Finality Sync: Sync complete. Client finalized head now at block #163    
2026-02-20 11:07:04 DCF Verifier: Block #165 verification passed    
2026-02-20 11:07:04 DCF: Finality advanced from 163 to 164 in epoch 1    
2026-02-20 11:07:04 DCF: Progressive finalization advanced to block 164    
2026-02-20 11:07:04 🏆 Imported #165 (0x6b32…985d → 0xa318…cdf2)    
2026-02-20 11:07:04 DCF: Computed PoI score for validator=88dc3417d5058ec4b4503e0c12ea1a0a89be200fe98922423d4334014fa6b0ee (5FA9nQDV...), score=0, block=165    
2026-02-20 11:07:04 DCF: Computed PoI score for validator=d17c2d7823ebf260fd138f2d7e27d114c0145d968b5ff5006125f2414fadae69 (5GoNkf6W...), score=0, block=165    
2026-02-20 11:07:04 DCF: Computed PoI score for validator=439660b36c6c03afafca027b910b4fecf99801834c62a5e6006f27d978de234f (5DbKjhNL...), score=0, block=165    
2026-02-20 11:07:04 DCF off-chain worker completed computation    
2026-02-20 11:07:04 DCF Verifier: Block #166 verification passed    
2026-02-20 11:07:04 DCF: Finality advanced from 164 to 165 in epoch 1    
2026-02-20 11:07:04 DCF: Progressive finalization advanced to block 165    
2026-02-20 11:07:04 🏆 Imported #166 (0xa318…cdf2 → 0x7ee3…0fd5)    
2026-02-20 11:07:07 DCF: Finality advanced from 165 to 166 in epoch 1    
2026-02-20 11:07:07 DCF: Progressive finalization advanced to block 166    
2026-02-20 11:07:07 ProposerFactory: Successfully created block #167 with 1 extrinsics    
2026-02-20 11:07:07 DCF: Finality advanced from 165 to 166 in epoch 1    
2026-02-20 11:07:07 DCF: Progressive finalization advanced to block 166    
2026-02-20 11:07:07 🏆 Imported #167 (0x7ee3…0fd5 → 0x96f0…ae2e)    
2026-02-20 11:07:07 💤 Idle (2 peers), best: #167 (0x96f0…ae2e), finalized #163 (0x9681…68bb), ⬇ 0.2kiB/s ⬆ 0.3kiB/s    
2026-02-20 11:07:09 DCF Finality Sync: Client at block #163, DCF finalized up to #166, syncing...    
2026-02-20 11:07:09 DCF Finality Sync: Sync complete. Client finalized head now at block #166    
2026-02-20 11:07:10 DCF Verifier: Block #168 verification passed    
2026-02-20 11:07:10 DCF: Finality advanced from 166 to 167 in epoch 1    
2026-02-20 11:07:10 DCF: Progressive finalization advanced to block 167    
2026-02-20 11:07:10 🏆 Imported #168 (0x96f0…ae2e → 0x94fd…2247)    
2026-02-20 11:07:12 💤 Idle (2 peers), best: #168 (0x94fd…2247), finalized #166 (0x7ee3…0fd5), ⬇ 0.2kiB/s ⬆ 69 B/s    
2026-02-20 11:07:13 DCF: Finality advanced from 167 to 168 in epoch 1    
2026-02-20 11:07:13 DCF: Progressive finalization advanced to block 168    
2026-02-20 11:07:13 ProposerFactory: Successfully created block #169 with 1 extrinsics    
2026-02-20 11:07:13 DCF: Finality advanced from 167 to 168 in epoch 1    
2026-02-20 11:07:13 DCF: Progressive finalization advanced to block 168    
2026-02-20 11:07:13 🏆 Imported #169 (0x94fd…2247 → 0xd00b…c4ca)    
2026-02-20 11:07:15 DCF Finality Sync: Client at block #166, DCF finalized up to #168, syncing...    
2026-02-20 11:07:15 DCF Finality Sync: Sync complete. Client finalized head now at block #168    
2026-02-20 11:07:16 DCF Verifier: Block #170 verification passed    
2026-02-20 11:07:16 DCF: Finality advanced from 168 to 169 in epoch 1    
2026-02-20 11:07:16 DCF: Progressive finalization advanced to block 169    
2026-02-20 11:07:16 🏆 Imported #170 (0xd00b…c4ca → 0x2d83…30f8)    
2026-02-20 11:07:16 DCF: Computed PoI score for validator=88dc3417d5058ec4b4503e0c12ea1a0a89be200fe98922423d4334014fa6b0ee (5FA9nQDV...), score=0, block=170    
2026-02-20 11:07:16 DCF: Computed PoI score for validator=d17c2d7823ebf260fd138f2d7e27d114c0145d968b5ff5006125f2414fadae69 (5GoNkf6W...), score=0, block=170    
2026-02-20 11:07:16 DCF: Computed PoI score for validator=439660b36c6c03afafca027b910b4fecf99801834c62a5e6006f27d978de234f (5DbKjhNL...), score=0, block=170    
2026-02-20 11:07:16 DCF off-chain worker completed computation    
2026-02-20 11:07:17 💤 Idle (2 peers), best: #170 (0x2d83…30f8), finalized #168 (0x94fd…2247), ⬇ 0.2kiB/s ⬆ 0.2kiB/s    
2026-02-20 11:07:19 Producing block #171 with author 439660b36c6c03afafca027b910b4fecf99801834c62a5e6006f27d978de234f (5DbKjhNL...)    
2026-02-20 11:07:19 DCF: Finality advanced from 169 to 170 in epoch 1    
2026-02-20 11:07:19 DCF: Progressive finalization advanced to block 170    
2026-02-20 11:07:19 ProposerFactory: Successfully created block #171 with 1 extrinsics    
2026-02-20 11:07:19 DCF: Finality advanced from 169 to 170 in epoch 1    
2026-02-20 11:07:19 DCF: Progressive finalization advanced to block 170    
2026-02-20 11:07:19 🏆 Imported #171 (0x2d83…30f8 → 0x162e…06df)    
2026-02-20 11:07:21 DCF Finality Sync: Client at block #168, DCF finalized up to #170, syncing...    
2026-02-20 11:07:21 DCF Finality Sync: Sync complete. Client finalized head now at block #170    
2026-02-20 11:07:22 💤 Idle (2 peers), best: #171 (0x162e…06df), finalized #170 (0x2d83…30f8), ⬇ 56 B/s ⬆ 0.2kiB/s    
2026-02-20 11:07:22 DCF Verifier: Block #172 verification passed    
2026-02-20 11:07:22 DCF: Finality advanced from 170 to 171 in epoch 1    
2026-02-20 11:07:22 DCF: Progressive finalization advanced to block 171    
2026-02-20 11:07:22 🏆 Imported #172 (0x162e…06df → 0x9cf0…5370)    
2026-02-20 11:07:25 DCF: Finality advanced from 171 to 172 in epoch 1    
2026-02-20 11:07:25 DCF: Progressive finalization advanced to block 172    
2026-02-20 11:07:25 ProposerFactory: Successfully created block #173 with 1 extrinsics    
2026-02-20 11:07:25 DCF: Finality advanced from 171 to 172 in epoch 1    
2026-02-20 11:07:25 DCF: Progressive finalization advanced to block 172    
2026-02-20 11:07:25 🏆 Imported #173 (0x9cf0…5370 → 0xbd54…b89c)    
2026-02-20 11:07:27 Block Tracker: Statistics Report    
2026-02-20 11:07:27   Service uptime: 360.189626619s    
2026-02-20 11:07:27   Total blocks tracked: 173    
2026-02-20 11:07:27   Active validators monitored: 3    
2026-02-20 11:07:27   Overall participation rate: 100.00%    
2026-02-20 11:07:27   Total blocks authored: 172    
2026-02-20 11:07:27   Total blocks missed: 0    
2026-02-20 11:07:27   Top performers:    
2026-02-20 11:07:27     439660b36c6c03afafca027b910b4fecf99801834c62a5e6006f27d978de234f (5DbKjhNL...): 100.00% (53/53 blocks)    
2026-02-20 11:07:27     88dc3417d5058ec4b4503e0c12ea1a0a89be200fe98922423d4334014fa6b0ee (5FA9nQDV...): 100.00% (64/64 blocks)    
2026-02-20 11:07:27     d17c2d7823ebf260fd138f2d7e27d114c0145d968b5ff5006125f2414fadae69 (5GoNkf6W...): 100.00% (55/55 blocks)    
2026-02-20 11:07:27 💤 Idle (2 peers), best: #173 (0xbd54…b89c), finalized #170 (0x2d83…30f8), ⬇ 0.2kiB/s ⬆ 0.4kiB/s    
2026-02-20 11:07:27 DCF Finality Sync: Client at block #170, DCF finalized up to #172, syncing...    
2026-02-20 11:07:27 DCF Finality Sync: Sync complete. Client finalized head now at block #172    
2026-02-20 11:07:28 DCF Verifier: Block #174 verification passed    
2026-02-20 11:07:28 DCF: Finality advanced from 172 to 173 in epoch 1    
2026-02-20 11:07:28 DCF: Progressive finalization advanced to block 173    
2026-02-20 11:07:28 🏆 Imported #174 (0xbd54…b89c → 0x3380…0e7b)    
2026-02-20 11:07:28 DCF Verifier: Block #175 verification passed    
2026-02-20 11:07:28 DCF: Finality advanced from 173 to 174 in epoch 1    
2026-02-20 11:07:28 DCF: Progressive finalization advanced to block 174    
2026-02-20 11:07:28 🏆 Imported #175 (0x3380…0e7b → 0x9d95…8747)    
2026-02-20 11:07:28 DCF: Computed PoI score for validator=88dc3417d5058ec4b4503e0c12ea1a0a89be200fe98922423d4334014fa6b0ee (5FA9nQDV...), score=0, block=175    
2026-02-20 11:07:28 DCF: Computed PoI score for validator=d17c2d7823ebf260fd138f2d7e27d114c0145d968b5ff5006125f2414fadae69 (5GoNkf6W...), score=0, block=175    
2026-02-20 11:07:28 DCF: Computed PoI score for validator=439660b36c6c03afafca027b910b4fecf99801834c62a5e6006f27d978de234f (5DbKjhNL...), score=0, block=175    
2026-02-20 11:07:28 DCF off-chain worker completed computation    
2026-02-20 11:07:31 DCF: Finality advanced from 174 to 175 in epoch 1    
2026-02-20 11:07:31 DCF: Progressive finalization advanced to block 175    
2026-02-20 11:07:31 ProposerFactory: Successfully created block #176 with 1 extrinsics    
2026-02-20 11:07:31 DCF: Finality advanced from 174 to 175 in epoch 1    
2026-02-20 11:07:31 DCF: Progressive finalization advanced to block 175    
2026-02-20 11:07:31 🏆 Imported #176 (0x9d95…8747 → 0x4fd6…4111)    
2026-02-20 11:07:32 💤 Idle (2 peers), best: #176 (0x4fd6…4111), finalized #172 (0x9cf0…5370), ⬇ 0.6kiB/s ⬆ 0.3kiB/s    
2026-02-20 11:07:33 DCF Finality Sync: Client at block #172, DCF finalized up to #175, syncing...    
2026-02-20 11:07:33 DCF Finality Sync: Sync complete. Client finalized head now at block #175    
2026-02-20 11:07:34 DCF Verifier: Block #177 verification passed    
2026-02-20 11:07:34 DCF: Finality advanced from 175 to 176 in epoch 1    
2026-02-20 11:07:34 DCF: Progressive finalization advanced to block 176    
2026-02-20 11:07:34 🏆 Imported #177 (0x4fd6…4111 → 0x32a6…0193)    
2026-02-20 11:07:34 DCF Verifier: Block #178 verification passed    
2026-02-20 11:07:34 DCF: Finality advanced from 176 to 177 in epoch 1    
2026-02-20 11:07:34 DCF: Progressive finalization advanced to block 177    
2026-02-20 11:07:34 🏆 Imported #178 (0x32a6…0193 → 0x9669…bee7)    
2026-02-20 11:07:37 💤 Idle (2 peers), best: #178 (0x9669…bee7), finalized #175 (0x9d95…8747), ⬇ 0.2kiB/s ⬆ 0.3kiB/s    
2026-02-20 11:07:37 DCF: Finality advanced from 177 to 178 in epoch 1    
2026-02-20 11:07:37 DCF: Progressive finalization advanced to block 178    
2026-02-20 11:07:37 ProposerFactory: Successfully created block #179 with 1 extrinsics    
2026-02-20 11:07:37 DCF: Finality advanced from 177 to 178 in epoch 1    
2026-02-20 11:07:37 DCF: Progressive finalization advanced to block 178    
2026-02-20 11:07:37 🏆 Imported #179 (0x9669…bee7 → 0xdb23…ae3b)    
2026-02-20 11:07:39 DCF Finality Sync: Client at block #175, DCF finalized up to #178, syncing...    
2026-02-20 11:07:39 DCF Finality Sync: Sync complete. Client finalized head now at block #178    
2026-02-20 11:07:40 DCF Verifier: Block #180 verification passed    
2026-02-20 11:07:40 DCF: Finality advanced from 178 to 179 in epoch 1    
2026-02-20 11:07:40 DCF: Progressive finalization advanced to block 179    
2026-02-20 11:07:40 🏆 Imported #180 (0xdb23…ae3b → 0x3b01…0e11)    
2026-02-20 11:07:40 DCF: Computed PoI score for validator=88dc3417d5058ec4b4503e0c12ea1a0a89be200fe98922423d4334014fa6b0ee (5FA9nQDV...), score=0, block=180    
2026-02-20 11:07:40 DCF: Computed PoI score for validator=d17c2d7823ebf260fd138f2d7e27d114c0145d968b5ff5006125f2414fadae69 (5GoNkf6W...), score=0, block=180    
2026-02-20 11:07:40 DCF: Computed PoI score for validator=439660b36c6c03afafca027b910b4fecf99801834c62a5e6006f27d978de234f (5DbKjhNL...), score=0, block=180    
2026-02-20 11:07:40 DCF off-chain worker completed computation    
2026-02-20 11:07:40 DCF Verifier: Block #181 verification passed    
2026-02-20 11:07:40 DCF: Finality advanced from 179 to 180 in epoch 1    
2026-02-20 11:07:40 DCF: Progressive finalization advanced to block 180    
2026-02-20 11:07:40 🏆 Imported #181 (0x3b01…0e11 → 0xba27…10d3)    
2026-02-20 11:07:42 💤 Idle (2 peers), best: #181 (0xba27…10d3), finalized #178 (0x9669…bee7), ⬇ 0.3kiB/s ⬆ 0.3kiB/s    
2026-02-20 11:07:43 DCF: Finality advanced from 180 to 181 in epoch 1    
2026-02-20 11:07:43 DCF: Progressive finalization advanced to block 181    
2026-02-20 11:07:43 ProposerFactory: Successfully created block #182 with 1 extrinsics    
2026-02-20 11:07:43 DCF: Finality advanced from 180 to 181 in epoch 1    
2026-02-20 11:07:43 DCF: Progressive finalization advanced to block 181    
2026-02-20 11:07:43 🏆 Imported #182 (0xba27…10d3 → 0x8fe1…0b47)    
2026-02-20 11:07:45 DCF Finality Sync: Client at block #178, DCF finalized up to #181, syncing...    
2026-02-20 11:07:45 DCF Finality Sync: Sync complete. Client finalized head now at block #181    
2026-02-20 11:07:46 DCF Verifier: Block #183 verification passed    
2026-02-20 11:07:46 DCF: Finality advanced from 181 to 182 in epoch 1    
2026-02-20 11:07:46 DCF: Progressive finalization advanced to block 182    
2026-02-20 11:07:46 🏆 Imported #183 (0x8fe1…0b47 → 0xb92e…a806)    
2026-02-20 11:07:46 DCF Verifier: Block #184 verification passed    
2026-02-20 11:07:46 DCF: Finality advanced from 182 to 183 in epoch 1    
2026-02-20 11:07:46 DCF: Progressive finalization advanced to block 183    
2026-02-20 11:07:46 🏆 Imported #184 (0xb92e…a806 → 0x2a03…d425)    
2026-02-20 11:07:47 💤 Idle (2 peers), best: #184 (0x2a03…d425), finalized #181 (0xba27…10d3), ⬇ 0.3kiB/s ⬆ 0.3kiB/s    
2026-02-20 11:07:49 DCF: Finality advanced from 183 to 184 in epoch 1    
2026-02-20 11:07:49 DCF: Progressive finalization advanced to block 184    
2026-02-20 11:07:49 ProposerFactory: Successfully created block #185 with 1 extrinsics    
2026-02-20 11:07:49 DCF: Finality advanced from 183 to 184 in epoch 1    
2026-02-20 11:07:49 DCF: Progressive finalization advanced to block 184    
2026-02-20 11:07:49 DCF: Computed PoI score for validator=88dc3417d5058ec4b4503e0c12ea1a0a89be200fe98922423d4334014fa6b0ee (5FA9nQDV...), score=0, block=185    
2026-02-20 11:07:49 DCF: Computed PoI score for validator=d17c2d7823ebf260fd138f2d7e27d114c0145d968b5ff5006125f2414fadae69 (5GoNkf6W...), score=0, block=185    
2026-02-20 11:07:49 DCF: Computed PoI score for validator=439660b36c6c03afafca027b910b4fecf99801834c62a5e6006f27d978de234f (5DbKjhNL...), score=0, block=185    
2026-02-20 11:07:49 DCF off-chain worker completed computation    
2026-02-20 11:07:49 🏆 Imported #185 (0x2a03…d425 → 0xde1e…2b5b)    
2026-02-20 11:07:51 DCF Finality Sync: Client at block #181, DCF finalized up to #184, syncing...    
2026-02-20 11:07:51 DCF Finality Sync: Sync complete. Client finalized head now at block #184    
2026-02-20 11:07:52 💤 Idle (2 peers), best: #185 (0xde1e…2b5b), finalized #184 (0x2a03…d425), ⬇ 56 B/s ⬆ 0.2kiB/s    
2026-02-20 11:07:53 DCF Verifier: Block #186 verification passed    
2026-02-20 11:07:53 DCF: Finality advanced from 184 to 185 in epoch 1    
2026-02-20 11:07:53 DCF: Progressive finalization advanced to block 185    
2026-02-20 11:07:53 🏆 Imported #186 (0xde1e…2b5b → 0x6372…7a37)    
2026-02-20 11:07:55 DCF: Finality advanced from 185 to 186 in epoch 1    
2026-02-20 11:07:55 DCF: Progressive finalization advanced to block 186    
2026-02-20 11:07:55 ProposerFactory: Successfully created block #187 with 1 extrinsics    
2026-02-20 11:07:55 DCF: Finality advanced from 185 to 186 in epoch 1    
2026-02-20 11:07:55 DCF: Progressive finalization advanced to block 186    
2026-02-20 11:07:55 🏆 Imported #187 (0x6372…7a37 → 0xba88…42fe)    
2026-02-20 11:07:57 💤 Idle (2 peers), best: #187 (0xba88…42fe), finalized #184 (0x2a03…d425), ⬇ 0.2kiB/s ⬆ 0.2kiB/s    
2026-02-20 11:07:57 DCF Finality Sync: Client at block #184, DCF finalized up to #186, syncing...    
2026-02-20 11:07:57 DCF Finality Sync: Sync complete. Client finalized head now at block #186    
2026-02-20 11:07:58 DCF Verifier: Block #188 verification passed    
2026-02-20 11:07:58 DCF: Finality advanced from 186 to 187 in epoch 1    
2026-02-20 11:07:58 DCF: Progressive finalization advanced to block 187    
2026-02-20 11:07:58 🏆 Imported #188 (0xba88…42fe → 0x8e56…4f78)    
2026-02-20 11:07:59 DCF Verifier: Block #189 verification passed    
2026-02-20 11:07:59 DCF: Finality advanced from 187 to 188 in epoch 1    
2026-02-20 11:07:59 DCF: Progressive finalization advanced to block 188    
2026-02-20 11:07:59 🏆 Imported #189 (0x8e56…4f78 → 0xc8a5…54cf)    
2026-02-20 11:08:01 DCF: Finality advanced from 188 to 189 in epoch 1    
2026-02-20 11:08:01 DCF: Progressive finalization advanced to block 189    
2026-02-20 11:08:01 ProposerFactory: Successfully created block #190 with 1 extrinsics    
2026-02-20 11:08:01 DCF: Finality advanced from 188 to 189 in epoch 1    
2026-02-20 11:08:01 DCF: Progressive finalization advanced to block 189    
2026-02-20 11:08:01 DCF: Computed PoI score for validator=88dc3417d5058ec4b4503e0c12ea1a0a89be200fe98922423d4334014fa6b0ee (5FA9nQDV...), score=0, block=190    
2026-02-20 11:08:01 DCF: Computed PoI score for validator=d17c2d7823ebf260fd138f2d7e27d114c0145d968b5ff5006125f2414fadae69 (5GoNkf6W...), score=0, block=190    
2026-02-20 11:08:01 DCF: Computed PoI score for validator=439660b36c6c03afafca027b910b4fecf99801834c62a5e6006f27d978de234f (5DbKjhNL...), score=0, block=190    
2026-02-20 11:08:01 DCF off-chain worker completed computation    
2026-02-20 11:08:01 PoS+PoI: Consensus Health - Block: 190, Slot: 66, Validators: 3, Healthy: 3, Avg Score: 100    
2026-02-20 11:08:01 🏆 Imported #190 (0xc8a5…54cf → 0x818b…d3c2)    
2026-02-20 11:08:02 💤 Idle (2 peers), best: #190 (0x818b…d3c2), finalized #186 (0x6372…7a37), ⬇ 0.3kiB/s ⬆ 0.3kiB/s    
2026-02-20 11:08:03 DCF Finality Sync: Client at block #186, DCF finalized up to #189, syncing...    
2026-02-20 11:08:03 DCF Finality Sync: Sync complete. Client finalized head now at block #189    
2026-02-20 11:08:05 DCF Verifier: Block #191 verification passed    
2026-02-20 11:08:05 DCF: Finality advanced from 189 to 190 in epoch 1    
2026-02-20 11:08:05 DCF: Progressive finalization advanced to block 190    
2026-02-20 11:08:05 🏆 Imported #191 (0x818b…d3c2 → 0x3cf6…0216)    
2026-02-20 11:08:05 DCF Verifier: Block #192 verification passed    
2026-02-20 11:08:05 DCF: Finality advanced from 190 to 191 in epoch 1    
2026-02-20 11:08:05 DCF: Progressive finalization advanced to block 191    
2026-02-20 11:08:05 🏆 Imported #192 (0x3cf6…0216 → 0x1266…82bc)    
2026-02-20 11:08:07 💤 Idle (2 peers), best: #192 (0x1266…82bc), finalized #189 (0xc8a5…54cf), ⬇ 0.2kiB/s ⬆ 0.1kiB/s    
2026-02-20 11:08:08 DCF: Finality advanced from 191 to 192 in epoch 1    
2026-02-20 11:08:08 DCF: Progressive finalization advanced to block 192    
2026-02-20 11:08:08 ProposerFactory: Successfully created block #193 with 1 extrinsics    
2026-02-20 11:08:08 DCF: Finality advanced from 191 to 192 in epoch 1    
2026-02-20 11:08:08 DCF: Progressive finalization advanced to block 192    
2026-02-20 11:08:08 🏆 Imported #193 (0x1266…82bc → 0xe417…14c0)    
2026-02-20 11:08:10 DCF Finality Sync: Client at block #189, DCF finalized up to #192, syncing...    
2026-02-20 11:08:10 DCF Finality Sync: Sync complete. Client finalized head now at block #192    
2026-02-20 11:08:11 DCF Verifier: Block #194 verification passed    
2026-02-20 11:08:11 DCF: Finality advanced from 192 to 193 in epoch 1    
2026-02-20 11:08:11 DCF: Progressive finalization advanced to block 193    
2026-02-20 11:08:11 🏆 Imported #194 (0xe417…14c0 → 0xc43d…731b)    
2026-02-20 11:08:11 DCF Verifier: Block #195 verification passed    
2026-02-20 11:08:11 DCF: Finality advanced from 193 to 194 in epoch 1    
2026-02-20 11:08:11 DCF: Progressive finalization advanced to block 194    
2026-02-20 11:08:11 🏆 Imported #195 (0xc43d…731b → 0xf686…f7ea)    
2026-02-20 11:08:11 DCF: Computed PoI score for validator=88dc3417d5058ec4b4503e0c12ea1a0a89be200fe98922423d4334014fa6b0ee (5FA9nQDV...), score=0, block=195    
2026-02-20 11:08:11 DCF: Computed PoI score for validator=d17c2d7823ebf260fd138f2d7e27d114c0145d968b5ff5006125f2414fadae69 (5GoNkf6W...), score=0, block=195    
2026-02-20 11:08:11 DCF: Computed PoI score for validator=439660b36c6c03afafca027b910b4fecf99801834c62a5e6006f27d978de234f (5DbKjhNL...), score=0, block=195    
2026-02-20 11:08:11 DCF off-chain worker completed computation    
2026-02-20 11:08:12 💤 Idle (2 peers), best: #195 (0xf686…f7ea), finalized #192 (0x1266…82bc), ⬇ 0.3kiB/s ⬆ 0.3kiB/s    
2026-02-20 11:08:14 DCF: Finality advanced from 194 to 195 in epoch 1    
2026-02-20 11:08:14 DCF: Progressive finalization advanced to block 195    
2026-02-20 11:08:14 ProposerFactory: Successfully created block #196 with 1 extrinsics    
2026-02-20 11:08:14 DCF: Finality advanced from 194 to 195 in epoch 1    
2026-02-20 11:08:14 DCF: Progressive finalization advanced to block 195    
2026-02-20 11:08:14 🏆 Imported #196 (0xf686…f7ea → 0x8b98…23f5)    
2026-02-20 11:08:16 DCF Finality Sync: Client at block #192, DCF finalized up to #195, syncing...    
2026-02-20 11:08:16 DCF Finality Sync: Sync complete. Client finalized head now at block #195    
2026-02-20 11:08:17 DCF Verifier: Block #197 verification passed    
2026-02-20 11:08:17 DCF: Finality advanced from 195 to 196 in epoch 1    
2026-02-20 11:08:17 DCF: Progressive finalization advanced to block 196    
2026-02-20 11:08:17 🏆 Imported #197 (0x8b98…23f5 → 0x2501…981c)    
2026-02-20 11:08:17 💤 Idle (2 peers), best: #197 (0x2501…981c), finalized #195 (0xf686…f7ea), ⬇ 0.2kiB/s ⬆ 0.2kiB/s    
2026-02-20 11:08:17 DCF Verifier: Block #198 verification passed    
2026-02-20 11:08:17 DCF: Finality advanced from 196 to 197 in epoch 1    
2026-02-20 11:08:17 DCF: Progressive finalization advanced to block 197    
2026-02-20 11:08:17 🏆 Imported #198 (0x2501…981c → 0x7490…e7c3)    
2026-02-20 11:08:20 DCF: Finality advanced from 197 to 198 in epoch 1    
2026-02-20 11:08:20 DCF: Progressive finalization advanced to block 198    
2026-02-20 11:08:20 ProposerFactory: Successfully created block #199 with 1 extrinsics    
2026-02-20 11:08:20 DCF: Finality advanced from 197 to 198 in epoch 1    
2026-02-20 11:08:20 DCF: Progressive finalization advanced to block 198    
2026-02-20 11:08:20 🏆 Imported #199 (0x7490…e7c3 → 0xbc95…583c)    
2026-02-20 11:08:22 DCF Finality Sync: Client at block #195, DCF finalized up to #198, syncing...    
2026-02-20 11:08:22 DCF Finality Sync: Sync complete. Client finalized head now at block #198    
2026-02-20 11:08:22 💤 Idle (2 peers), best: #199 (0xbc95…583c), finalized #198 (0x7490…e7c3), ⬇ 0.2kiB/s ⬆ 0.2kiB/s    
2026-02-20 11:08:23 DCF Verifier: Block #200 verification passed    
2026-02-20 11:08:23 DCF: Finality advanced from 198 to 199 in epoch 1    
2026-02-20 11:08:23 DCF: Progressive finalization advanced to block 199    
2026-02-20 11:08:23 Failed to emit EVM-compatible event: ContainsNullBytes    
2026-02-20 11:08:23 Failed to emit EVM-compatible event: ContainsNullBytes    
2026-02-20 11:08:23 Failed to emit EVM-compatible event: ContainsNullBytes    
2026-02-20 11:08:23 DCF: Score aggregation completed - updated 3 validators    
2026-02-20 11:08:23 DCF: Performance analysis - 0 high performers, 0 low performers    
2026-02-20 11:08:23 DCF: Governance proposal generation completed    
2026-02-20 11:08:23 DCF: Epoch proposal generation completed    
2026-02-20 11:08:23 DCF: Processed 0 epoch proposals    
2026-02-20 11:08:23 DCF: Auto epoch transition 1 -> 2 (standard mode) - 3 active validators    
2026-02-20 11:08:23 Failed to emit EVM-compatible event: ContainsNullBytes    
2026-02-20 11:08:23 DCF: Deterministic epoch transition completed for epoch 2 at block 200 with 100 authors    
2026-02-20 11:08:23 DCF: Epoch finalization already at 199 (>= 199), no advancement needed    
2026-02-20 11:08:23 DCF: Epoch transition completed: 1 -> 2    
2026-02-20 11:08:23 DCF Health: epoch=2, validators=3/3, avg_score=32    
2026-02-20 11:08:23 DCF: Epoch metrics updated at block 200    
2026-02-20 11:08:23 🏆 Imported #200 (0xbc95…583c → 0xb2b3…ab29)    
2026-02-20 11:08:23 DCF: Computed PoI score for validator=88dc3417d5058ec4b4503e0c12ea1a0a89be200fe98922423d4334014fa6b0ee (5FA9nQDV...), score=0, block=200    
2026-02-20 11:08:23 DCF: Computed PoI score for validator=d17c2d7823ebf260fd138f2d7e27d114c0145d968b5ff5006125f2414fadae69 (5GoNkf6W...), score=0, block=200    
2026-02-20 11:08:23 DCF: Computed PoI score for validator=439660b36c6c03afafca027b910b4fecf99801834c62a5e6006f27d978de234f (5DbKjhNL...), score=0, block=200    
2026-02-20 11:08:23 DCF off-chain worker completed computation    
2026-02-20 11:08:23 DCF Verifier: Block #201 verification passed    
2026-02-20 11:08:23 DCF: Finality advanced from 199 to 200 in epoch 2    
2026-02-20 11:08:23 DCF: Progressive finalization advanced to block 200    
2026-02-20 11:08:23 🏆 Imported #201 (0xb2b3…ab29 → 0x822b…3da3)    
2026-02-20 11:08:26 DCF: Finality advanced from 200 to 201 in epoch 2    
2026-02-20 11:08:26 DCF: Progressive finalization advanced to block 201    
2026-02-20 11:08:26 ProposerFactory: Successfully created block #202 with 1 extrinsics    
2026-02-20 11:08:26 DCF: Finality advanced from 200 to 201 in epoch 2    
2026-02-20 11:08:26 DCF: Progressive finalization advanced to block 201    
2026-02-20 11:08:26 🏆 Imported #202 (0x822b…3da3 → 0x4442…5c81)    
2026-02-20 11:08:27 💤 Idle (2 peers), best: #202 (0x4442…5c81), finalized #198 (0x7490…e7c3), ⬇ 0.3kiB/s ⬆ 0.4kiB/s    
2026-02-20 11:08:28 DCF Finality Sync: Client at block #198, DCF finalized up to #201, syncing...    
2026-02-20 11:08:28 DCF Finality Sync: Sync complete. Client finalized head now at block #201    
2026-02-20 11:08:29 DCF Verifier: Block #203 verification passed    
2026-02-20 11:08:29 DCF: Finality advanced from 201 to 202 in epoch 2    
2026-02-20 11:08:29 DCF: Progressive finalization advanced to block 202    
2026-02-20 11:08:29 🏆 Imported #203 (0x4442…5c81 → 0x0378…9dc7)    
2026-02-20 11:08:29 DCF Verifier: Block #204 verification passed    
2026-02-20 11:08:29 DCF: Finality advanced from 202 to 203 in epoch 2    
2026-02-20 11:08:29 DCF: Progressive finalization advanced to block 203    
2026-02-20 11:08:29 🏆 Imported #204 (0x0378…9dc7 → 0x73b7…5921)    
2026-02-20 11:08:32 DCF: Finality advanced from 203 to 204 in epoch 2    
2026-02-20 11:08:32 DCF: Progressive finalization advanced to block 204    
2026-02-20 11:08:32 ProposerFactory: Successfully created block #205 with 1 extrinsics    
2026-02-20 11:08:32 DCF: Finality advanced from 203 to 204 in epoch 2    
2026-02-20 11:08:32 DCF: Progressive finalization advanced to block 204    
2026-02-20 11:08:32 DCF: Computed PoI score for validator=88dc3417d5058ec4b4503e0c12ea1a0a89be200fe98922423d4334014fa6b0ee (5FA9nQDV...), score=0, block=205    
2026-02-20 11:08:32 DCF: Computed PoI score for validator=d17c2d7823ebf260fd138f2d7e27d114c0145d968b5ff5006125f2414fadae69 (5GoNkf6W...), score=0, block=205    
2026-02-20 11:08:32 DCF: Computed PoI score for validator=439660b36c6c03afafca027b910b4fecf99801834c62a5e6006f27d978de234f (5DbKjhNL...), score=0, block=205    
2026-02-20 11:08:32 DCF off-chain worker completed computation    
2026-02-20 11:08:32 🏆 Imported #205 (0x73b7…5921 → 0xf19d…48d9)    
2026-02-20 11:08:32 💤 Idle (2 peers), best: #205 (0xf19d…48d9), finalized #201 (0x822b…3da3), ⬇ 0.6kiB/s ⬆ 0.4kiB/s    
2026-02-20 11:08:34 DCF Finality Sync: Client at block #201, DCF finalized up to #204, syncing...    
2026-02-20 11:08:34 DCF Finality Sync: Sync complete. Client finalized head now at block #204    
2026-02-20 11:08:35 DCF Verifier: Block #206 verification passed    
2026-02-20 11:08:35 DCF: Finality advanced from 204 to 205 in epoch 2    
2026-02-20 11:08:35 DCF: Progressive finalization advanced to block 205    
2026-02-20 11:08:35 🏆 Imported #206 (0xf19d…48d9 → 0xe149…f29c)    
2026-02-20 11:08:37 💤 Idle (2 peers), best: #206 (0xe149…f29c), finalized #204 (0x73b7…5921), ⬇ 0.1kiB/s ⬆ 0.2kiB/s    
2026-02-20 11:08:38 DCF: Finality advanced from 205 to 206 in epoch 2    
2026-02-20 11:08:38 DCF: Progressive finalization advanced to block 206    
2026-02-20 11:08:38 ProposerFactory: Successfully created block #207 with 1 extrinsics    
2026-02-20 11:08:38 DCF: Finality advanced from 205 to 206 in epoch 2    
2026-02-20 11:08:38 DCF: Progressive finalization advanced to block 206    
2026-02-20 11:08:38 🏆 Imported #207 (0xe149…f29c → 0xd097…4ac5)    
2026-02-20 11:08:40 DCF Finality Sync: Client at block #204, DCF finalized up to #206, syncing...    
2026-02-20 11:08:40 DCF Finality Sync: Sync complete. Client finalized head now at block #206    
2026-02-20 11:08:41 DCF Verifier: Block #208 verification passed    
2026-02-20 11:08:41 DCF: Finality advanced from 206 to 207 in epoch 2    
2026-02-20 11:08:41 DCF: Progressive finalization advanced to block 207    
2026-02-20 11:08:41 🏆 Imported #208 (0xd097…4ac5 → 0x39c0…4bc4)    
2026-02-20 11:08:41 DCF Verifier: Block #209 verification passed    
2026-02-20 11:08:41 DCF: Finality advanced from 207 to 208 in epoch 2    
2026-02-20 11:08:41 DCF: Progressive finalization advanced to block 208    
2026-02-20 11:08:41 🏆 Imported #209 (0x39c0…4bc4 → 0xd47e…978b)    
2026-02-20 11:08:42 💤 Idle (2 peers), best: #209 (0xd47e…978b), finalized #206 (0xe149…f29c), ⬇ 0.3kiB/s ⬆ 0.3kiB/s    
2026-02-20 11:08:44 DCF: Finality advanced from 208 to 209 in epoch 2    
2026-02-20 11:08:44 DCF: Progressive finalization advanced to block 209    
2026-02-20 11:08:44 ProposerFactory: Successfully created block #210 with 1 extrinsics    
2026-02-20 11:08:44 DCF: Finality advanced from 208 to 209 in epoch 2    
2026-02-20 11:08:44 DCF: Progressive finalization advanced to block 209    
2026-02-20 11:08:44 DCF: Computed PoI score for validator=88dc3417d5058ec4b4503e0c12ea1a0a89be200fe98922423d4334014fa6b0ee (5FA9nQDV...), score=0, block=210    
2026-02-20 11:08:44 DCF: Computed PoI score for validator=d17c2d7823ebf260fd138f2d7e27d114c0145d968b5ff5006125f2414fadae69 (5GoNkf6W...), score=0, block=210    
2026-02-20 11:08:44 DCF: Computed PoI score for validator=439660b36c6c03afafca027b910b4fecf99801834c62a5e6006f27d978de234f (5DbKjhNL...), score=0, block=210    
2026-02-20 11:08:44 DCF off-chain worker completed computation    
2026-02-20 11:08:44 PoS+PoI: Consensus Health - Block: 210, Slot: 73, Validators: 3, Healthy: 2, Avg Score: 65    
2026-02-20 11:08:44 🏆 Imported #210 (0xd47e…978b → 0x4310…c72b)    
2026-02-20 11:08:46 DCF Finality Sync: Client at block #206, DCF finalized up to #209, syncing...    
2026-02-20 11:08:46 DCF Finality Sync: Sync complete. Client finalized head now at block #209    
2026-02-20 11:08:47 💤 Idle (2 peers), best: #210 (0x4310…c72b), finalized #209 (0xd47e…978b), ⬇ 69 B/s ⬆ 0.2kiB/s    
2026-02-20 11:08:47 DCF Verifier: Block #211 verification passed    
2026-02-20 11:08:47 DCF: Finality advanced from 209 to 210 in epoch 2    
2026-02-20 11:08:47 DCF: Progressive finalization advanced to block 210    
2026-02-20 11:08:47 🏆 Imported #211 (0x4310…c72b → 0x55d5…65c9)    
2026-02-20 11:08:47 DCF Verifier: Block #212 verification passed    
2026-02-20 11:08:47 DCF: Finality advanced from 210 to 211 in epoch 2    
2026-02-20 11:08:47 DCF: Progressive finalization advanced to block 211    
2026-02-20 11:08:47 🏆 Imported #212 (0x55d5…65c9 → 0x88cc…52b2)    
2026-02-20 11:08:50 DCF: Finality advanced from 211 to 212 in epoch 2    
2026-02-20 11:08:50 DCF: Progressive finalization advanced to block 212    
2026-02-20 11:08:50 ProposerFactory: Successfully created block #213 with 1 extrinsics    
2026-02-20 11:08:50 DCF: Finality advanced from 211 to 212 in epoch 2    
2026-02-20 11:08:50 DCF: Progressive finalization advanced to block 212    
2026-02-20 11:08:50 🏆 Imported #213 (0x88cc…52b2 → 0x3188…905a)    
2026-02-20 11:08:52 DCF Finality Sync: Client at block #209, DCF finalized up to #212, syncing...    
2026-02-20 11:08:52 DCF Finality Sync: Sync complete. Client finalized head now at block #212    
2026-02-20 11:08:52 💤 Idle (2 peers), best: #213 (0x3188…905a), finalized #212 (0x88cc…52b2), ⬇ 0.2kiB/s ⬆ 0.3kiB/s    
2026-02-20 11:08:53 DCF Verifier: Block #214 verification passed    
2026-02-20 11:08:53 DCF: Finality advanced from 212 to 213 in epoch 2    
2026-02-20 11:08:53 DCF: Progressive finalization advanced to block 213    
2026-02-20 11:08:53 🏆 Imported #214 (0x3188…905a → 0x439c…8e10)    
2026-02-20 11:08:53 DCF Verifier: Block #215 verification passed    
2026-02-20 11:08:53 DCF: Finality advanced from 213 to 214 in epoch 2    
2026-02-20 11:08:53 DCF: Progressive finalization advanced to block 214    
2026-02-20 11:08:53 🏆 Imported #215 (0x439c…8e10 → 0x0358…28e0)    
2026-02-20 11:08:53 DCF: Computed PoI score for validator=88dc3417d5058ec4b4503e0c12ea1a0a89be200fe98922423d4334014fa6b0ee (5FA9nQDV...), score=0, block=215    
2026-02-20 11:08:53 DCF: Computed PoI score for validator=d17c2d7823ebf260fd138f2d7e27d114c0145d968b5ff5006125f2414fadae69 (5GoNkf6W...), score=0, block=215    
2026-02-20 11:08:53 DCF: Computed PoI score for validator=439660b36c6c03afafca027b910b4fecf99801834c62a5e6006f27d978de234f (5DbKjhNL...), score=0, block=215    
2026-02-20 11:08:53 DCF off-chain worker completed computation    
2026-02-20 11:08:56 DCF: Finality advanced from 214 to 215 in epoch 2    
2026-02-20 11:08:56 DCF: Progressive finalization advanced to block 215    
2026-02-20 11:08:56 ProposerFactory: Successfully created block #216 with 1 extrinsics    
2026-02-20 11:08:56 DCF: Finality advanced from 214 to 215 in epoch 2    
2026-02-20 11:08:56 DCF: Progressive finalization advanced to block 215    
2026-02-20 11:08:56 🏆 Imported #216 (0x0358…28e0 → 0x05e5…5de5)    
2026-02-20 11:08:57 💤 Idle (2 peers), best: #216 (0x05e5…5de5), finalized #212 (0x88cc…52b2), ⬇ 0.3kiB/s ⬆ 0.3kiB/s    
2026-02-20 11:08:58 DCF Finality Sync: Client at block #212, DCF finalized up to #215, syncing...    
2026-02-20 11:08:58 DCF Finality Sync: Sync complete. Client finalized head now at block #215    
2026-02-20 11:08:59 DCF Verifier: Block #217 verification passed    
2026-02-20 11:08:59 DCF: Finality advanced from 215 to 216 in epoch 2    
2026-02-20 11:08:59 DCF: Progressive finalization advanced to block 216    
2026-02-20 11:08:59 🏆 Imported #217 (0x05e5…5de5 → 0x0ed8…13db)    
2026-02-20 11:09:02 💤 Idle (2 peers), best: #217 (0x0ed8…13db), finalized #215 (0x0358…28e0), ⬇ 0.1kiB/s ⬆ 69 B/s    
2026-02-20 11:09:02 DCF: Finality advanced from 216 to 217 in epoch 2    
2026-02-20 11:09:02 DCF: Progressive finalization advanced to block 217    
2026-02-20 11:09:02 ProposerFactory: Successfully created block #218 with 1 extrinsics    
2026-02-20 11:09:02 DCF: Finality advanced from 216 to 217 in epoch 2    
2026-02-20 11:09:02 DCF: Progressive finalization advanced to block 217    
2026-02-20 11:09:02 🏆 Imported #218 (0x0ed8…13db → 0x86e8…3501)    
2026-02-20 11:09:04 DCF Finality Sync: Client at block #215, DCF finalized up to #217, syncing...    
2026-02-20 11:09:04 DCF Finality Sync: Sync complete. Client finalized head now at block #217    
2026-02-20 11:09:05 DCF Verifier: Block #219 verification passed    
2026-02-20 11:09:05 DCF: Finality advanced from 217 to 218 in epoch 2    
2026-02-20 11:09:05 DCF: Progressive finalization advanced to block 218    
2026-02-20 11:09:05 🏆 Imported #219 (0x86e8…3501 → 0x9e55…054e)    
2026-02-20 11:09:05 DCF Verifier: Block #220 verification passed    
2026-02-20 11:09:05 DCF: Finality advanced from 218 to 219 in epoch 2    
2026-02-20 11:09:05 DCF: Progressive finalization advanced to block 219    
2026-02-20 11:09:05 🏆 Imported #220 (0x9e55…054e → 0xbc14…775b)    
2026-02-20 11:09:05 DCF: Computed PoI score for validator=88dc3417d5058ec4b4503e0c12ea1a0a89be200fe98922423d4334014fa6b0ee (5FA9nQDV...), score=0, block=220    
2026-02-20 11:09:05 DCF: Computed PoI score for validator=d17c2d7823ebf260fd138f2d7e27d114c0145d968b5ff5006125f2414fadae69 (5GoNkf6W...), score=0, block=220    
2026-02-20 11:09:05 DCF: Computed PoI score for validator=439660b36c6c03afafca027b910b4fecf99801834c62a5e6006f27d978de234f (5DbKjhNL...), score=0, block=220    
2026-02-20 11:09:05 DCF off-chain worker completed computation    
2026-02-20 11:09:07 💤 Idle (2 peers), best: #220 (0xbc14…775b), finalized #217 (0x0ed8…13db), ⬇ 0.2kiB/s ⬆ 0.3kiB/s    
2026-02-20 11:09:09 Producing block #221 with author d17c2d7823ebf260fd138f2d7e27d114c0145d968b5ff5006125f2414fadae69 (5GoNkf6W...)    
2026-02-20 11:09:09 DCF: Finality advanced from 219 to 220 in epoch 2    
2026-02-20 11:09:09 DCF: Progressive finalization advanced to block 220    
2026-02-20 11:09:09 ProposerFactory: Successfully created block #221 with 1 extrinsics    
2026-02-20 11:09:09 DCF: Finality advanced from 219 to 220 in epoch 2    
2026-02-20 11:09:09 DCF: Progressive finalization advanced to block 220    
2026-02-20 11:09:09 🏆 Imported #221 (0xbc14…775b → 0xe930…7f2b)    
2026-02-20 11:09:10 DCF Finality Sync: Client at block #217, DCF finalized up to #220, syncing...    
2026-02-20 11:09:10 DCF Finality Sync: Sync complete. Client finalized head now at block #220    
2026-02-20 11:09:11 DCF Verifier: Block #222 verification passed    
2026-02-20 11:09:11 DCF: Finality advanced from 220 to 221 in epoch 2    
2026-02-20 11:09:11 DCF: Progressive finalization advanced to block 221    
2026-02-20 11:09:11 🏆 Imported #222 (0xe930…7f2b → 0x738b…6455)    
2026-02-20 11:09:12 💤 Idle (2 peers), best: #222 (0x738b…6455), finalized #220 (0xbc14…775b), ⬇ 0.2kiB/s ⬆ 0.2kiB/s    
2026-02-20 11:09:15 DCF: Finality advanced from 221 to 222 in epoch 2    
2026-02-20 11:09:15 DCF: Progressive finalization advanced to block 222    
2026-02-20 11:09:15 ProposerFactory: Successfully created block #223 with 1 extrinsics    
2026-02-20 11:09:15 DCF: Finality advanced from 221 to 222 in epoch 2    
2026-02-20 11:09:15 DCF: Progressive finalization advanced to block 222    
2026-02-20 11:09:15 🏆 Imported #223 (0x738b…6455 → 0x4fcc…0b28)    
2026-02-20 11:09:16 DCF Finality Sync: Client at block #220, DCF finalized up to #222, syncing...    
2026-02-20 11:09:16 DCF Finality Sync: Sync complete. Client finalized head now at block #222    
2026-02-20 11:09:17 💤 Idle (2 peers), best: #223 (0x4fcc…0b28), finalized #222 (0x738b…6455), ⬇ 69 B/s ⬆ 0.2kiB/s    
2026-02-20 11:09:17 DCF Verifier: Block #224 verification passed    
2026-02-20 11:09:17 DCF: Finality advanced from 222 to 223 in epoch 2    
2026-02-20 11:09:17 DCF: Progressive finalization advanced to block 223    
2026-02-20 11:09:17 🏆 Imported #224 (0x4fcc…0b28 → 0xd35e…1de2)    
2026-02-20 11:09:17 DCF Verifier: Block #225 verification passed    
2026-02-20 11:09:17 DCF: Finality advanced from 223 to 224 in epoch 2    
2026-02-20 11:09:17 DCF: Progressive finalization advanced to block 224    
2026-02-20 11:09:17 🏆 Imported #225 (0xd35e…1de2 → 0xeaa6…eb74)    
2026-02-20 11:09:17 DCF: Computed PoI score for validator=88dc3417d5058ec4b4503e0c12ea1a0a89be200fe98922423d4334014fa6b0ee (5FA9nQDV...), score=0, block=225    
2026-02-20 11:09:17 DCF: Computed PoI score for validator=d17c2d7823ebf260fd138f2d7e27d114c0145d968b5ff5006125f2414fadae69 (5GoNkf6W...), score=0, block=225    
2026-02-20 11:09:17 DCF: Computed PoI score for validator=439660b36c6c03afafca027b910b4fecf99801834c62a5e6006f27d978de234f (5DbKjhNL...), score=0, block=225    
2026-02-20 11:09:17 DCF off-chain worker completed computation    
2026-02-20 11:09:21 DCF: Finality advanced from 224 to 225 in epoch 2    
2026-02-20 11:09:21 DCF: Progressive finalization advanced to block 225    
2026-02-20 11:09:21 ProposerFactory: Successfully created block #226 with 1 extrinsics    
2026-02-20 11:09:21 DCF: Finality advanced from 224 to 225 in epoch 2    
2026-02-20 11:09:21 DCF: Progressive finalization advanced to block 225    
2026-02-20 11:09:21 🏆 Imported #226 (0xeaa6…eb74 → 0x4714…e9a5)    
2026-02-20 11:09:22 DCF Finality Sync: Client at block #222, DCF finalized up to #225, syncing...    
2026-02-20 11:09:22 DCF Finality Sync: Sync complete. Client finalized head now at block #225    
2026-02-20 11:09:22 💤 Idle (2 peers), best: #226 (0x4714…e9a5), finalized #225 (0xeaa6…eb74), ⬇ 0.3kiB/s ⬆ 0.3kiB/s    
2026-02-20 11:09:24 DCF Verifier: Block #227 verification passed    
2026-02-20 11:09:24 DCF: Finality advanced from 225 to 226 in epoch 2    
2026-02-20 11:09:24 DCF: Progressive finalization advanced to block 226    
2026-02-20 11:09:24 🏆 Imported #227 (0x4714…e9a5 → 0x772b…e4f3)    
2026-02-20 11:09:27 💤 Idle (2 peers), best: #227 (0x772b…e4f3), finalized #225 (0xeaa6…eb74), ⬇ 0.1kiB/s ⬆ 0.2kiB/s    
2026-02-20 11:09:27 Block Tracker: Statistics Report    
2026-02-20 11:09:27   Service uptime: 480.625069509s    
2026-02-20 11:09:27   Total blocks tracked: 227    
2026-02-20 11:09:27   Active validators monitored: 3    
2026-02-20 11:09:27   Overall participation rate: 100.00%    
2026-02-20 11:09:27   Total blocks authored: 225    
2026-02-20 11:09:27   Total blocks missed: 0    
2026-02-20 11:09:27   Top performers:    
2026-02-20 11:09:27     439660b36c6c03afafca027b910b4fecf99801834c62a5e6006f27d978de234f (5DbKjhNL...): 100.00% (73/73 blocks)    
2026-02-20 11:09:27     88dc3417d5058ec4b4503e0c12ea1a0a89be200fe98922423d4334014fa6b0ee (5FA9nQDV...): 100.00% (81/81 blocks)    
2026-02-20 11:09:27     d17c2d7823ebf260fd138f2d7e27d114c0145d968b5ff5006125f2414fadae69 (5GoNkf6W...): 100.00% (71/71 blocks)    
2026-02-20 11:09:27 DCF: Finality advanced from 226 to 227 in epoch 2    
2026-02-20 11:09:27 DCF: Progressive finalization advanced to block 227    
2026-02-20 11:09:27 ProposerFactory: Successfully created block #228 with 1 extrinsics    
2026-02-20 11:09:27 DCF: Finality advanced from 226 to 227 in epoch 2    
2026-02-20 11:09:27 DCF: Progressive finalization advanced to block 227    
2026-02-20 11:09:27 🏆 Imported #228 (0x772b…e4f3 → 0x6d1c…eea7)    
2026-02-20 11:09:28 DCF Finality Sync: Client at block #225, DCF finalized up to #227, syncing...    
2026-02-20 11:09:28 DCF Finality Sync: Sync complete. Client finalized head now at block #227    
2026-02-20 11:09:30 DCF Verifier: Block #229 verification passed    
2026-02-20 11:09:30 DCF: Finality advanced from 227 to 228 in epoch 2    
2026-02-20 11:09:30 DCF: Progressive finalization advanced to block 228    
2026-02-20 11:09:30 🏆 Imported #229 (0x6d1c…eea7 → 0xf052…c4c4)    
2026-02-20 11:09:30 DCF Verifier: Block #230 verification passed    
2026-02-20 11:09:30 DCF: Finality advanced from 228 to 229 in epoch 2    
2026-02-20 11:09:30 DCF: Progressive finalization advanced to block 229    
2026-02-20 11:09:30 🏆 Imported #230 (0xf052…c4c4 → 0x4bbd…4896)    
2026-02-20 11:09:30 DCF: Computed PoI score for validator=88dc3417d5058ec4b4503e0c12ea1a0a89be200fe98922423d4334014fa6b0ee (5FA9nQDV...), score=0, block=230    
2026-02-20 11:09:30 DCF: Computed PoI score for validator=d17c2d7823ebf260fd138f2d7e27d114c0145d968b5ff5006125f2414fadae69 (5GoNkf6W...), score=0, block=230    
2026-02-20 11:09:30 DCF: Computed PoI score for validator=439660b36c6c03afafca027b910b4fecf99801834c62a5e6006f27d978de234f (5DbKjhNL...), score=0, block=230    
2026-02-20 11:09:30 DCF off-chain worker completed computation    
2026-02-20 11:09:32 💤 Idle (2 peers), best: #230 (0x4bbd…4896), finalized #227 (0x772b…e4f3), ⬇ 0.6kiB/s ⬆ 0.4kiB/s    
2026-02-20 11:09:33 Producing block #231 with author d17c2d7823ebf260fd138f2d7e27d114c0145d968b5ff5006125f2414fadae69 (5GoNkf6W...)    
2026-02-20 11:09:33 DCF: Finality advanced from 229 to 230 in epoch 2    
2026-02-20 11:09:33 DCF: Progressive finalization advanced to block 230    
2026-02-20 11:09:33 ProposerFactory: Successfully created block #231 with 1 extrinsics    
2026-02-20 11:09:33 DCF: Finality advanced from 229 to 230 in epoch 2    
2026-02-20 11:09:33 DCF: Progressive finalization advanced to block 230    
2026-02-20 11:09:33 🏆 Imported #231 (0x4bbd…4896 → 0xd669…98be)    
2026-02-20 11:09:34 DCF Finality Sync: Client at block #227, DCF finalized up to #230, syncing...    
2026-02-20 11:09:34 DCF Finality Sync: Sync complete. Client finalized head now at block #230    
2026-02-20 11:09:36 DCF Verifier: Block #232 verification passed    
2026-02-20 11:09:36 DCF: Finality advanced from 230 to 231 in epoch 2    
2026-02-20 11:09:36 DCF: Progressive finalization advanced to block 231    
2026-02-20 11:09:36 🏆 Imported #232 (0xd669…98be → 0x1d7a…7010)    
2026-02-20 11:09:37 💤 Idle (2 peers), best: #232 (0x1d7a…7010), finalized #230 (0x4bbd…4896), ⬇ 0.2kiB/s ⬆ 0.4kiB/s    
2026-02-20 11:09:39 DCF: Finality advanced from 231 to 232 in epoch 2    
2026-02-20 11:09:39 DCF: Progressive finalization advanced to block 232    
2026-02-20 11:09:39 ProposerFactory: Successfully created block #233 with 1 extrinsics    
2026-02-20 11:09:39 DCF: Finality advanced from 231 to 232 in epoch 2    
2026-02-20 11:09:39 DCF: Progressive finalization advanced to block 232    
2026-02-20 11:09:39 🏆 Imported #233 (0x1d7a…7010 → 0xde71…ab65)    
2026-02-20 11:09:40 DCF Finality Sync: Client at block #230, DCF finalized up to #232, syncing...    
2026-02-20 11:09:40 DCF Finality Sync: Sync complete. Client finalized head now at block #232    
2026-02-20 11:09:42 DCF Verifier: Block #234 verification passed    
2026-02-20 11:09:42 DCF: Finality advanced from 232 to 233 in epoch 2    
2026-02-20 11:09:42 DCF: Progressive finalization advanced to block 233    
2026-02-20 11:09:42 🏆 Imported #234 (0xde71…ab65 → 0x9e19…1b60)    
2026-02-20 11:09:42 💤 Idle (2 peers), best: #234 (0x9e19…1b60), finalized #232 (0x1d7a…7010), ⬇ 0.2kiB/s ⬆ 0.2kiB/s    
2026-02-20 11:09:45 DCF: Finality advanced from 233 to 234 in epoch 2    
2026-02-20 11:09:45 DCF: Progressive finalization advanced to block 234    
2026-02-20 11:09:45 ProposerFactory: Successfully created block #235 with 1 extrinsics    
2026-02-20 11:09:45 DCF: Finality advanced from 233 to 234 in epoch 2    
2026-02-20 11:09:45 DCF: Progressive finalization advanced to block 234    
2026-02-20 11:09:45 DCF: Computed PoI score for validator=88dc3417d5058ec4b4503e0c12ea1a0a89be200fe98922423d4334014fa6b0ee (5FA9nQDV...), score=0, block=235    
2026-02-20 11:09:45 DCF: Computed PoI score for validator=d17c2d7823ebf260fd138f2d7e27d114c0145d968b5ff5006125f2414fadae69 (5GoNkf6W...), score=0, block=235    
2026-02-20 11:09:45 DCF: Computed PoI score for validator=439660b36c6c03afafca027b910b4fecf99801834c62a5e6006f27d978de234f (5DbKjhNL...), score=0, block=235    
2026-02-20 11:09:45 DCF off-chain worker completed computation    
2026-02-20 11:09:45 🏆 Imported #235 (0x9e19…1b60 → 0x6d8f…351b)    
2026-02-20 11:09:46 DCF Finality Sync: Client at block #232, DCF finalized up to #234, syncing...    
2026-02-20 11:09:46 DCF Finality Sync: Sync complete. Client finalized head now at block #234    
2026-02-20 11:09:47 💤 Idle (2 peers), best: #235 (0x6d8f…351b), finalized #234 (0x9e19…1b60), ⬇ 69 B/s ⬆ 0.2kiB/s    
2026-02-20 11:09:48 DCF Verifier: Block #236 verification passed    
2026-02-20 11:09:48 DCF: Finality advanced from 234 to 235 in epoch 2    
2026-02-20 11:09:48 DCF: Progressive finalization advanced to block 235    
2026-02-20 11:09:48 🏆 Imported #236 (0x6d8f…351b → 0x15f2…5b05)    
2026-02-20 11:09:51 DCF: Finality advanced from 235 to 236 in epoch 2    
2026-02-20 11:09:51 DCF: Progressive finalization advanced to block 236    
2026-02-20 11:09:51 ProposerFactory: Successfully created block #237 with 1 extrinsics    
2026-02-20 11:09:51 DCF: Finality advanced from 235 to 236 in epoch 2    
2026-02-20 11:09:51 DCF: Progressive finalization advanced to block 236    
2026-02-20 11:09:51 🏆 Imported #237 (0x15f2…5b05 → 0x2913…0095)    
2026-02-20 11:09:52 DCF Finality Sync: Client at block #234, DCF finalized up to #236, syncing...    
2026-02-20 11:09:52 DCF Finality Sync: Sync complete. Client finalized head now at block #236    
2026-02-20 11:09:52 💤 Idle (2 peers), best: #237 (0x2913…0095), finalized #236 (0x15f2…5b05), ⬇ 0.2kiB/s ⬆ 0.2kiB/s    
2026-02-20 11:09:54 DCF Verifier: Block #238 verification passed    
2026-02-20 11:09:54 DCF: Finality advanced from 236 to 237 in epoch 2    
2026-02-20 11:09:54 DCF: Progressive finalization advanced to block 237    
2026-02-20 11:09:54 🏆 Imported #238 (0x2913…0095 → 0x6790…e32c)    
2026-02-20 11:09:54 DCF Verifier: Block #239 verification passed    
2026-02-20 11:09:54 DCF: Finality advanced from 237 to 238 in epoch 2    
2026-02-20 11:09:54 DCF: Progressive finalization advanced to block 238    
2026-02-20 11:09:54 🏆 Imported #239 (0x6790…e32c → 0xab06…9446)    
2026-02-20 11:09:57 💤 Idle (2 peers), best: #239 (0xab06…9446), finalized #236 (0x15f2…5b05), ⬇ 0.2kiB/s ⬆ 0.2kiB/s    
2026-02-20 11:09:57 DCF: Finality advanced from 238 to 239 in epoch 2    
2026-02-20 11:09:57 DCF: Progressive finalization advanced to block 239    
2026-02-20 11:09:57 ProposerFactory: Successfully created block #240 with 1 extrinsics    
2026-02-20 11:09:57 DCF: Finality advanced from 238 to 239 in epoch 2    
2026-02-20 11:09:57 DCF: Progressive finalization advanced to block 239    
2026-02-20 11:09:57 DCF: Computed PoI score for validator=88dc3417d5058ec4b4503e0c12ea1a0a89be200fe98922423d4334014fa6b0ee (5FA9nQDV...), score=0, block=240    
2026-02-20 11:09:57 DCF: Computed PoI score for validator=d17c2d7823ebf260fd138f2d7e27d114c0145d968b5ff5006125f2414fadae69 (5GoNkf6W...), score=0, block=240    
2026-02-20 11:09:57 DCF: Computed PoI score for validator=439660b36c6c03afafca027b910b4fecf99801834c62a5e6006f27d978de234f (5DbKjhNL...), score=0, block=240    
2026-02-20 11:09:57 DCF off-chain worker completed computation    
2026-02-20 11:09:57 PoS+PoI: Consensus Health - Block: 240, Slot: 85, Validators: 3, Healthy: 3, Avg Score: 100    
2026-02-20 11:09:57 🏆 Imported #240 (0xab06…9446 → 0xf437…4c44)    
2026-02-20 11:09:58 DCF Finality Sync: Client at block #236, DCF finalized up to #239, syncing...    
2026-02-20 11:09:58 DCF Finality Sync: Sync complete. Client finalized head now at block #239    
2026-02-20 11:10:00 DCF Verifier: Block #241 verification passed    
2026-02-20 11:10:00 DCF: Finality advanced from 239 to 240 in epoch 2    
2026-02-20 11:10:00 DCF: Progressive finalization advanced to block 240    
2026-02-20 11:10:00 🏆 Imported #241 (0xf437…4c44 → 0x90d8…ee10)    
2026-02-20 11:10:02 💤 Idle (2 peers), best: #241 (0x90d8…ee10), finalized #239 (0xab06…9446), ⬇ 0.2kiB/s ⬆ 0.2kiB/s    
2026-02-20 11:10:03 DCF: Finality advanced from 240 to 241 in epoch 2    
2026-02-20 11:10:03 DCF: Progressive finalization advanced to block 241    
2026-02-20 11:10:03 ProposerFactory: Successfully created block #242 with 1 extrinsics    
2026-02-20 11:10:03 DCF: Finality advanced from 240 to 241 in epoch 2    
2026-02-20 11:10:03 DCF: Progressive finalization advanced to block 241    
2026-02-20 11:10:03 🏆 Imported #242 (0x90d8…ee10 → 0x04e6…556c)    
2026-02-20 11:10:04 DCF Finality Sync: Client at block #239, DCF finalized up to #241, syncing...    
2026-02-20 11:10:04 DCF Finality Sync: Sync complete. Client finalized head now at block #241    
2026-02-20 11:10:06 DCF Verifier: Block #243 verification passed    
2026-02-20 11:10:06 DCF: Finality advanced from 241 to 242 in epoch 2    
2026-02-20 11:10:06 DCF: Progressive finalization advanced to block 242    
2026-02-20 11:10:06 🏆 Imported #243 (0x04e6…556c → 0xc344…6885)    
2026-02-20 11:10:06 DCF Verifier: Block #244 verification passed    
2026-02-20 11:10:06 DCF: Finality advanced from 242 to 243 in epoch 2    
2026-02-20 11:10:06 DCF: Progressive finalization advanced to block 243    
2026-02-20 11:10:06 🏆 Imported #244 (0xc344…6885 → 0xb357…9712)    
2026-02-20 11:10:07 💤 Idle (2 peers), best: #244 (0xb357…9712), finalized #241 (0x90d8…ee10), ⬇ 0.2kiB/s ⬆ 0.3kiB/s    
2026-02-20 11:10:09 DCF: Finality advanced from 243 to 244 in epoch 2    
2026-02-20 11:10:09 DCF: Progressive finalization advanced to block 244    
2026-02-20 11:10:09 ProposerFactory: Successfully created block #245 with 1 extrinsics    
2026-02-20 11:10:09 DCF: Finality advanced from 243 to 244 in epoch 2    
2026-02-20 11:10:09 DCF: Progressive finalization advanced to block 244    
2026-02-20 11:10:09 DCF: Computed PoI score for validator=88dc3417d5058ec4b4503e0c12ea1a0a89be200fe98922423d4334014fa6b0ee (5FA9nQDV...), score=0, block=245    
2026-02-20 11:10:09 DCF: Computed PoI score for validator=d17c2d7823ebf260fd138f2d7e27d114c0145d968b5ff5006125f2414fadae69 (5GoNkf6W...), score=0, block=245    
2026-02-20 11:10:09 DCF: Computed PoI score for validator=439660b36c6c03afafca027b910b4fecf99801834c62a5e6006f27d978de234f (5DbKjhNL...), score=0, block=245    
2026-02-20 11:10:09 DCF off-chain worker completed computation    
2026-02-20 11:10:09 🏆 Imported #245 (0xb357…9712 → 0x70f2…e6a2)    
2026-02-20 11:10:10 DCF Finality Sync: Client at block #241, DCF finalized up to #244, syncing...    
2026-02-20 11:10:10 DCF Finality Sync: Sync complete. Client finalized head now at block #244    
2026-02-20 11:10:12 💤 Idle (2 peers), best: #245 (0x70f2…e6a2), finalized #244 (0xb357…9712), ⬇ 69 B/s ⬆ 0.2kiB/s    
2026-02-20 11:10:12 DCF Verifier: Block #246 verification passed    
2026-02-20 11:10:12 DCF: Finality advanced from 244 to 245 in epoch 2    
2026-02-20 11:10:12 DCF: Progressive finalization advanced to block 245    
2026-02-20 11:10:12 🏆 Imported #246 (0x70f2…e6a2 → 0x9b9f…ff01)    
2026-02-20 11:10:12 DCF Verifier: Block #247 verification passed    
2026-02-20 11:10:12 DCF: Finality advanced from 245 to 246 in epoch 2    
2026-02-20 11:10:12 DCF: Progressive finalization advanced to block 246    
2026-02-20 11:10:12 🏆 Imported #247 (0x9b9f…ff01 → 0x671a…430f)    
2026-02-20 11:10:15 DCF: Finality advanced from 246 to 247 in epoch 2    
2026-02-20 11:10:15 DCF: Progressive finalization advanced to block 247    
2026-02-20 11:10:15 ProposerFactory: Successfully created block #248 with 1 extrinsics    
2026-02-20 11:10:15 DCF: Finality advanced from 246 to 247 in epoch 2    
2026-02-20 11:10:15 DCF: Progressive finalization advanced to block 247    
2026-02-20 11:10:16 🏆 Imported #248 (0x671a…430f → 0x3a06…1d02)    
2026-02-20 11:10:16 DCF Finality Sync: Client at block #244, DCF finalized up to #247, syncing...    
2026-02-20 11:10:16 DCF Finality Sync: Sync complete. Client finalized head now at block #247    
2026-02-20 11:10:17 💤 Idle (2 peers), best: #248 (0x3a06…1d02), finalized #247 (0x671a…430f), ⬇ 0.3kiB/s ⬆ 0.3kiB/s    
2026-02-20 11:10:19 DCF Verifier: Block #249 verification passed    
2026-02-20 11:10:19 DCF: Finality advanced from 247 to 248 in epoch 2    
2026-02-20 11:10:19 DCF: Progressive finalization advanced to block 248    
2026-02-20 11:10:19 🏆 Imported #249 (0x3a06…1d02 → 0x4368…d5a3)    
2026-02-20 11:10:22 DCF: Finality advanced from 248 to 249 in epoch 2    
2026-02-20 11:10:22 DCF: Progressive finalization advanced to block 249    
2026-02-20 11:10:22 ProposerFactory: Successfully created block #250 with 1 extrinsics    
2026-02-20 11:10:22 DCF: Finality advanced from 248 to 249 in epoch 2    
2026-02-20 11:10:22 DCF: Progressive finalization advanced to block 249    
2026-02-20 11:10:22 DCF: Computed PoI score for validator=88dc3417d5058ec4b4503e0c12ea1a0a89be200fe98922423d4334014fa6b0ee (5FA9nQDV...), score=0, block=250    
2026-02-20 11:10:22 DCF: Computed PoI score for validator=d17c2d7823ebf260fd138f2d7e27d114c0145d968b5ff5006125f2414fadae69 (5GoNkf6W...), score=0, block=250    
2026-02-20 11:10:22 DCF: Computed PoI score for validator=439660b36c6c03afafca027b910b4fecf99801834c62a5e6006f27d978de234f (5DbKjhNL...), score=0, block=250    
2026-02-20 11:10:22 DCF off-chain worker completed computation    
2026-02-20 11:10:22 PoS+PoI: Consensus Health - Block: 250, Slot: 89, Validators: 3, Healthy: 3, Avg Score: 100    
2026-02-20 11:10:22 🏆 Imported #250 (0x4368…d5a3 → 0x62cf…45e1)    
2026-02-20 11:10:22 DCF Finality Sync: Client at block #247, DCF finalized up to #249, syncing...    
2026-02-20 11:10:22 DCF Finality Sync: Sync complete. Client finalized head now at block #249    
2026-02-20 11:10:22 💤 Idle (2 peers), best: #250 (0x62cf…45e1), finalized #249 (0x4368…d5a3), ⬇ 0.2kiB/s ⬆ 0.2kiB/s    
2026-02-20 11:10:25 DCF Verifier: Block #251 verification passed    
2026-02-20 11:10:25 DCF: Finality advanced from 249 to 250 in epoch 2    
2026-02-20 11:10:25 DCF: Progressive finalization advanced to block 250    
2026-02-20 11:10:25 🏆 Imported #251 (0x62cf…45e1 → 0x38e3…7b9d)    
2026-02-20 11:10:25 DCF Verifier: Block #252 verification passed    
2026-02-20 11:10:25 DCF: Finality advanced from 250 to 251 in epoch 2    
2026-02-20 11:10:25 DCF: Progressive finalization advanced to block 251    
2026-02-20 11:10:25 🏆 Imported #252 (0x38e3…7b9d → 0x78f1…24dd)    
2026-02-20 11:10:27 💤 Idle (2 peers), best: #252 (0x78f1…24dd), finalized #249 (0x4368…d5a3), ⬇ 0.2kiB/s ⬆ 0.3kiB/s    
2026-02-20 11:10:28 DCF: Finality advanced from 251 to 252 in epoch 2    
2026-02-20 11:10:28 DCF: Progressive finalization advanced to block 252    
2026-02-20 11:10:28 ProposerFactory: Successfully created block #253 with 1 extrinsics    
2026-02-20 11:10:28 DCF: Finality advanced from 251 to 252 in epoch 2    
2026-02-20 11:10:28 DCF: Progressive finalization advanced to block 252    
2026-02-20 11:10:28 🏆 Imported #253 (0x78f1…24dd → 0xcabb…832e)    
2026-02-20 11:10:28 DCF Finality Sync: Client at block #249, DCF finalized up to #252, syncing...    
2026-02-20 11:10:28 DCF Finality Sync: Sync complete. Client finalized head now at block #252    
2026-02-20 11:10:31 DCF Verifier: Block #254 verification passed    
2026-02-20 11:10:31 DCF: Finality advanced from 252 to 253 in epoch 2    
2026-02-20 11:10:31 DCF: Progressive finalization advanced to block 253    
2026-02-20 11:10:31 🏆 Imported #254 (0xcabb…832e → 0x1789…128c)    
2026-02-20 11:10:31 DCF Verifier: Block #255 verification passed    
2026-02-20 11:10:31 DCF: Finality advanced from 253 to 254 in epoch 2    
2026-02-20 11:10:31 DCF: Progressive finalization advanced to block 254    
2026-02-20 11:10:31 🏆 Imported #255 (0x1789…128c → 0xf7bb…cd3c)    
2026-02-20 11:10:31 DCF: Computed PoI score for validator=88dc3417d5058ec4b4503e0c12ea1a0a89be200fe98922423d4334014fa6b0ee (5FA9nQDV...), score=0, block=255    
2026-02-20 11:10:31 DCF: Computed PoI score for validator=d17c2d7823ebf260fd138f2d7e27d114c0145d968b5ff5006125f2414fadae69 (5GoNkf6W...), score=0, block=255    
2026-02-20 11:10:31 DCF: Computed PoI score for validator=439660b36c6c03afafca027b910b4fecf99801834c62a5e6006f27d978de234f (5DbKjhNL...), score=0, block=255    
2026-02-20 11:10:31 DCF off-chain worker completed computation    
2026-02-20 11:10:32 💤 Idle (2 peers), best: #255 (0xf7bb…cd3c), finalized #252 (0x78f1…24dd), ⬇ 0.6kiB/s ⬆ 0.3kiB/s    
2026-02-20 11:10:34 DCF: Finality advanced from 254 to 255 in epoch 2    
2026-02-20 11:10:34 DCF: Progressive finalization advanced to block 255    
2026-02-20 11:10:34 ProposerFactory: Successfully created block #256 with 1 extrinsics    
2026-02-20 11:10:34 DCF: Finality advanced from 254 to 255 in epoch 2    
2026-02-20 11:10:34 DCF: Progressive finalization advanced to block 255    
2026-02-20 11:10:34 🏆 Imported #256 (0xf7bb…cd3c → 0x3f9a…7447)    
2026-02-20 11:10:34 DCF Finality Sync: Client at block #252, DCF finalized up to #255, syncing...    
2026-02-20 11:10:34 DCF Finality Sync: Sync complete. Client finalized head now at block #255    
2026-02-20 11:10:37 DCF Verifier: Block #257 verification passed    
2026-02-20 11:10:37 DCF: Finality advanced from 255 to 256 in epoch 2    
2026-02-20 11:10:37 DCF: Progressive finalization advanced to block 256    
2026-02-20 11:10:37 🏆 Imported #257 (0x3f9a…7447 → 0xa70b…3a61)    
2026-02-20 11:10:37 DCF Verifier: Block #258 verification passed    
2026-02-20 11:10:37 DCF: Finality advanced from 256 to 257 in epoch 2    
2026-02-20 11:10:37 DCF: Progressive finalization advanced to block 257    
2026-02-20 11:10:37 🏆 Imported #258 (0xa70b…3a61 → 0x1c98…f2e7)    
2026-02-20 11:10:37 💤 Idle (2 peers), best: #258 (0x1c98…f2e7), finalized #255 (0xf7bb…cd3c), ⬇ 0.3kiB/s ⬆ 0.4kiB/s    
2026-02-20 11:10:40 DCF: Finality advanced from 257 to 258 in epoch 2    
2026-02-20 11:10:40 DCF: Progressive finalization advanced to block 258    
2026-02-20 11:10:40 ProposerFactory: Successfully created block #259 with 1 extrinsics    
2026-02-20 11:10:40 DCF: Finality advanced from 257 to 258 in epoch 2    
2026-02-20 11:10:40 DCF: Progressive finalization advanced to block 258    
2026-02-20 11:10:40 🏆 Imported #259 (0x1c98…f2e7 → 0x3454…4e61)    
2026-02-20 11:10:40 DCF Finality Sync: Client at block #255, DCF finalized up to #258, syncing...    
2026-02-20 11:10:40 DCF Finality Sync: Sync complete. Client finalized head now at block #258    
2026-02-20 11:10:42 💤 Idle (2 peers), best: #259 (0x3454…4e61), finalized #258 (0x1c98…f2e7), ⬇ 69 B/s ⬆ 0.2kiB/s    
2026-02-20 11:10:43 DCF Verifier: Block #260 verification passed    
2026-02-20 11:10:43 DCF: Finality advanced from 258 to 259 in epoch 2    
2026-02-20 11:10:43 DCF: Progressive finalization advanced to block 259    
2026-02-20 11:10:43 DCF: Computed PoI score for validator=88dc3417d5058ec4b4503e0c12ea1a0a89be200fe98922423d4334014fa6b0ee (5FA9nQDV...), score=0, block=260    
2026-02-20 11:10:43 DCF: Computed PoI score for validator=d17c2d7823ebf260fd138f2d7e27d114c0145d968b5ff5006125f2414fadae69 (5GoNkf6W...), score=0, block=260    
2026-02-20 11:10:43 DCF: Computed PoI score for validator=439660b36c6c03afafca027b910b4fecf99801834c62a5e6006f27d978de234f (5DbKjhNL...), score=0, block=260    
2026-02-20 11:10:43 DCF off-chain worker completed computation    
2026-02-20 11:10:43 🏆 Imported #260 (0x3454…4e61 → 0xa6d6…1712)    
2026-02-20 11:10:46 DCF Finality Sync: Client at block #258, DCF finalized up to #259, syncing...    
2026-02-20 11:10:46 DCF Finality Sync: Sync complete. Client finalized head now at block #259    
2026-02-20 11:10:46 Producing block #261 with author 88dc3417d5058ec4b4503e0c12ea1a0a89be200fe98922423d4334014fa6b0ee (5FA9nQDV...)    
2026-02-20 11:10:46 DCF: Finality advanced from 259 to 260 in epoch 2    
2026-02-20 11:10:46 DCF: Progressive finalization advanced to block 260    
2026-02-20 11:10:46 ProposerFactory: Successfully created block #261 with 1 extrinsics    
2026-02-20 11:10:46 DCF: Finality advanced from 259 to 260 in epoch 2    
2026-02-20 11:10:46 DCF: Progressive finalization advanced to block 260    
2026-02-20 11:10:46 🏆 Imported #261 (0xa6d6…1712 → 0x5df9…b37c)    
2026-02-20 11:10:47 💤 Idle (2 peers), best: #261 (0x5df9…b37c), finalized #259 (0x3454…4e61), ⬇ 0.2kiB/s ⬆ 0.2kiB/s    
2026-02-20 11:10:49 DCF Verifier: Block #262 verification passed    
2026-02-20 11:10:49 DCF: Finality advanced from 260 to 261 in epoch 2    
2026-02-20 11:10:49 DCF: Progressive finalization advanced to block 261    
2026-02-20 11:10:49 🏆 Imported #262 (0x5df9…b37c → 0x5ae2…d4fb)    
2026-02-20 11:10:52 DCF Finality Sync: Client at block #259, DCF finalized up to #261, syncing...    
2026-02-20 11:10:52 DCF Finality Sync: Sync complete. Client finalized head now at block #261    
2026-02-20 11:10:52 DCF: Finality advanced from 261 to 262 in epoch 2    
2026-02-20 11:10:52 DCF: Progressive finalization advanced to block 262    
2026-02-20 11:10:52 ProposerFactory: Successfully created block #263 with 1 extrinsics    
2026-02-20 11:10:52 DCF: Finality advanced from 261 to 262 in epoch 2    
2026-02-20 11:10:52 DCF: Progressive finalization advanced to block 262    
2026-02-20 11:10:52 🏆 Imported #263 (0x5ae2…d4fb → 0x7f22…fbcf)    
2026-02-20 11:10:52 💤 Idle (2 peers), best: #263 (0x7f22…fbcf), finalized #261 (0x5df9…b37c), ⬇ 0.2kiB/s ⬆ 0.2kiB/s    
2026-02-20 11:10:55 DCF Verifier: Block #264 verification passed    
2026-02-20 11:10:55 DCF: Finality advanced from 262 to 263 in epoch 2    
2026-02-20 11:10:55 DCF: Progressive finalization advanced to block 263    
2026-02-20 11:10:55 🏆 Imported #264 (0x7f22…fbcf → 0xb2a2…3808)    
2026-02-20 11:10:55 DCF Verifier: Block #265 verification passed    
2026-02-20 11:10:55 DCF: Finality advanced from 263 to 264 in epoch 2    
2026-02-20 11:10:55 DCF: Progressive finalization advanced to block 264    
2026-02-20 11:10:55 🏆 Imported #265 (0xb2a2…3808 → 0x0aba…5804)    
2026-02-20 11:10:55 DCF: Computed PoI score for validator=88dc3417d5058ec4b4503e0c12ea1a0a89be200fe98922423d4334014fa6b0ee (5FA9nQDV...), score=0, block=265    
2026-02-20 11:10:55 DCF: Computed PoI score for validator=d17c2d7823ebf260fd138f2d7e27d114c0145d968b5ff5006125f2414fadae69 (5GoNkf6W...), score=0, block=265    
2026-02-20 11:10:55 DCF: Computed PoI score for validator=439660b36c6c03afafca027b910b4fecf99801834c62a5e6006f27d978de234f (5DbKjhNL...), score=0, block=265    
2026-02-20 11:10:55 DCF off-chain worker completed computation    
2026-02-20 11:10:57 💤 Idle (2 peers), best: #265 (0x0aba…5804), finalized #261 (0x5df9…b37c), ⬇ 0.2kiB/s ⬆ 97 B/s    
2026-02-20 11:10:58 DCF Finality Sync: Client at block #261, DCF finalized up to #264, syncing...    
2026-02-20 11:10:58 DCF Finality Sync: Sync complete. Client finalized head now at block #264    
2026-02-20 11:10:58 DCF: Finality advanced from 264 to 265 in epoch 2    
2026-02-20 11:10:58 DCF: Progressive finalization advanced to block 265    
2026-02-20 11:10:58 ProposerFactory: Successfully created block #266 with 1 extrinsics    
2026-02-20 11:10:58 DCF: Finality advanced from 264 to 265 in epoch 2    
2026-02-20 11:10:58 DCF: Progressive finalization advanced to block 265    
2026-02-20 11:10:58 🏆 Imported #266 (0x0aba…5804 → 0x77d5…26e5)    
2026-02-20 11:11:01 DCF Verifier: Block #267 verification passed    
2026-02-20 11:11:01 DCF: Finality advanced from 265 to 266 in epoch 2    
2026-02-20 11:11:01 DCF: Progressive finalization advanced to block 266    
2026-02-20 11:11:01 🏆 Imported #267 (0x77d5…26e5 → 0x56cc…2b42)    
2026-02-20 11:11:01 DCF Verifier: Block #268 verification passed    
2026-02-20 11:11:01 DCF: Finality advanced from 266 to 267 in epoch 2    
2026-02-20 11:11:01 DCF: Progressive finalization advanced to block 267    
2026-02-20 11:11:01 🏆 Imported #268 (0x56cc…2b42 → 0x94d4…e660)    
2026-02-20 11:11:02 💤 Idle (2 peers), best: #268 (0x94d4…e660), finalized #264 (0xb2a2…3808), ⬇ 0.3kiB/s ⬆ 0.3kiB/s    
2026-02-20 11:11:04 DCF Finality Sync: Client at block #264, DCF finalized up to #267, syncing...    
2026-02-20 11:11:04 DCF Finality Sync: Sync complete. Client finalized head now at block #267    
2026-02-20 11:11:04 DCF: Finality advanced from 267 to 268 in epoch 2    
2026-02-20 11:11:04 DCF: Progressive finalization advanced to block 268    
2026-02-20 11:11:04 ProposerFactory: Successfully created block #269 with 1 extrinsics    
2026-02-20 11:11:04 DCF: Finality advanced from 267 to 268 in epoch 2    
2026-02-20 11:11:04 DCF: Progressive finalization advanced to block 268    
2026-02-20 11:11:04 🏆 Imported #269 (0x94d4…e660 → 0x17b1…f172)    
2026-02-20 11:11:07 DCF Verifier: Block #270 verification passed    
2026-02-20 11:11:07 DCF: Finality advanced from 268 to 269 in epoch 2    
2026-02-20 11:11:07 DCF: Progressive finalization advanced to block 269    
2026-02-20 11:11:07 🏆 Imported #270 (0x17b1…f172 → 0xe1ef…a9a4)    
2026-02-20 11:11:07 DCF: Computed PoI score for validator=88dc3417d5058ec4b4503e0c12ea1a0a89be200fe98922423d4334014fa6b0ee (5FA9nQDV...), score=0, block=270    
2026-02-20 11:11:07 DCF: Computed PoI score for validator=d17c2d7823ebf260fd138f2d7e27d114c0145d968b5ff5006125f2414fadae69 (5GoNkf6W...), score=0, block=270    
2026-02-20 11:11:07 DCF: Computed PoI score for validator=439660b36c6c03afafca027b910b4fecf99801834c62a5e6006f27d978de234f (5DbKjhNL...), score=0, block=270    
2026-02-20 11:11:07 DCF off-chain worker completed computation    
2026-02-20 11:11:07 💤 Idle (2 peers), best: #270 (0xe1ef…a9a4), finalized #267 (0x56cc…2b42), ⬇ 0.1kiB/s ⬆ 0.2kiB/s    
2026-02-20 11:11:07 DCF Verifier: Block #271 verification passed    
2026-02-20 11:11:07 DCF: Finality advanced from 269 to 270 in epoch 2    
2026-02-20 11:11:07 DCF: Progressive finalization advanced to block 270    
2026-02-20 11:11:07 🏆 Imported #271 (0xe1ef…a9a4 → 0xc7ce…bd18)    
2026-02-20 11:11:10 DCF Finality Sync: Client at block #267, DCF finalized up to #270, syncing...    
2026-02-20 11:11:10 DCF Finality Sync: Sync complete. Client finalized head now at block #270    
2026-02-20 11:11:10 DCF: Finality advanced from 270 to 271 in epoch 2    
2026-02-20 11:11:10 DCF: Progressive finalization advanced to block 271    
2026-02-20 11:11:10 ProposerFactory: Successfully created block #272 with 1 extrinsics    
2026-02-20 11:11:10 DCF: Finality advanced from 270 to 271 in epoch 2    
2026-02-20 11:11:10 DCF: Progressive finalization advanced to block 271    
2026-02-20 11:11:10 🏆 Imported #272 (0xc7ce…bd18 → 0x2c83…7bee)    
2026-02-20 11:11:12 💤 Idle (2 peers), best: #272 (0x2c83…7bee), finalized #270 (0xe1ef…a9a4), ⬇ 0.2kiB/s ⬆ 0.2kiB/s    
2026-02-20 11:11:13 DCF Verifier: Block #273 verification passed    
2026-02-20 11:11:13 DCF: Finality advanced from 271 to 272 in epoch 2    
2026-02-20 11:11:13 DCF: Progressive finalization advanced to block 272    
2026-02-20 11:11:13 🏆 Imported #273 (0x2c83…7bee → 0xf0a3…25ff)    
2026-02-20 11:11:16 DCF Finality Sync: Client at block #270, DCF finalized up to #272, syncing...    
2026-02-20 11:11:16 DCF Finality Sync: Sync complete. Client finalized head now at block #272    
2026-02-20 11:11:16 DCF: Finality advanced from 272 to 273 in epoch 2    
2026-02-20 11:11:16 DCF: Progressive finalization advanced to block 273    
2026-02-20 11:11:16 ProposerFactory: Successfully created block #274 with 1 extrinsics    
2026-02-20 11:11:16 DCF: Finality advanced from 272 to 273 in epoch 2    
2026-02-20 11:11:16 DCF: Progressive finalization advanced to block 273    
2026-02-20 11:11:16 🏆 Imported #274 (0xf0a3…25ff → 0x98ca…8b55)    
2026-02-20 11:11:17 💤 Idle (2 peers), best: #274 (0x98ca…8b55), finalized #272 (0x2c83…7bee), ⬇ 0.2kiB/s ⬆ 0.2kiB/s    
2026-02-20 11:11:19 DCF Verifier: Block #275 verification passed    
2026-02-20 11:11:19 DCF: Finality advanced from 273 to 274 in epoch 2    
2026-02-20 11:11:19 DCF: Progressive finalization advanced to block 274    
2026-02-20 11:11:19 🏆 Imported #275 (0x98ca…8b55 → 0x6316…fcee)    
2026-02-20 11:11:19 DCF: Computed PoI score for validator=88dc3417d5058ec4b4503e0c12ea1a0a89be200fe98922423d4334014fa6b0ee (5FA9nQDV...), score=0, block=275    
2026-02-20 11:11:19 DCF: Computed PoI score for validator=d17c2d7823ebf260fd138f2d7e27d114c0145d968b5ff5006125f2414fadae69 (5GoNkf6W...), score=0, block=275    
2026-02-20 11:11:19 DCF: Computed PoI score for validator=439660b36c6c03afafca027b910b4fecf99801834c62a5e6006f27d978de234f (5DbKjhNL...), score=0, block=275    
2026-02-20 11:11:19 DCF off-chain worker completed computation    
2026-02-20 11:11:19 DCF Verifier: Block #276 verification passed    
2026-02-20 11:11:19 DCF: Finality advanced from 274 to 275 in epoch 2    
2026-02-20 11:11:19 DCF: Progressive finalization advanced to block 275    
2026-02-20 11:11:19 🏆 Imported #276 (0x6316…fcee → 0xbbd6…4f02)    
2026-02-20 11:11:22 DCF Finality Sync: Client at block #272, DCF finalized up to #275, syncing...    
2026-02-20 11:11:22 DCF Finality Sync: Sync complete. Client finalized head now at block #275    
2026-02-20 11:11:22 💤 Idle (2 peers), best: #276 (0xbbd6…4f02), finalized #275 (0x6316…fcee), ⬇ 0.2kiB/s ⬆ 84 B/s    
2026-02-20 11:11:22 DCF: Finality advanced from 275 to 276 in epoch 2    
2026-02-20 11:11:22 DCF: Progressive finalization advanced to block 276    
2026-02-20 11:11:22 ProposerFactory: Successfully created block #277 with 1 extrinsics    
2026-02-20 11:11:22 DCF: Finality advanced from 275 to 276 in epoch 2    
2026-02-20 11:11:22 DCF: Progressive finalization advanced to block 276    
2026-02-20 11:11:22 🏆 Imported #277 (0xbbd6…4f02 → 0xb527…a59c)    
2026-02-20 11:11:25 DCF Verifier: Block #278 verification passed    
2026-02-20 11:11:25 DCF: Finality advanced from 276 to 277 in epoch 2    
2026-02-20 11:11:25 DCF: Progressive finalization advanced to block 277    
2026-02-20 11:11:25 🏆 Imported #278 (0xb527…a59c → 0x76d8…ed4d)    
2026-02-20 11:11:26 DCF Verifier: Block #279 verification passed    
2026-02-20 11:11:26 DCF: Finality advanced from 277 to 278 in epoch 2    
2026-02-20 11:11:26 DCF: Progressive finalization advanced to block 278    
2026-02-20 11:11:26 🏆 Imported #279 (0x76d8…ed4d → 0xa0a4…ca37)    
2026-02-20 11:11:27 Block Tracker: Statistics Report    
2026-02-20 11:11:27   Service uptime: 600.682158597s    
2026-02-20 11:11:27   Total blocks tracked: 279    
2026-02-20 11:11:27   Active validators monitored: 3    
2026-02-20 11:11:27   Overall participation rate: 100.00%    
2026-02-20 11:11:27   Total blocks authored: 277    
2026-02-20 11:11:27   Total blocks missed: 0    
2026-02-20 11:11:27   Top performers:    
2026-02-20 11:11:27     439660b36c6c03afafca027b910b4fecf99801834c62a5e6006f27d978de234f (5DbKjhNL...): 100.00% (92/92 blocks)    
2026-02-20 11:11:27     88dc3417d5058ec4b4503e0c12ea1a0a89be200fe98922423d4334014fa6b0ee (5FA9nQDV...): 100.00% (90/90 blocks)    
2026-02-20 11:11:27     d17c2d7823ebf260fd138f2d7e27d114c0145d968b5ff5006125f2414fadae69 (5GoNkf6W...): 100.00% (95/95 blocks)    
2026-02-20 11:11:27 💤 Idle (2 peers), best: #279 (0xa0a4…ca37), finalized #275 (0x6316…fcee), ⬇ 0.5kiB/s ⬆ 0.6kiB/s    
2026-02-20 11:11:28 DCF Finality Sync: Client at block #275, DCF finalized up to #278, syncing...    
2026-02-20 11:11:28 DCF Finality Sync: Sync complete. Client finalized head now at block #278    
2026-02-20 11:11:28 DCF: Finality advanced from 278 to 279 in epoch 2    
2026-02-20 11:11:28 DCF: Progressive finalization advanced to block 279    
2026-02-20 11:11:28 ProposerFactory: Successfully created block #280 with 1 extrinsics    
2026-02-20 11:11:28 DCF: Finality advanced from 278 to 279 in epoch 2    
2026-02-20 11:11:28 DCF: Progressive finalization advanced to block 279    
2026-02-20 11:11:28 DCF: Computed PoI score for validator=88dc3417d5058ec4b4503e0c12ea1a0a89be200fe98922423d4334014fa6b0ee (5FA9nQDV...), score=0, block=280    
2026-02-20 11:11:28 DCF: Computed PoI score for validator=d17c2d7823ebf260fd138f2d7e27d114c0145d968b5ff5006125f2414fadae69 (5GoNkf6W...), score=0, block=280    
2026-02-20 11:11:28 DCF: Computed PoI score for validator=439660b36c6c03afafca027b910b4fecf99801834c62a5e6006f27d978de234f (5DbKjhNL...), score=0, block=280    
2026-02-20 11:11:28 DCF off-chain worker completed computation    
2026-02-20 11:11:28 PoS+PoI: Consensus Health - Block: 280, Slot: 100, Validators: 3, Healthy: 3, Avg Score: 100    
2026-02-20 11:11:28 DCF: Validator 88dc3417d5058ec4b4503e0c12ea1a0a89be200fe98922423d4334014fa6b0ee (5FA9nQDV...) - Combined: 100 (PoS: 0 @6000%, PoI: 80 @4000%), Participation: 100%, Missed: 0    
2026-02-20 11:11:28 DCF: Validator d17c2d7823ebf260fd138f2d7e27d114c0145d968b5ff5006125f2414fadae69 (5GoNkf6W...) - Combined: 100 (PoS: 0 @6000%, PoI: 80 @4000%), Participation: 100%, Missed: 0    
2026-02-20 11:11:28 DCF: Validator 439660b36c6c03afafca027b910b4fecf99801834c62a5e6006f27d978de234f (5DbKjhNL...) - Combined: 100 (PoS: 0 @6000%, PoI: 80 @4000%), Participation: 100%, Missed: 0    
2026-02-20 11:11:28 DCF: Refreshed scores for 3 validators    
2026-02-20 11:11:28 🏆 Imported #280 (0xa0a4…ca37 → 0x38cb…addb)    
2026-02-20 11:11:29 DCF: Validator 88dc3417d5058ec4b4503e0c12ea1a0a89be200fe98922423d4334014fa6b0ee (5FA9nQDV...) - Combined: 100 (PoS: 0 @6000%, PoI: 80 @4000%), Participation: 100%, Missed: 0    
2026-02-20 11:11:29 DCF: Validator d17c2d7823ebf260fd138f2d7e27d114c0145d968b5ff5006125f2414fadae69 (5GoNkf6W...) - Combined: 100 (PoS: 0 @6000%, PoI: 80 @4000%), Participation: 100%, Missed: 0    
2026-02-20 11:11:29 DCF: Validator 439660b36c6c03afafca027b910b4fecf99801834c62a5e6006f27d978de234f (5DbKjhNL...) - Combined: 100 (PoS: 0 @6000%, PoI: 80 @4000%), Participation: 100%, Missed: 0    
2026-02-20 11:11:29 DCF: Refreshed scores for 3 validators    
2026-02-20 11:11:30 DCF: Validator 88dc3417d5058ec4b4503e0c12ea1a0a89be200fe98922423d4334014fa6b0ee (5FA9nQDV...) - Combined: 100 (PoS: 0 @6000%, PoI: 80 @4000%), Participation: 100%, Missed: 0    
2026-02-20 11:11:30 DCF: Validator d17c2d7823ebf260fd138f2d7e27d114c0145d968b5ff5006125f2414fadae69 (5GoNkf6W...) - Combined: 100 (PoS: 0 @6000%, PoI: 80 @4000%), Participation: 100%, Missed: 0    
2026-02-20 11:11:30 DCF: Validator 439660b36c6c03afafca027b910b4fecf99801834c62a5e6006f27d978de234f (5DbKjhNL...) - Combined: 100 (PoS: 0 @6000%, PoI: 80 @4000%), Participation: 100%, Missed: 0    
2026-02-20 11:11:30 DCF: Refreshed scores for 3 validators    
2026-02-20 11:11:31 DCF Verifier: Block #281 verification passed    
2026-02-20 11:11:31 DCF: Finality advanced from 279 to 280 in epoch 2    
2026-02-20 11:11:31 DCF: Progressive finalization advanced to block 280    
2026-02-20 11:11:31 🏆 Imported #281 (0x38cb…addb → 0x450b…cafa)    
2026-02-20 11:11:31 DCF: Validator 88dc3417d5058ec4b4503e0c12ea1a0a89be200fe98922423d4334014fa6b0ee (5FA9nQDV...) - Combined: 100 (PoS: 0 @6000%, PoI: 80 @4000%), Participation: 100%, Missed: 0    
2026-02-20 11:11:31 DCF: Validator d17c2d7823ebf260fd138f2d7e27d114c0145d968b5ff5006125f2414fadae69 (5GoNkf6W...) - Combined: 100 (PoS: 0 @6000%, PoI: 80 @4000%), Participation: 100%, Missed: 0    
2026-02-20 11:11:31 DCF: Validator 439660b36c6c03afafca027b910b4fecf99801834c62a5e6006f27d978de234f (5DbKjhNL...) - Combined: 100 (PoS: 0 @6000%, PoI: 80 @4000%), Participation: 100%, Missed: 0    
2026-02-20 11:11:31 DCF: Refreshed scores for 3 validators    
2026-02-20 11:11:32 DCF Verifier: Block #282 verification passed    
2026-02-20 11:11:32 DCF: Finality advanced from 280 to 281 in epoch 2    
2026-02-20 11:11:32 DCF: Progressive finalization advanced to block 281    
2026-02-20 11:11:32 🏆 Imported #282 (0x450b…cafa → 0xa51f…a7d6)    
2026-02-20 11:11:32 💤 Idle (2 peers), best: #282 (0xa51f…a7d6), finalized #278 (0x76d8…ed4d), ⬇ 1.8kiB/s ⬆ 1.5kiB/s    
2026-02-20 11:11:32 DCF: Validator 88dc3417d5058ec4b4503e0c12ea1a0a89be200fe98922423d4334014fa6b0ee (5FA9nQDV...) - Combined: 100 (PoS: 0 @6000%, PoI: 80 @4000%), Participation: 100%, Missed: 0    
2026-02-20 11:11:32 DCF: Validator d17c2d7823ebf260fd138f2d7e27d114c0145d968b5ff5006125f2414fadae69 (5GoNkf6W...) - Combined: 100 (PoS: 0 @6000%, PoI: 80 @4000%), Participation: 100%, Missed: 0    
2026-02-20 11:11:32 DCF: Validator 439660b36c6c03afafca027b910b4fecf99801834c62a5e6006f27d978de234f (5DbKjhNL...) - Combined: 100 (PoS: 0 @6000%, PoI: 80 @4000%), Participation: 100%, Missed: 0    
2026-02-20 11:11:32 DCF: Refreshed scores for 3 validators    
2026-02-20 11:11:33 DCF: Validator 88dc3417d5058ec4b4503e0c12ea1a0a89be200fe98922423d4334014fa6b0ee (5FA9nQDV...) - Combined: 100 (PoS: 0 @6000%, PoI: 80 @4000%), Participation: 100%, Missed: 0    
2026-02-20 11:11:33 DCF: Validator d17c2d7823ebf260fd138f2d7e27d114c0145d968b5ff5006125f2414fadae69 (5GoNkf6W...) - Combined: 100 (PoS: 0 @6000%, PoI: 80 @4000%), Participation: 100%, Missed: 0    
2026-02-20 11:11:33 DCF: Validator 439660b36c6c03afafca027b910b4fecf99801834c62a5e6006f27d978de234f (5DbKjhNL...) - Combined: 100 (PoS: 0 @6000%, PoI: 80 @4000%), Participation: 100%, Missed: 0    
2026-02-20 11:11:33 DCF: Refreshed scores for 3 validators    
2026-02-20 11:11:34 DCF Finality Sync: Client at block #278, DCF finalized up to #281, syncing...    
2026-02-20 11:11:34 DCF Finality Sync: Sync complete. Client finalized head now at block #281    
2026-02-20 11:11:34 DCF: Finality advanced from 281 to 282 in epoch 2    
2026-02-20 11:11:34 DCF: Progressive finalization advanced to block 282    
2026-02-20 11:11:34 ProposerFactory: Successfully created block #283 with 1 extrinsics    
2026-02-20 11:11:34 DCF: Finality advanced from 281 to 282 in epoch 2    
2026-02-20 11:11:34 DCF: Progressive finalization advanced to block 282    
2026-02-20 11:11:34 🏆 Imported #283 (0xa51f…a7d6 → 0x109f…e7fa)    
2026-02-20 11:11:37 💤 Idle (2 peers), best: #283 (0x109f…e7fa), finalized #281 (0x450b…cafa), ⬇ 82 B/s ⬆ 0.3kiB/s    
2026-02-20 11:11:37 DCF Verifier: Block #284 verification passed    
2026-02-20 11:11:37 DCF: Finality advanced from 282 to 283 in epoch 2    
2026-02-20 11:11:37 DCF: Progressive finalization advanced to block 283    
2026-02-20 11:11:37 🏆 Imported #284 (0x109f…e7fa → 0x5418…9c41)    
2026-02-20 11:11:38 DCF Verifier: Block #285 verification passed    
2026-02-20 11:11:38 DCF: Finality advanced from 283 to 284 in epoch 2    
2026-02-20 11:11:38 DCF: Progressive finalization advanced to block 284    
2026-02-20 11:11:38 🏆 Imported #285 (0x5418…9c41 → 0x2703…fbed)    
2026-02-20 11:11:38 DCF: Computed PoI score for validator=88dc3417d5058ec4b4503e0c12ea1a0a89be200fe98922423d4334014fa6b0ee (5FA9nQDV...), score=0, block=285    
2026-02-20 11:11:38 DCF: Computed PoI score for validator=d17c2d7823ebf260fd138f2d7e27d114c0145d968b5ff5006125f2414fadae69 (5GoNkf6W...), score=0, block=285    
2026-02-20 11:11:38 DCF: Computed PoI score for validator=439660b36c6c03afafca027b910b4fecf99801834c62a5e6006f27d978de234f (5DbKjhNL...), score=0, block=285    
2026-02-20 11:11:38 DCF off-chain worker completed computation    
2026-02-20 11:11:40 DCF Finality Sync: Client at block #281, DCF finalized up to #284, syncing...    
2026-02-20 11:11:40 DCF Finality Sync: Sync complete. Client finalized head now at block #284    
2026-02-20 11:11:41 DCF: Finality advanced from 284 to 285 in epoch 2    
2026-02-20 11:11:41 DCF: Progressive finalization advanced to block 285    
2026-02-20 11:11:41 ProposerFactory: Successfully created block #286 with 1 extrinsics    
2026-02-20 11:11:41 DCF: Finality advanced from 284 to 285 in epoch 2    
2026-02-20 11:11:41 DCF: Progressive finalization advanced to block 285    
2026-02-20 11:11:41 🏆 Imported #286 (0x2703…fbed → 0x735d…661a)    
2026-02-20 11:11:42 💤 Idle (2 peers), best: #286 (0x735d…661a), finalized #284 (0x5418…9c41), ⬇ 0.3kiB/s ⬆ 0.3kiB/s    
2026-02-20 11:11:44 DCF Verifier: Block #287 verification passed    
2026-02-20 11:11:44 DCF: Finality advanced from 285 to 286 in epoch 2    
2026-02-20 11:11:44 DCF: Progressive finalization advanced to block 286    
2026-02-20 11:11:44 🏆 Imported #287 (0x735d…661a → 0x950b…6520)    
2026-02-20 11:11:44 DCF Verifier: Block #288 verification passed    
2026-02-20 11:11:44 DCF: Finality advanced from 286 to 287 in epoch 2    
2026-02-20 11:11:44 DCF: Progressive finalization advanced to block 287    
2026-02-20 11:11:44 🏆 Imported #288 (0x950b…6520 → 0x2da9…b3ae)    
2026-02-20 11:11:46 DCF Finality Sync: Client at block #284, DCF finalized up to #287, syncing...    
2026-02-20 11:11:46 DCF Finality Sync: Sync complete. Client finalized head now at block #287    
2026-02-20 11:11:47 DCF: Finality advanced from 287 to 288 in epoch 2    
2026-02-20 11:11:47 DCF: Progressive finalization advanced to block 288    
2026-02-20 11:11:47 ProposerFactory: Successfully created block #289 with 1 extrinsics    
2026-02-20 11:11:47 DCF: Finality advanced from 287 to 288 in epoch 2    
2026-02-20 11:11:47 DCF: Progressive finalization advanced to block 288    
2026-02-20 11:11:47 🏆 Imported #289 (0x2da9…b3ae → 0xbd16…f07c)    
2026-02-20 11:11:47 💤 Idle (2 peers), best: #289 (0xbd16…f07c), finalized #287 (0x950b…6520), ⬇ 0.4kiB/s ⬆ 0.3kiB/s    
2026-02-20 11:11:50 DCF Verifier: Block #290 verification passed    
2026-02-20 11:11:50 DCF: Finality advanced from 288 to 289 in epoch 2    
2026-02-20 11:11:50 DCF: Progressive finalization advanced to block 289    
2026-02-20 11:11:50 🏆 Imported #290 (0xbd16…f07c → 0xb0d6…1650)    
2026-02-20 11:11:50 DCF: Computed PoI score for validator=88dc3417d5058ec4b4503e0c12ea1a0a89be200fe98922423d4334014fa6b0ee (5FA9nQDV...), score=0, block=290    
2026-02-20 11:11:50 DCF: Computed PoI score for validator=d17c2d7823ebf260fd138f2d7e27d114c0145d968b5ff5006125f2414fadae69 (5GoNkf6W...), score=0, block=290    
2026-02-20 11:11:50 DCF: Computed PoI score for validator=439660b36c6c03afafca027b910b4fecf99801834c62a5e6006f27d978de234f (5DbKjhNL...), score=0, block=290    
2026-02-20 11:11:50 DCF off-chain worker completed computation    
2026-02-20 11:11:50 DCF Verifier: Block #291 verification passed    
2026-02-20 11:11:50 DCF: Finality advanced from 289 to 290 in epoch 2    
2026-02-20 11:11:50 DCF: Progressive finalization advanced to block 290    
2026-02-20 11:11:50 🏆 Imported #291 (0xb0d6…1650 → 0x01b5…785c)    
2026-02-20 11:11:52 DCF Finality Sync: Client at block #287, DCF finalized up to #290, syncing...    
2026-02-20 11:11:52 DCF Finality Sync: Sync complete. Client finalized head now at block #290    
2026-02-20 11:11:52 💤 Idle (2 peers), best: #291 (0x01b5…785c), finalized #290 (0xb0d6…1650), ⬇ 0.2kiB/s ⬆ 84 B/s    
2026-02-20 11:11:53 DCF: Finality advanced from 290 to 291 in epoch 2    
2026-02-20 11:11:53 DCF: Progressive finalization advanced to block 291    
2026-02-20 11:11:53 ProposerFactory: Successfully created block #292 with 1 extrinsics    
2026-02-20 11:11:53 DCF: Finality advanced from 290 to 291 in epoch 2    
2026-02-20 11:11:53 DCF: Progressive finalization advanced to block 291    
2026-02-20 11:11:53 🏆 Imported #292 (0x01b5…785c → 0xb509…9692)    
2026-02-20 11:11:56 DCF Verifier: Block #293 verification passed    
2026-02-20 11:11:56 DCF: Finality advanced from 291 to 292 in epoch 2    
2026-02-20 11:11:56 DCF: Progressive finalization advanced to block 292    
2026-02-20 11:11:56 🏆 Imported #293 (0xb509…9692 → 0x192b…4121)    
2026-02-20 11:11:56 DCF Verifier: Block #294 verification passed    
2026-02-20 11:11:56 DCF: Finality advanced from 292 to 293 in epoch 2    
2026-02-20 11:11:56 DCF: Progressive finalization advanced to block 293    
2026-02-20 11:11:56 🏆 Imported #294 (0x192b…4121 → 0xc655…cd8e)    
2026-02-20 11:11:57 💤 Idle (2 peers), best: #294 (0xc655…cd8e), finalized #290 (0xb0d6…1650), ⬇ 0.2kiB/s ⬆ 0.3kiB/s    
2026-02-20 11:11:58 DCF Finality Sync: Client at block #290, DCF finalized up to #293, syncing...    
2026-02-20 11:11:58 DCF Finality Sync: Sync complete. Client finalized head now at block #293    
2026-02-20 11:11:59 DCF: Finality advanced from 293 to 294 in epoch 2    
2026-02-20 11:11:59 DCF: Progressive finalization advanced to block 294    
2026-02-20 11:11:59 ProposerFactory: Successfully created block #295 with 1 extrinsics    
2026-02-20 11:11:59 DCF: Finality advanced from 293 to 294 in epoch 2    
2026-02-20 11:11:59 DCF: Progressive finalization advanced to block 294    
2026-02-20 11:11:59 DCF: Computed PoI score for validator=88dc3417d5058ec4b4503e0c12ea1a0a89be200fe98922423d4334014fa6b0ee (5FA9nQDV...), score=0, block=295    
2026-02-20 11:11:59 DCF: Computed PoI score for validator=d17c2d7823ebf260fd138f2d7e27d114c0145d968b5ff5006125f2414fadae69 (5GoNkf6W...), score=0, block=295    
2026-02-20 11:11:59 DCF: Computed PoI score for validator=439660b36c6c03afafca027b910b4fecf99801834c62a5e6006f27d978de234f (5DbKjhNL...), score=0, block=295    
2026-02-20 11:11:59 DCF off-chain worker completed computation    
2026-02-20 11:11:59 🏆 Imported #295 (0xc655…cd8e → 0x3a1c…2745)    
2026-02-20 11:12:02 DCF Verifier: Block #296 verification passed    
2026-02-20 11:12:02 DCF: Finality advanced from 294 to 295 in epoch 2    
2026-02-20 11:12:02 DCF: Progressive finalization advanced to block 295    
2026-02-20 11:12:02 🏆 Imported #296 (0x3a1c…2745 → 0xf259…8aed)    
2026-02-20 11:12:02 DCF Verifier: Block #297 verification passed    
2026-02-20 11:12:02 DCF: Finality advanced from 295 to 296 in epoch 2    
2026-02-20 11:12:02 DCF: Progressive finalization advanced to block 296    
2026-02-20 11:12:02 🏆 Imported #297 (0xf259…8aed → 0x6905…88b9)    
2026-02-20 11:12:02 💤 Idle (2 peers), best: #297 (0x6905…88b9), finalized #293 (0x192b…4121), ⬇ 0.3kiB/s ⬆ 0.3kiB/s    
2026-02-20 11:12:04 DCF Finality Sync: Client at block #293, DCF finalized up to #296, syncing...    
2026-02-20 11:12:04 DCF Finality Sync: Sync complete. Client finalized head now at block #296    
2026-02-20 11:12:05 DCF: Finality advanced from 296 to 297 in epoch 2    
2026-02-20 11:12:05 DCF: Progressive finalization advanced to block 297    
2026-02-20 11:12:05 ProposerFactory: Successfully created block #298 with 1 extrinsics    
2026-02-20 11:12:05 DCF: Finality advanced from 296 to 297 in epoch 2    
2026-02-20 11:12:05 DCF: Progressive finalization advanced to block 297    
2026-02-20 11:12:05 🏆 Imported #298 (0x6905…88b9 → 0x8033…961d)    
2026-02-20 11:12:07 💤 Idle (2 peers), best: #298 (0x8033…961d), finalized #296 (0xf259…8aed), ⬇ 56 B/s ⬆ 0.2kiB/s    
2026-02-20 11:12:08 DCF Verifier: Block #299 verification passed    
2026-02-20 11:12:08 DCF: Finality advanced from 297 to 298 in epoch 2    
2026-02-20 11:12:08 DCF: Progressive finalization advanced to block 298    
2026-02-20 11:12:08 🏆 Imported #299 (0x8033…961d → 0x431b…bb66)    
2026-02-20 11:12:08 DCF Verifier: Block #300 verification passed    
2026-02-20 11:12:08 DCF: Finality advanced from 298 to 299 in epoch 2    
2026-02-20 11:12:08 DCF: Progressive finalization advanced to block 299    
2026-02-20 11:12:08 Failed to emit EVM-compatible event: ContainsNullBytes    
2026-02-20 11:12:08 Failed to emit EVM-compatible event: ContainsNullBytes    
2026-02-20 11:12:08 Failed to emit EVM-compatible event: ContainsNullBytes    
2026-02-20 11:12:08 DCF: Score aggregation completed - updated 3 validators    
2026-02-20 11:12:08 DCF: Performance analysis - 0 high performers, 0 low performers    
2026-02-20 11:12:08 DCF: Governance proposal generation completed    
2026-02-20 11:12:08 DCF: Epoch proposal generation completed    
2026-02-20 11:12:08 DCF: Processed 0 epoch proposals    
2026-02-20 11:12:08 DCF: Auto epoch transition 2 -> 3 (standard mode) - 3 active validators    
2026-02-20 11:12:08 Failed to emit EVM-compatible event: ContainsNullBytes    
2026-02-20 11:12:08 DCF: Deterministic epoch transition completed for epoch 3 at block 300 with 100 authors    
2026-02-20 11:12:08 DCF: Epoch finalization already at 299 (>= 299), no advancement needed    
2026-02-20 11:12:08 DCF: Epoch transition completed: 2 -> 3    
2026-02-20 11:12:08 DCF Health: epoch=3, validators=3/3, avg_score=32    
2026-02-20 11:12:08 DCF: Epoch metrics updated at block 300    
2026-02-20 11:12:08 🏆 Imported #300 (0x431b…bb66 → 0x5019…1566)    
2026-02-20 11:12:08 DCF: Computed PoI score for validator=88dc3417d5058ec4b4503e0c12ea1a0a89be200fe98922423d4334014fa6b0ee (5FA9nQDV...), score=0, block=300    
2026-02-20 11:12:08 DCF: Computed PoI score for validator=d17c2d7823ebf260fd138f2d7e27d114c0145d968b5ff5006125f2414fadae69 (5GoNkf6W...), score=0, block=300    
2026-02-20 11:12:08 DCF: Computed PoI score for validator=439660b36c6c03afafca027b910b4fecf99801834c62a5e6006f27d978de234f (5DbKjhNL...), score=0, block=300    
2026-02-20 11:12:08 DCF off-chain worker completed computation    
2026-02-20 11:12:10 DCF Finality Sync: Client at block #296, DCF finalized up to #299, syncing...    
2026-02-20 11:12:10 DCF Finality Sync: Sync complete. Client finalized head now at block #299    
2026-02-20 11:12:11 Producing block #301 with author 439660b36c6c03afafca027b910b4fecf99801834c62a5e6006f27d978de234f (5DbKjhNL...)    
2026-02-20 11:12:11 DCF: Finality advanced from 299 to 300 in epoch 3    
2026-02-20 11:12:11 DCF: Progressive finalization advanced to block 300    
2026-02-20 11:12:11 ProposerFactory: Successfully created block #301 with 1 extrinsics    
2026-02-20 11:12:11 DCF: Finality advanced from 299 to 300 in epoch 3    
2026-02-20 11:12:11 DCF: Progressive finalization advanced to block 300    
2026-02-20 11:12:11 🏆 Imported #301 (0x5019…1566 → 0x2a83…e57e)    
2026-02-20 11:12:12 💤 Idle (2 peers), best: #301 (0x2a83…e57e), finalized #299 (0x431b…bb66), ⬇ 0.3kiB/s ⬆ 0.3kiB/s    
2026-02-20 11:12:14 DCF Verifier: Block #302 verification passed    
2026-02-20 11:12:14 DCF: Finality advanced from 300 to 301 in epoch 3    
2026-02-20 11:12:14 DCF: Progressive finalization advanced to block 301    
2026-02-20 11:12:14 🏆 Imported #302 (0x2a83…e57e → 0x38d2…cb8d)    
2026-02-20 11:12:14 DCF Verifier: Block #303 verification passed    
2026-02-20 11:12:14 DCF: Finality advanced from 301 to 302 in epoch 3    
2026-02-20 11:12:14 DCF: Progressive finalization advanced to block 302    
2026-02-20 11:12:14 🏆 Imported #303 (0x38d2…cb8d → 0x4e11…837c)    
2026-02-20 11:12:16 DCF Finality Sync: Client at block #299, DCF finalized up to #302, syncing...    
2026-02-20 11:12:16 DCF Finality Sync: Sync complete. Client finalized head now at block #302    
2026-02-20 11:12:17 DCF: Finality advanced from 302 to 303 in epoch 3    
2026-02-20 11:12:17 DCF: Progressive finalization advanced to block 303    
2026-02-20 11:12:17 ProposerFactory: Successfully created block #304 with 1 extrinsics    
2026-02-20 11:12:17 DCF: Finality advanced from 302 to 303 in epoch 3    
2026-02-20 11:12:17 DCF: Progressive finalization advanced to block 303    
2026-02-20 11:12:17 🏆 Imported #304 (0x4e11…837c → 0x5a49…f209)    
2026-02-20 11:12:17 💤 Idle (2 peers), best: #304 (0x5a49…f209), finalized #302 (0x38d2…cb8d), ⬇ 0.3kiB/s ⬆ 0.2kiB/s    
2026-02-20 11:12:20 DCF Verifier: Block #305 verification passed    
2026-02-20 11:12:20 DCF: Finality advanced from 303 to 304 in epoch 3    
2026-02-20 11:12:20 DCF: Progressive finalization advanced to block 304    
2026-02-20 11:12:20 🏆 Imported #305 (0x5a49…f209 → 0x119e…7820)    
2026-02-20 11:12:20 DCF: Computed PoI score for validator=88dc3417d5058ec4b4503e0c12ea1a0a89be200fe98922423d4334014fa6b0ee (5FA9nQDV...), score=0, block=305    
2026-02-20 11:12:20 DCF: Computed PoI score for validator=d17c2d7823ebf260fd138f2d7e27d114c0145d968b5ff5006125f2414fadae69 (5GoNkf6W...), score=0, block=305    
2026-02-20 11:12:20 DCF: Computed PoI score for validator=439660b36c6c03afafca027b910b4fecf99801834c62a5e6006f27d978de234f (5DbKjhNL...), score=0, block=305    
2026-02-20 11:12:20 DCF off-chain worker completed computation    
2026-02-20 11:12:21 DCF Verifier: Block #306 verification passed    
2026-02-20 11:12:21 DCF: Finality advanced from 304 to 305 in epoch 3    
2026-02-20 11:12:21 DCF: Progressive finalization advanced to block 305    
2026-02-20 11:12:21 🏆 Imported #306 (0x119e…7820 → 0xcc45…4ed0)    
2026-02-20 11:12:22 DCF Finality Sync: Client at block #302, DCF finalized up to #305, syncing...    
2026-02-20 11:12:22 DCF Finality Sync: Sync complete. Client finalized head now at block #305    
2026-02-20 11:12:22 💤 Idle (2 peers), best: #306 (0xcc45…4ed0), finalized #305 (0x119e…7820), ⬇ 0.2kiB/s ⬆ 0.2kiB/s    
2026-02-20 11:12:23 DCF: Finality advanced from 305 to 306 in epoch 3    
2026-02-20 11:12:23 DCF: Progressive finalization advanced to block 306    
2026-02-20 11:12:23 ProposerFactory: Successfully created block #307 with 1 extrinsics    
2026-02-20 11:12:23 DCF: Finality advanced from 305 to 306 in epoch 3    
2026-02-20 11:12:23 DCF: Progressive finalization advanced to block 306    
2026-02-20 11:12:23 🏆 Imported #307 (0xcc45…4ed0 → 0x7e54…d8ba)    
2026-02-20 11:12:26 DCF Verifier: Block #308 verification passed    
2026-02-20 11:12:26 DCF: Finality advanced from 306 to 307 in epoch 3    
2026-02-20 11:12:26 DCF: Progressive finalization advanced to block 307    
2026-02-20 11:12:26 🏆 Imported #308 (0x7e54…d8ba → 0x64da…00ff)    
2026-02-20 11:12:26 DCF Verifier: Block #309 verification passed    
2026-02-20 11:12:26 DCF: Finality advanced from 307 to 308 in epoch 3    
2026-02-20 11:12:26 DCF: Progressive finalization advanced to block 308    
2026-02-20 11:12:26 🏆 Imported #309 (0x64da…00ff → 0x6914…50f1)    
2026-02-20 11:12:27 💤 Idle (2 peers), best: #309 (0x6914…50f1), finalized #305 (0x119e…7820), ⬇ 0.3kiB/s ⬆ 0.4kiB/s    
2026-02-20 11:12:28 DCF Finality Sync: Client at block #305, DCF finalized up to #308, syncing...    
2026-02-20 11:12:28 DCF Finality Sync: Sync complete. Client finalized head now at block #308    
2026-02-20 11:12:29 DCF: Finality advanced from 308 to 309 in epoch 3    
2026-02-20 11:12:29 DCF: Progressive finalization advanced to block 309    
2026-02-20 11:12:29 ProposerFactory: Successfully created block #310 with 1 extrinsics    
2026-02-20 11:12:29 DCF: Finality advanced from 308 to 309 in epoch 3    
2026-02-20 11:12:29 DCF: Progressive finalization advanced to block 309    
2026-02-20 11:12:29 DCF: Computed PoI score for validator=88dc3417d5058ec4b4503e0c12ea1a0a89be200fe98922423d4334014fa6b0ee (5FA9nQDV...), score=0, block=310    
2026-02-20 11:12:29 DCF: Computed PoI score for validator=d17c2d7823ebf260fd138f2d7e27d114c0145d968b5ff5006125f2414fadae69 (5GoNkf6W...), score=0, block=310    
2026-02-20 11:12:29 DCF: Computed PoI score for validator=439660b36c6c03afafca027b910b4fecf99801834c62a5e6006f27d978de234f (5DbKjhNL...), score=0, block=310    
2026-02-20 11:12:29 DCF off-chain worker completed computation    
2026-02-20 11:12:29 PoS+PoI: Consensus Health - Block: 310, Slot: 110, Validators: 3, Healthy: 3, Avg Score: 65    
2026-02-20 11:12:29 🏆 Imported #310 (0x6914…50f1 → 0xca40…856d)    
2026-02-20 11:12:32 DCF Verifier: Block #311 verification passed    
2026-02-20 11:12:32 DCF: Finality advanced from 309 to 310 in epoch 3    
2026-02-20 11:12:32 DCF: Progressive finalization advanced to block 310    
2026-02-20 11:12:32 🏆 Imported #311 (0xca40…856d → 0x0279…64fe)    
2026-02-20 11:12:32 💤 Idle (2 peers), best: #311 (0x0279…64fe), finalized #308 (0x64da…00ff), ⬇ 0.4kiB/s ⬆ 0.3kiB/s    
2026-02-20 11:12:33 DCF Verifier: Block #312 verification passed    
2026-02-20 11:12:33 DCF: Finality advanced from 310 to 311 in epoch 3    
2026-02-20 11:12:33 DCF: Progressive finalization advanced to block 311    
2026-02-20 11:12:33 🏆 Imported #312 (0x0279…64fe → 0x8ab5…5689)    
2026-02-20 11:12:34 DCF Finality Sync: Client at block #308, DCF finalized up to #311, syncing...    
2026-02-20 11:12:34 DCF Finality Sync: Sync complete. Client finalized head now at block #311    
2026-02-20 11:12:35 DCF: Finality advanced from 311 to 312 in epoch 3    
2026-02-20 11:12:35 DCF: Progressive finalization advanced to block 312    
2026-02-20 11:12:35 ProposerFactory: Successfully created block #313 with 1 extrinsics    
2026-02-20 11:12:35 DCF: Finality advanced from 311 to 312 in epoch 3    
2026-02-20 11:12:35 DCF: Progressive finalization advanced to block 312    
2026-02-20 11:12:35 🏆 Imported #313 (0x8ab5…5689 → 0x474a…fea9)    
2026-02-20 11:12:37 💤 Idle (2 peers), best: #313 (0x474a…fea9), finalized #311 (0x0279…64fe), ⬇ 0.2kiB/s ⬆ 0.3kiB/s    
2026-02-20 11:12:38 DCF Verifier: Block #314 verification passed    
2026-02-20 11:12:38 DCF: Finality advanced from 312 to 313 in epoch 3    
2026-02-20 11:12:38 DCF: Progressive finalization advanced to block 313    
2026-02-20 11:12:38 🏆 Imported #314 (0x474a…fea9 → 0x0343…f4ad)    
2026-02-20 11:12:39 DCF Verifier: Block #315 verification passed    
2026-02-20 11:12:39 DCF: Finality advanced from 313 to 314 in epoch 3    
2026-02-20 11:12:39 DCF: Progressive finalization advanced to block 314    
2026-02-20 11:12:39 🏆 Imported #315 (0x0343…f4ad → 0x5fd5…51ff)    
2026-02-20 11:12:39 DCF: Computed PoI score for validator=88dc3417d5058ec4b4503e0c12ea1a0a89be200fe98922423d4334014fa6b0ee (5FA9nQDV...), score=0, block=315    
2026-02-20 11:12:39 DCF: Computed PoI score for validator=d17c2d7823ebf260fd138f2d7e27d114c0145d968b5ff5006125f2414fadae69 (5GoNkf6W...), score=0, block=315    
2026-02-20 11:12:39 DCF: Computed PoI score for validator=439660b36c6c03afafca027b910b4fecf99801834c62a5e6006f27d978de234f (5DbKjhNL...), score=0, block=315    
2026-02-20 11:12:39 DCF off-chain worker completed computation    
2026-02-20 11:12:40 DCF Finality Sync: Client at block #311, DCF finalized up to #314, syncing...    
2026-02-20 11:12:40 DCF Finality Sync: Sync complete. Client finalized head now at block #314    
2026-02-20 11:12:41 DCF: Finality advanced from 314 to 315 in epoch 3    
2026-02-20 11:12:41 DCF: Progressive finalization advanced to block 315    
2026-02-20 11:12:41 ProposerFactory: Successfully created block #316 with 1 extrinsics    
2026-02-20 11:12:41 DCF: Finality advanced from 314 to 315 in epoch 3    
2026-02-20 11:12:41 DCF: Progressive finalization advanced to block 315    
2026-02-20 11:12:41 🏆 Imported #316 (0x5fd5…51ff → 0x0aa1…ff54)    
2026-02-20 11:12:42 💤 Idle (2 peers), best: #316 (0x0aa1…ff54), finalized #314 (0x0343…f4ad), ⬇ 0.3kiB/s ⬆ 0.3kiB/s    
2026-02-20 11:12:44 DCF Verifier: Block #317 verification passed    
2026-02-20 11:12:44 DCF: Finality advanced from 315 to 316 in epoch 3    
2026-02-20 11:12:44 DCF: Progressive finalization advanced to block 316    
2026-02-20 11:12:44 🏆 Imported #317 (0x0aa1…ff54 → 0x6b47…1e3c)    
2026-02-20 11:12:45 DCF Verifier: Block #318 verification passed    
2026-02-20 11:12:45 DCF: Finality advanced from 316 to 317 in epoch 3    
2026-02-20 11:12:45 DCF: Progressive finalization advanced to block 317    
2026-02-20 11:12:45 🏆 Imported #318 (0x6b47…1e3c → 0x4505…dfc7)    
2026-02-20 11:12:46 DCF Finality Sync: Client at block #314, DCF finalized up to #317, syncing...    
2026-02-20 11:12:46 DCF Finality Sync: Sync complete. Client finalized head now at block #317    
2026-02-20 11:12:47 DCF: Finality advanced from 317 to 318 in epoch 3    
2026-02-20 11:12:47 DCF: Progressive finalization advanced to block 318    
2026-02-20 11:12:47 ProposerFactory: Successfully created block #319 with 1 extrinsics    
2026-02-20 11:12:47 DCF: Finality advanced from 317 to 318 in epoch 3    
2026-02-20 11:12:47 DCF: Progressive finalization advanced to block 318    
2026-02-20 11:12:47 🏆 Imported #319 (0x4505…dfc7 → 0xfcb7…36de)    
2026-02-20 11:12:47 💤 Idle (2 peers), best: #319 (0xfcb7…36de), finalized #317 (0x6b47…1e3c), ⬇ 0.3kiB/s ⬆ 0.3kiB/s    
2026-02-20 11:12:50 DCF Verifier: Block #320 verification passed    
2026-02-20 11:12:50 DCF: Finality advanced from 318 to 319 in epoch 3    
2026-02-20 11:12:50 DCF: Progressive finalization advanced to block 319    
2026-02-20 11:12:50 🏆 Imported #320 (0xfcb7…36de → 0xb75d…edb9)    
2026-02-20 11:12:50 DCF: Computed PoI score for validator=88dc3417d5058ec4b4503e0c12ea1a0a89be200fe98922423d4334014fa6b0ee (5FA9nQDV...), score=0, block=320    
2026-02-20 11:12:50 DCF: Computed PoI score for validator=d17c2d7823ebf260fd138f2d7e27d114c0145d968b5ff5006125f2414fadae69 (5GoNkf6W...), score=0, block=320    
2026-02-20 11:12:50 DCF: Computed PoI score for validator=439660b36c6c03afafca027b910b4fecf99801834c62a5e6006f27d978de234f (5DbKjhNL...), score=0, block=320    
2026-02-20 11:12:50 DCF off-chain worker completed computation    
2026-02-20 11:12:51 DCF Verifier: Block #321 verification passed    
2026-02-20 11:12:51 DCF: Finality advanced from 319 to 320 in epoch 3    
2026-02-20 11:12:51 DCF: Progressive finalization advanced to block 320    
2026-02-20 11:12:51 🏆 Imported #321 (0xb75d…edb9 → 0x687c…1f93)    
2026-02-20 11:12:52 DCF Finality Sync: Client at block #317, DCF finalized up to #320, syncing...    
2026-02-20 11:12:52 DCF Finality Sync: Sync complete. Client finalized head now at block #320    
2026-02-20 11:12:52 💤 Idle (2 peers), best: #321 (0x687c…1f93), finalized #320 (0xb75d…edb9), ⬇ 0.2kiB/s ⬆ 0.1kiB/s    
2026-02-20 11:12:53 DCF: Finality advanced from 320 to 321 in epoch 3    
2026-02-20 11:12:53 DCF: Progressive finalization advanced to block 321    
2026-02-20 11:12:53 ProposerFactory: Successfully created block #322 with 1 extrinsics    
2026-02-20 11:12:53 DCF: Finality advanced from 320 to 321 in epoch 3    
2026-02-20 11:12:53 DCF: Progressive finalization advanced to block 321    
2026-02-20 11:12:53 🏆 Imported #322 (0x687c…1f93 → 0x6547…8462)    
2026-02-20 11:12:56 DCF Verifier: Block #323 verification passed    
2026-02-20 11:12:56 DCF: Finality advanced from 321 to 322 in epoch 3    
2026-02-20 11:12:56 DCF: Progressive finalization advanced to block 322    
2026-02-20 11:12:56 🏆 Imported #323 (0x6547…8462 → 0xe5a6…25fa)    
2026-02-20 11:12:57 DCF Verifier: Block #324 verification passed    
2026-02-20 11:12:57 DCF: Finality advanced from 322 to 323 in epoch 3    
2026-02-20 11:12:57 DCF: Progressive finalization advanced to block 323    
2026-02-20 11:12:57 🏆 Imported #324 (0xe5a6…25fa → 0x3806…659d)    
2026-02-20 11:12:57 💤 Idle (2 peers), best: #324 (0x3806…659d), finalized #320 (0xb75d…edb9), ⬇ 0.3kiB/s ⬆ 0.3kiB/s    
2026-02-20 11:12:58 DCF Finality Sync: Client at block #320, DCF finalized up to #323, syncing...    
2026-02-20 11:12:58 DCF Finality Sync: Sync complete. Client finalized head now at block #323    
2026-02-20 11:12:59 DCF: Finality advanced from 323 to 324 in epoch 3    
2026-02-20 11:12:59 DCF: Progressive finalization advanced to block 324    
2026-02-20 11:12:59 ProposerFactory: Successfully created block #325 with 1 extrinsics    
2026-02-20 11:12:59 DCF: Finality advanced from 323 to 324 in epoch 3    
2026-02-20 11:12:59 DCF: Progressive finalization advanced to block 324    
2026-02-20 11:12:59 DCF: Computed PoI score for validator=88dc3417d5058ec4b4503e0c12ea1a0a89be200fe98922423d4334014fa6b0ee (5FA9nQDV...), score=0, block=325    
2026-02-20 11:12:59 DCF: Computed PoI score for validator=d17c2d7823ebf260fd138f2d7e27d114c0145d968b5ff5006125f2414fadae69 (5GoNkf6W...), score=0, block=325    
2026-02-20 11:12:59 DCF: Computed PoI score for validator=439660b36c6c03afafca027b910b4fecf99801834c62a5e6006f27d978de234f (5DbKjhNL...), score=0, block=325    
2026-02-20 11:12:59 DCF off-chain worker completed computation    
2026-02-20 11:12:59 🏆 Imported #325 (0x3806…659d → 0xc51d…9d7f)    
2026-02-20 11:13:02 DCF Verifier: Block #326 verification passed    
2026-02-20 11:13:02 DCF: Finality advanced from 324 to 325 in epoch 3    
2026-02-20 11:13:02 DCF: Progressive finalization advanced to block 325    
2026-02-20 11:13:02 🏆 Imported #326 (0xc51d…9d7f → 0x0982…aa6d)    
2026-02-20 11:13:02 💤 Idle (2 peers), best: #326 (0x0982…aa6d), finalized #323 (0xe5a6…25fa), ⬇ 0.2kiB/s ⬆ 0.2kiB/s    
2026-02-20 11:13:03 DCF Verifier: Block #327 verification passed    
2026-02-20 11:13:03 DCF: Finality advanced from 325 to 326 in epoch 3    
2026-02-20 11:13:03 DCF: Progressive finalization advanced to block 326    
2026-02-20 11:13:03 🏆 Imported #327 (0x0982…aa6d → 0xb0b8…7130)    
2026-02-20 11:13:04 DCF Finality Sync: Client at block #323, DCF finalized up to #326, syncing...    
2026-02-20 11:13:04 DCF Finality Sync: Sync complete. Client finalized head now at block #326    
2026-02-20 11:13:05 DCF: Finality advanced from 326 to 327 in epoch 3    
2026-02-20 11:13:05 DCF: Progressive finalization advanced to block 327    
2026-02-20 11:13:05 ProposerFactory: Successfully created block #328 with 1 extrinsics    
2026-02-20 11:13:05 DCF: Finality advanced from 326 to 327 in epoch 3    
2026-02-20 11:13:05 DCF: Progressive finalization advanced to block 327    
2026-02-20 11:13:05 🏆 Imported #328 (0xb0b8…7130 → 0x0d06…2350)    
2026-02-20 11:13:07 💤 Idle (2 peers), best: #328 (0x0d06…2350), finalized #326 (0x0982…aa6d), ⬇ 0.2kiB/s ⬆ 0.2kiB/s    
2026-02-20 11:13:08 DCF Verifier: Block #329 verification passed    
2026-02-20 11:13:08 DCF: Finality advanced from 327 to 328 in epoch 3    
2026-02-20 11:13:08 DCF: Progressive finalization advanced to block 328    
2026-02-20 11:13:08 🏆 Imported #329 (0x0d06…2350 → 0xd336…e0e0)    
2026-02-20 11:13:09 DCF Verifier: Block #330 verification passed    
2026-02-20 11:13:09 DCF: Finality advanced from 328 to 329 in epoch 3    
2026-02-20 11:13:09 DCF: Progressive finalization advanced to block 329    
2026-02-20 11:13:09 🏆 Imported #330 (0xd336…e0e0 → 0xe5f3…e4ee)    
2026-02-20 11:13:09 DCF: Computed PoI score for validator=88dc3417d5058ec4b4503e0c12ea1a0a89be200fe98922423d4334014fa6b0ee (5FA9nQDV...), score=0, block=330    
2026-02-20 11:13:09 DCF: Computed PoI score for validator=d17c2d7823ebf260fd138f2d7e27d114c0145d968b5ff5006125f2414fadae69 (5GoNkf6W...), score=0, block=330    
2026-02-20 11:13:09 DCF: Computed PoI score for validator=439660b36c6c03afafca027b910b4fecf99801834c62a5e6006f27d978de234f (5DbKjhNL...), score=0, block=330    
2026-02-20 11:13:09 DCF off-chain worker completed computation    
2026-02-20 11:13:10 DCF Finality Sync: Client at block #326, DCF finalized up to #329, syncing...    
2026-02-20 11:13:10 DCF Finality Sync: Sync complete. Client finalized head now at block #329    
2026-02-20 11:13:11 Producing block #331 with author 439660b36c6c03afafca027b910b4fecf99801834c62a5e6006f27d978de234f (5DbKjhNL...)    
2026-02-20 11:13:11 DCF: Finality advanced from 329 to 330 in epoch 3    
2026-02-20 11:13:11 DCF: Progressive finalization advanced to block 330    
2026-02-20 11:13:11 ProposerFactory: Successfully created block #331 with 1 extrinsics    
2026-02-20 11:13:11 DCF: Finality advanced from 329 to 330 in epoch 3    
2026-02-20 11:13:11 DCF: Progressive finalization advanced to block 330    
2026-02-20 11:13:11 🏆 Imported #331 (0xe5f3…e4ee → 0x4153…3d5d)    
2026-02-20 11:13:12 💤 Idle (2 peers), best: #331 (0x4153…3d5d), finalized #329 (0xd336…e0e0), ⬇ 0.3kiB/s ⬆ 0.3kiB/s    
2026-02-20 11:13:14 DCF Verifier: Block #332 verification passed    
2026-02-20 11:13:14 DCF: Finality advanced from 330 to 331 in epoch 3    
2026-02-20 11:13:14 DCF: Progressive finalization advanced to block 331    
2026-02-20 11:13:14 🏆 Imported #332 (0x4153…3d5d → 0xc75a…9bf9)    
2026-02-20 11:13:15 DCF Verifier: Block #333 verification passed    
2026-02-20 11:13:15 DCF: Finality advanced from 331 to 332 in epoch 3    
2026-02-20 11:13:15 DCF: Progressive finalization advanced to block 332    
2026-02-20 11:13:15 🏆 Imported #333 (0xc75a…9bf9 → 0x512a…6b5c)    
2026-02-20 11:13:16 DCF Finality Sync: Client at block #329, DCF finalized up to #332, syncing...    
2026-02-20 11:13:16 DCF Finality Sync: Sync complete. Client finalized head now at block #332    
2026-02-20 11:13:17 DCF: Finality advanced from 332 to 333 in epoch 3    
2026-02-20 11:13:17 DCF: Progressive finalization advanced to block 333    
2026-02-20 11:13:17 ProposerFactory: Successfully created block #334 with 1 extrinsics    
2026-02-20 11:13:17 DCF: Finality advanced from 332 to 333 in epoch 3    
2026-02-20 11:13:17 DCF: Progressive finalization advanced to block 333    
2026-02-20 11:13:17 🏆 Imported #334 (0x512a…6b5c → 0x99e8…335f)    
2026-02-20 11:13:17 💤 Idle (2 peers), best: #334 (0x99e8…335f), finalized #332 (0xc75a…9bf9), ⬇ 0.3kiB/s ⬆ 0.3kiB/s    
2026-02-20 11:13:20 DCF Verifier: Block #335 verification passed    
2026-02-20 11:13:20 DCF: Finality advanced from 333 to 334 in epoch 3    
2026-02-20 11:13:20 DCF: Progressive finalization advanced to block 334    
2026-02-20 11:13:20 🏆 Imported #335 (0x99e8…335f → 0xc8e6…408e)    
2026-02-20 11:13:20 DCF: Computed PoI score for validator=88dc3417d5058ec4b4503e0c12ea1a0a89be200fe98922423d4334014fa6b0ee (5FA9nQDV...), score=0, block=335    
2026-02-20 11:13:20 DCF: Computed PoI score for validator=d17c2d7823ebf260fd138f2d7e27d114c0145d968b5ff5006125f2414fadae69 (5GoNkf6W...), score=0, block=335    
2026-02-20 11:13:20 DCF: Computed PoI score for validator=439660b36c6c03afafca027b910b4fecf99801834c62a5e6006f27d978de234f (5DbKjhNL...), score=0, block=335    
2026-02-20 11:13:20 DCF off-chain worker completed computation    
2026-02-20 11:13:21 DCF Verifier: Block #336 verification passed    
2026-02-20 11:13:21 DCF: Finality advanced from 334 to 335 in epoch 3    
2026-02-20 11:13:21 DCF: Progressive finalization advanced to block 335    
2026-02-20 11:13:21 🏆 Imported #336 (0xc8e6…408e → 0x545d…465e)    
2026-02-20 11:13:22 DCF Finality Sync: Client at block #332, DCF finalized up to #335, syncing...    
2026-02-20 11:13:22 DCF Finality Sync: Sync complete. Client finalized head now at block #335    
2026-02-20 11:13:22 💤 Idle (2 peers), best: #336 (0x545d…465e), finalized #335 (0xc8e6…408e), ⬇ 0.2kiB/s ⬆ 0.1kiB/s    
2026-02-20 11:13:23 DCF: Finality advanced from 335 to 336 in epoch 3    
2026-02-20 11:13:23 DCF: Progressive finalization advanced to block 336    
2026-02-20 11:13:23 ProposerFactory: Successfully created block #337 with 1 extrinsics    
2026-02-20 11:13:23 DCF: Finality advanced from 335 to 336 in epoch 3    
2026-02-20 11:13:23 DCF: Progressive finalization advanced to block 336    
2026-02-20 11:13:23 🏆 Imported #337 (0x545d…465e → 0x30b8…30af)    
2026-02-20 11:13:26 DCF Verifier: Block #338 verification passed    
2026-02-20 11:13:26 DCF: Finality advanced from 336 to 337 in epoch 3    
2026-02-20 11:13:26 DCF: Progressive finalization advanced to block 337    
2026-02-20 11:13:26 🏆 Imported #338 (0x30b8…30af → 0x682a…091a)    
2026-02-20 11:13:27 Block Tracker: Statistics Report    
2026-02-20 11:13:27   Service uptime: 720.808138892s    
2026-02-20 11:13:27   Total blocks tracked: 338    
2026-02-20 11:13:27   Active validators monitored: 3    
2026-02-20 11:13:27   Overall participation rate: 100.00%    
2026-02-20 11:13:27   Total blocks authored: 335    
2026-02-20 11:13:27   Total blocks missed: 0    
2026-02-20 11:13:27   Top performers:    
2026-02-20 11:13:27     439660b36c6c03afafca027b910b4fecf99801834c62a5e6006f27d978de234f (5DbKjhNL...): 100.00% (112/112 blocks)    
2026-02-20 11:13:27     88dc3417d5058ec4b4503e0c12ea1a0a89be200fe98922423d4334014fa6b0ee (5FA9nQDV...): 100.00% (108/108 blocks)    
2026-02-20 11:13:27     d17c2d7823ebf260fd138f2d7e27d114c0145d968b5ff5006125f2414fadae69 (5GoNkf6W...): 100.00% (115/115 blocks)    
2026-02-20 11:13:27 DCF Verifier: Block #339 verification passed    
2026-02-20 11:13:27 DCF: Finality advanced from 337 to 338 in epoch 3    
2026-02-20 11:13:27 DCF: Progressive finalization advanced to block 338    
2026-02-20 11:13:27 🏆 Imported #339 (0x682a…091a → 0x1de0…aa29)    
2026-02-20 11:13:27 💤 Idle (2 peers), best: #339 (0x1de0…aa29), finalized #335 (0xc8e6…408e), ⬇ 0.3kiB/s ⬆ 0.4kiB/s    
2026-02-20 11:13:28 DCF Finality Sync: Client at block #335, DCF finalized up to #338, syncing...    
2026-02-20 11:13:28 DCF Finality Sync: Sync complete. Client finalized head now at block #338    
2026-02-20 11:13:29 DCF: Finality advanced from 338 to 339 in epoch 3    
2026-02-20 11:13:29 DCF: Progressive finalization advanced to block 339    
2026-02-20 11:13:29 ProposerFactory: Successfully created block #340 with 1 extrinsics    
2026-02-20 11:13:29 DCF: Finality advanced from 338 to 339 in epoch 3    
2026-02-20 11:13:29 DCF: Progressive finalization advanced to block 339    
2026-02-20 11:13:29 DCF: Computed PoI score for validator=88dc3417d5058ec4b4503e0c12ea1a0a89be200fe98922423d4334014fa6b0ee (5FA9nQDV...), score=0, block=340    
2026-02-20 11:13:29 DCF: Computed PoI score for validator=d17c2d7823ebf260fd138f2d7e27d114c0145d968b5ff5006125f2414fadae69 (5GoNkf6W...), score=0, block=340    
2026-02-20 11:13:29 DCF: Computed PoI score for validator=439660b36c6c03afafca027b910b4fecf99801834c62a5e6006f27d978de234f (5DbKjhNL...), score=0, block=340    
2026-02-20 11:13:29 DCF off-chain worker completed computation    
2026-02-20 11:13:29 PoS+PoI: Consensus Health - Block: 340, Slot: 120, Validators: 3, Healthy: 3, Avg Score: 100    
2026-02-20 11:13:29 🏆 Imported #340 (0x1de0…aa29 → 0x8f8f…ed72)    
2026-02-20 11:13:32 💤 Idle (2 peers), best: #340 (0x8f8f…ed72), finalized #338 (0x682a…091a), ⬇ 0.4kiB/s ⬆ 0.2kiB/s    
2026-02-20 11:13:32 DCF Verifier: Block #341 verification passed    
2026-02-20 11:13:32 DCF: Finality advanced from 339 to 340 in epoch 3    
2026-02-20 11:13:32 DCF: Progressive finalization advanced to block 340    
2026-02-20 11:13:32 🏆 Imported #341 (0x8f8f…ed72 → 0x0806…120d)    
2026-02-20 11:13:33 DCF Verifier: Block #342 verification passed    
2026-02-20 11:13:33 DCF: Finality advanced from 340 to 341 in epoch 3    
2026-02-20 11:13:33 DCF: Progressive finalization advanced to block 341    
2026-02-20 11:13:33 🏆 Imported #342 (0x0806…120d → 0x6aa3…1443)    
2026-02-20 11:13:34 DCF Finality Sync: Client at block #338, DCF finalized up to #341, syncing...    
2026-02-20 11:13:34 DCF Finality Sync: Sync complete. Client finalized head now at block #341    
2026-02-20 11:13:35 DCF: Finality advanced from 341 to 342 in epoch 3    
2026-02-20 11:13:35 DCF: Progressive finalization advanced to block 342    
2026-02-20 11:13:35 ProposerFactory: Successfully created block #343 with 1 extrinsics    
2026-02-20 11:13:35 DCF: Finality advanced from 341 to 342 in epoch 3    
2026-02-20 11:13:35 DCF: Progressive finalization advanced to block 342    
2026-02-20 11:13:35 🏆 Imported #343 (0x6aa3…1443 → 0xe3e6…7b3c)    
2026-02-20 11:13:37 💤 Idle (2 peers), best: #343 (0xe3e6…7b3c), finalized #341 (0x0806…120d), ⬇ 0.3kiB/s ⬆ 0.5kiB/s    
2026-02-20 11:13:39 DCF Verifier: Block #344 verification passed    
2026-02-20 11:13:39 DCF: Finality advanced from 342 to 343 in epoch 3    
2026-02-20 11:13:39 DCF: Progressive finalization advanced to block 343    
2026-02-20 11:13:39 🏆 Imported #344 (0xe3e6…7b3c → 0x3e6d…fdc5)    
2026-02-20 11:13:40 DCF Verifier: Block #345 verification passed    
2026-02-20 11:13:40 DCF: Finality advanced from 343 to 344 in epoch 3    
2026-02-20 11:13:40 DCF: Progressive finalization advanced to block 344    
2026-02-20 11:13:40 🏆 Imported #345 (0x3e6d…fdc5 → 0x068e…2a1a)    
2026-02-20 11:13:40 DCF: Computed PoI score for validator=88dc3417d5058ec4b4503e0c12ea1a0a89be200fe98922423d4334014fa6b0ee (5FA9nQDV...), score=0, block=345    
2026-02-20 11:13:40 DCF: Computed PoI score for validator=d17c2d7823ebf260fd138f2d7e27d114c0145d968b5ff5006125f2414fadae69 (5GoNkf6W...), score=0, block=345    
2026-02-20 11:13:40 DCF: Computed PoI score for validator=439660b36c6c03afafca027b910b4fecf99801834c62a5e6006f27d978de234f (5DbKjhNL...), score=0, block=345    
2026-02-20 11:13:40 DCF off-chain worker completed computation    
2026-02-20 11:13:40 DCF Finality Sync: Client at block #341, DCF finalized up to #344, syncing...    
2026-02-20 11:13:40 DCF Finality Sync: Sync complete. Client finalized head now at block #344    
2026-02-20 11:13:41 DCF: Finality advanced from 344 to 345 in epoch 3    
2026-02-20 11:13:41 DCF: Progressive finalization advanced to block 345    
2026-02-20 11:13:41 ProposerFactory: Successfully created block #346 with 1 extrinsics    
2026-02-20 11:13:41 DCF: Finality advanced from 344 to 345 in epoch 3    
2026-02-20 11:13:41 DCF: Progressive finalization advanced to block 345    
2026-02-20 11:13:42 🏆 Imported #346 (0x068e…2a1a → 0xbe46…1a24)    
2026-02-20 11:13:42 💤 Idle (2 peers), best: #346 (0xbe46…1a24), finalized #344 (0x3e6d…fdc5), ⬇ 0.3kiB/s ⬆ 0.3kiB/s    
2026-02-20 11:13:45 DCF Verifier: Block #347 verification passed    
2026-02-20 11:13:45 DCF: Finality advanced from 345 to 346 in epoch 3    
2026-02-20 11:13:45 DCF: Progressive finalization advanced to block 346    
2026-02-20 11:13:45 🏆 Imported #347 (0xbe46…1a24 → 0xee7a…6f05)    
2026-02-20 11:13:46 DCF Verifier: Block #348 verification passed    
2026-02-20 11:13:46 DCF: Finality advanced from 346 to 347 in epoch 3    
2026-02-20 11:13:46 DCF: Progressive finalization advanced to block 347    
2026-02-20 11:13:46 🏆 Imported #348 (0xee7a…6f05 → 0x51b5…9d49)    
2026-02-20 11:13:46 DCF Finality Sync: Client at block #344, DCF finalized up to #347, syncing...    
2026-02-20 11:13:46 DCF Finality Sync: Sync complete. Client finalized head now at block #347    
2026-02-20 11:13:47 💤 Idle (2 peers), best: #348 (0x51b5…9d49), finalized #347 (0xee7a…6f05), ⬇ 0.2kiB/s ⬆ 0.2kiB/s    
2026-02-20 11:13:48 DCF: Finality advanced from 347 to 348 in epoch 3    
2026-02-20 11:13:48 DCF: Progressive finalization advanced to block 348    
2026-02-20 11:13:48 ProposerFactory: Successfully created block #349 with 1 extrinsics    
2026-02-20 11:13:48 DCF: Finality advanced from 347 to 348 in epoch 3    
2026-02-20 11:13:48 DCF: Progressive finalization advanced to block 348    
2026-02-20 11:13:48 🏆 Imported #349 (0x51b5…9d49 → 0x1b26…36eb)    
2026-02-20 11:13:51 DCF Verifier: Block #350 verification passed    
2026-02-20 11:13:51 DCF: Finality advanced from 348 to 349 in epoch 3    
2026-02-20 11:13:51 DCF: Progressive finalization advanced to block 349    
2026-02-20 11:13:51 🏆 Imported #350 (0x1b26…36eb → 0x98e5…305d)    
2026-02-20 11:13:51 DCF: Computed PoI score for validator=88dc3417d5058ec4b4503e0c12ea1a0a89be200fe98922423d4334014fa6b0ee (5FA9nQDV...), score=0, block=350    
2026-02-20 11:13:51 DCF: Computed PoI score for validator=d17c2d7823ebf260fd138f2d7e27d114c0145d968b5ff5006125f2414fadae69 (5GoNkf6W...), score=0, block=350    
2026-02-20 11:13:51 DCF: Computed PoI score for validator=439660b36c6c03afafca027b910b4fecf99801834c62a5e6006f27d978de234f (5DbKjhNL...), score=0, block=350    
2026-02-20 11:13:51 DCF off-chain worker completed computation    
2026-02-20 11:13:52 DCF Verifier: Block #351 verification passed    
2026-02-20 11:13:52 DCF: Finality advanced from 349 to 350 in epoch 3    
2026-02-20 11:13:52 DCF: Progressive finalization advanced to block 350    
2026-02-20 11:13:52 🏆 Imported #351 (0x98e5…305d → 0xf59e…5d94)    
2026-02-20 11:13:52 DCF Finality Sync: Client at block #347, DCF finalized up to #350, syncing...    
2026-02-20 11:13:52 DCF Finality Sync: Sync complete. Client finalized head now at block #350    
2026-02-20 11:13:53 💤 Idle (2 peers), best: #351 (0xf59e…5d94), finalized #350 (0x98e5…305d), ⬇ 0.3kiB/s ⬆ 0.3kiB/s    
2026-02-20 11:13:54 DCF: Finality advanced from 350 to 351 in epoch 3    
2026-02-20 11:13:54 DCF: Progressive finalization advanced to block 351    
2026-02-20 11:13:54 ProposerFactory: Successfully created block #352 with 1 extrinsics    
2026-02-20 11:13:54 DCF: Finality advanced from 350 to 351 in epoch 3    
2026-02-20 11:13:54 DCF: Progressive finalization advanced to block 351    
2026-02-20 11:13:54 🏆 Imported #352 (0xf59e…5d94 → 0xa244…25ca)    
2026-02-20 11:13:57 DCF Verifier: Block #353 verification passed    
2026-02-20 11:13:57 DCF: Finality advanced from 351 to 352 in epoch 3    
2026-02-20 11:13:57 DCF: Progressive finalization advanced to block 352    
2026-02-20 11:13:57 🏆 Imported #353 (0xa244…25ca → 0xb465…9ae4)    
2026-02-20 11:13:58 💤 Idle (2 peers), best: #353 (0xb465…9ae4), finalized #350 (0x98e5…305d), ⬇ 0.2kiB/s ⬆ 0.2kiB/s    
2026-02-20 11:13:58 DCF Verifier: Block #354 verification passed    
2026-02-20 11:13:58 DCF: Finality advanced from 352 to 353 in epoch 3    
2026-02-20 11:13:58 DCF: Progressive finalization advanced to block 353    
2026-02-20 11:13:58 🏆 Imported #354 (0xb465…9ae4 → 0x2fde…9603)    
2026-02-20 11:13:58 DCF Finality Sync: Client at block #350, DCF finalized up to #353, syncing...    
2026-02-20 11:13:58 DCF Finality Sync: Sync complete. Client finalized head now at block #353    
2026-02-20 11:14:00 DCF: Finality advanced from 353 to 354 in epoch 3    
2026-02-20 11:14:00 DCF: Progressive finalization advanced to block 354    
2026-02-20 11:14:00 ProposerFactory: Successfully created block #355 with 1 extrinsics    
2026-02-20 11:14:00 DCF: Finality advanced from 353 to 354 in epoch 3    
2026-02-20 11:14:00 DCF: Progressive finalization advanced to block 354    
2026-02-20 11:14:00 DCF: Computed PoI score for validator=88dc3417d5058ec4b4503e0c12ea1a0a89be200fe98922423d4334014fa6b0ee (5FA9nQDV...), score=0, block=355    
2026-02-20 11:14:00 DCF: Computed PoI score for validator=d17c2d7823ebf260fd138f2d7e27d114c0145d968b5ff5006125f2414fadae69 (5GoNkf6W...), score=0, block=355    
2026-02-20 11:14:00 DCF: Computed PoI score for validator=439660b36c6c03afafca027b910b4fecf99801834c62a5e6006f27d978de234f (5DbKjhNL...), score=0, block=355    
2026-02-20 11:14:00 DCF off-chain worker completed computation    
2026-02-20 11:14:00 🏆 Imported #355 (0x2fde…9603 → 0xd261…9551)    
2026-02-20 11:14:03 💤 Idle (2 peers), best: #355 (0xd261…9551), finalized #353 (0xb465…9ae4), ⬇ 0.2kiB/s ⬆ 0.2kiB/s    
2026-02-20 11:14:03 DCF Verifier: Block #356 verification passed    
2026-02-20 11:14:03 DCF: Finality advanced from 354 to 355 in epoch 3    
2026-02-20 11:14:03 DCF: Progressive finalization advanced to block 355    
2026-02-20 11:14:03 🏆 Imported #356 (0xd261…9551 → 0x8c9b…01fd)    
2026-02-20 11:14:04 DCF Verifier: Block #357 verification passed    
2026-02-20 11:14:04 DCF: Finality advanced from 355 to 356 in epoch 3    
2026-02-20 11:14:04 DCF: Progressive finalization advanced to block 356    
2026-02-20 11:14:04 🏆 Imported #357 (0x8c9b…01fd → 0x16a3…70c1)    
2026-02-20 11:14:04 DCF Finality Sync: Client at block #353, DCF finalized up to #356, syncing...    
2026-02-20 11:14:04 DCF Finality Sync: Sync complete. Client finalized head now at block #356    
2026-02-20 11:14:06 DCF: Finality advanced from 356 to 357 in epoch 3    
2026-02-20 11:14:06 DCF: Progressive finalization advanced to block 357    
2026-02-20 11:14:06 ProposerFactory: Successfully created block #358 with 1 extrinsics    
2026-02-20 11:14:06 DCF: Finality advanced from 356 to 357 in epoch 3    
2026-02-20 11:14:06 DCF: Progressive finalization advanced to block 357    
2026-02-20 11:14:06 🏆 Imported #358 (0x16a3…70c1 → 0x35b3…9e21)    
2026-02-20 11:14:08 💤 Idle (2 peers), best: #358 (0x35b3…9e21), finalized #356 (0x8c9b…01fd), ⬇ 0.3kiB/s ⬆ 0.3kiB/s    
2026-02-20 11:14:09 DCF Verifier: Block #359 verification passed    
2026-02-20 11:14:09 DCF: Finality advanced from 357 to 358 in epoch 3    
2026-02-20 11:14:09 DCF: Progressive finalization advanced to block 358    
2026-02-20 11:14:09 🏆 Imported #359 (0x35b3…9e21 → 0x9169…8e5c)    
2026-02-20 11:14:10 DCF Verifier: Block #360 verification passed    
2026-02-20 11:14:10 DCF: Finality advanced from 358 to 359 in epoch 3    
2026-02-20 11:14:10 DCF: Progressive finalization advanced to block 359    
2026-02-20 11:14:10 🏆 Imported #360 (0x9169…8e5c → 0x91bb…ee44)    
2026-02-20 11:14:10 DCF: Computed PoI score for validator=88dc3417d5058ec4b4503e0c12ea1a0a89be200fe98922423d4334014fa6b0ee (5FA9nQDV...), score=0, block=360    
2026-02-20 11:14:10 DCF: Computed PoI score for validator=d17c2d7823ebf260fd138f2d7e27d114c0145d968b5ff5006125f2414fadae69 (5GoNkf6W...), score=0, block=360    
2026-02-20 11:14:10 DCF: Computed PoI score for validator=439660b36c6c03afafca027b910b4fecf99801834c62a5e6006f27d978de234f (5DbKjhNL...), score=0, block=360    
2026-02-20 11:14:10 DCF off-chain worker completed computation    
2026-02-20 11:14:10 DCF Finality Sync: Client at block #356, DCF finalized up to #359, syncing...    
2026-02-20 11:14:10 DCF Finality Sync: Sync complete. Client finalized head now at block #359    
2026-02-20 11:14:12 Producing block #361 with author d17c2d7823ebf260fd138f2d7e27d114c0145d968b5ff5006125f2414fadae69 (5GoNkf6W...)    
2026-02-20 11:14:12 DCF: Finality advanced from 359 to 360 in epoch 3    
2026-02-20 11:14:12 DCF: Progressive finalization advanced to block 360    
2026-02-20 11:14:12 ProposerFactory: Successfully created block #361 with 1 extrinsics    
2026-02-20 11:14:12 DCF: Finality advanced from 359 to 360 in epoch 3    
2026-02-20 11:14:12 DCF: Progressive finalization advanced to block 360    
2026-02-20 11:14:12 🏆 Imported #361 (0x91bb…ee44 → 0xd991…6e1f)    
2026-02-20 11:14:13 💤 Idle (2 peers), best: #361 (0xd991…6e1f), finalized #359 (0x9169…8e5c), ⬇ 0.3kiB/s ⬆ 0.3kiB/s    
2026-02-20 11:14:15 DCF Verifier: Block #362 verification passed    
2026-02-20 11:14:15 DCF: Finality advanced from 360 to 361 in epoch 3    
2026-02-20 11:14:15 DCF: Progressive finalization advanced to block 361    
2026-02-20 11:14:15 🏆 Imported #362 (0xd991…6e1f → 0x3eef…f341)    
2026-02-20 11:14:16 DCF Verifier: Block #363 verification passed    
2026-02-20 11:14:16 DCF: Finality advanced from 361 to 362 in epoch 3    
2026-02-20 11:14:16 DCF: Progressive finalization advanced to block 362    
2026-02-20 11:14:16 🏆 Imported #363 (0x3eef…f341 → 0xc13e…8cee)    
2026-02-20 11:14:16 DCF Finality Sync: Client at block #359, DCF finalized up to #362, syncing...    
2026-02-20 11:14:16 DCF Finality Sync: Sync complete. Client finalized head now at block #362    
2026-02-20 11:14:18 💤 Idle (2 peers), best: #363 (0xc13e…8cee), finalized #362 (0x3eef…f341), ⬇ 0.2kiB/s ⬆ 0.2kiB/s    
2026-02-20 11:14:18 DCF: Finality advanced from 362 to 363 in epoch 3    
2026-02-20 11:14:18 DCF: Progressive finalization advanced to block 363    
2026-02-20 11:14:18 ProposerFactory: Successfully created block #364 with 1 extrinsics    
2026-02-20 11:14:18 DCF: Finality advanced from 362 to 363 in epoch 3    
2026-02-20 11:14:18 DCF: Progressive finalization advanced to block 363    
2026-02-20 11:14:18 🏆 Imported #364 (0xc13e…8cee → 0x841d…2b77)    
2026-02-20 11:14:22 DCF Verifier: Block #365 verification passed    
2026-02-20 11:14:22 DCF: Finality advanced from 363 to 364 in epoch 3    
2026-02-20 11:14:22 DCF: Progressive finalization advanced to block 364    
2026-02-20 11:14:22 🏆 Imported #365 (0x841d…2b77 → 0x33f1…83cc)    
2026-02-20 11:14:22 DCF: Computed PoI score for validator=88dc3417d5058ec4b4503e0c12ea1a0a89be200fe98922423d4334014fa6b0ee (5FA9nQDV...), score=0, block=365    
2026-02-20 11:14:22 DCF: Computed PoI score for validator=d17c2d7823ebf260fd138f2d7e27d114c0145d968b5ff5006125f2414fadae69 (5GoNkf6W...), score=0, block=365    
2026-02-20 11:14:22 DCF: Computed PoI score for validator=439660b36c6c03afafca027b910b4fecf99801834c62a5e6006f27d978de234f (5DbKjhNL...), score=0, block=365    
2026-02-20 11:14:22 DCF off-chain worker completed computation    
2026-02-20 11:14:22 DCF Verifier: Block #366 verification passed    
2026-02-20 11:14:22 DCF: Finality advanced from 364 to 365 in epoch 3    
2026-02-20 11:14:22 DCF: Progressive finalization advanced to block 365    
2026-02-20 11:14:22 🏆 Imported #366 (0x33f1…83cc → 0xbf7e…eb1c)    
2026-02-20 11:14:22 DCF Finality Sync: Client at block #362, DCF finalized up to #365, syncing...    
2026-02-20 11:14:22 DCF Finality Sync: Sync complete. Client finalized head now at block #365    
2026-02-20 11:14:23 💤 Idle (2 peers), best: #366 (0xbf7e…eb1c), finalized #365 (0x33f1…83cc), ⬇ 0.2kiB/s ⬆ 0.3kiB/s    
2026-02-20 11:14:24 DCF: Finality advanced from 365 to 366 in epoch 3    
2026-02-20 11:14:24 DCF: Progressive finalization advanced to block 366    
2026-02-20 11:14:24 ProposerFactory: Successfully created block #367 with 1 extrinsics    
2026-02-20 11:14:24 DCF: Finality advanced from 365 to 366 in epoch 3    
2026-02-20 11:14:24 DCF: Progressive finalization advanced to block 366    
2026-02-20 11:14:24 🏆 Imported #367 (0xbf7e…eb1c → 0x1918…de45)    
2026-02-20 11:14:28 DCF Verifier: Block #368 verification passed    
2026-02-20 11:14:28 DCF: Finality advanced from 366 to 367 in epoch 3    
2026-02-20 11:14:28 DCF: Progressive finalization advanced to block 367    
2026-02-20 11:14:28 🏆 Imported #368 (0x1918…de45 → 0xc6ca…1afe)    
2026-02-20 11:14:28 💤 Idle (2 peers), best: #368 (0xc6ca…1afe), finalized #365 (0x33f1…83cc), ⬇ 0.2kiB/s ⬆ 0.4kiB/s    
2026-02-20 11:14:28 DCF Verifier: Block #369 verification passed    
2026-02-20 11:14:28 DCF: Finality advanced from 367 to 368 in epoch 3    
2026-02-20 11:14:28 DCF: Progressive finalization advanced to block 368    
2026-02-20 11:14:28 🏆 Imported #369 (0xc6ca…1afe → 0x8d67…c9f4)    
2026-02-20 11:14:28 DCF Finality Sync: Client at block #365, DCF finalized up to #368, syncing...    
2026-02-20 11:14:28 DCF Finality Sync: Sync complete. Client finalized head now at block #368    
2026-02-20 11:14:30 DCF: Finality advanced from 368 to 369 in epoch 3    
2026-02-20 11:14:30 DCF: Progressive finalization advanced to block 369    
2026-02-20 11:14:30 ProposerFactory: Successfully created block #370 with 1 extrinsics    
2026-02-20 11:14:30 DCF: Finality advanced from 368 to 369 in epoch 3    
2026-02-20 11:14:30 DCF: Progressive finalization advanced to block 369    
2026-02-20 11:14:30 DCF: Computed PoI score for validator=88dc3417d5058ec4b4503e0c12ea1a0a89be200fe98922423d4334014fa6b0ee (5FA9nQDV...), score=0, block=370    
2026-02-20 11:14:30 DCF: Computed PoI score for validator=d17c2d7823ebf260fd138f2d7e27d114c0145d968b5ff5006125f2414fadae69 (5GoNkf6W...), score=0, block=370    
2026-02-20 11:14:30 DCF: Computed PoI score for validator=439660b36c6c03afafca027b910b4fecf99801834c62a5e6006f27d978de234f (5DbKjhNL...), score=0, block=370    
2026-02-20 11:14:30 DCF off-chain worker completed computation    
2026-02-20 11:14:30 PoS+PoI: Consensus Health - Block: 370, Slot: 130, Validators: 3, Healthy: 3, Avg Score: 100    
2026-02-20 11:14:30 🏆 Imported #370 (0x8d67…c9f4 → 0x454b…06ec)    
2026-02-20 11:14:33 💤 Idle (2 peers), best: #370 (0x454b…06ec), finalized #368 (0xc6ca…1afe), ⬇ 0.5kiB/s ⬆ 0.3kiB/s    
2026-02-20 11:14:34 DCF Verifier: Block #371 verification passed    
2026-02-20 11:14:34 DCF: Finality advanced from 369 to 370 in epoch 3    
2026-02-20 11:14:34 DCF: Progressive finalization advanced to block 370    
2026-02-20 11:14:34 🏆 Imported #371 (0x454b…06ec → 0x5b96…2cbe)    
2026-02-20 11:14:34 DCF Verifier: Block #372 verification passed    
2026-02-20 11:14:34 DCF: Finality advanced from 370 to 371 in epoch 3    
2026-02-20 11:14:34 DCF: Progressive finalization advanced to block 371    
2026-02-20 11:14:34 🏆 Imported #372 (0x5b96…2cbe → 0xa2d7…ce38)    
2026-02-20 11:14:34 DCF Finality Sync: Client at block #368, DCF finalized up to #371, syncing...    
2026-02-20 11:14:34 DCF Finality Sync: Sync complete. Client finalized head now at block #371    
2026-02-20 11:14:36 DCF: Finality advanced from 371 to 372 in epoch 3    
2026-02-20 11:14:36 DCF: Progressive finalization advanced to block 372    
2026-02-20 11:14:36 ProposerFactory: Successfully created block #373 with 1 extrinsics    
2026-02-20 11:14:36 DCF: Finality advanced from 371 to 372 in epoch 3    
2026-02-20 11:14:36 DCF: Progressive finalization advanced to block 372    
2026-02-20 11:14:36 🏆 Imported #373 (0xa2d7…ce38 → 0x7195…42a7)    
2026-02-20 11:14:38 💤 Idle (2 peers), best: #373 (0x7195…42a7), finalized #371 (0x5b96…2cbe), ⬇ 0.4kiB/s ⬆ 0.4kiB/s    
2026-02-20 11:14:40 DCF Verifier: Block #374 verification passed    
2026-02-20 11:14:40 DCF: Finality advanced from 372 to 373 in epoch 3    
2026-02-20 11:14:40 DCF: Progressive finalization advanced to block 373    
2026-02-20 11:14:40 🏆 Imported #374 (0x7195…42a7 → 0x329c…48cc)    
2026-02-20 11:14:40 DCF Verifier: Block #375 verification passed    
2026-02-20 11:14:40 DCF: Finality advanced from 373 to 374 in epoch 3    
2026-02-20 11:14:40 DCF: Progressive finalization advanced to block 374    
2026-02-20 11:14:40 🏆 Imported #375 (0x329c…48cc → 0x6ecf…01f6)    
2026-02-20 11:14:40 DCF: Computed PoI score for validator=88dc3417d5058ec4b4503e0c12ea1a0a89be200fe98922423d4334014fa6b0ee (5FA9nQDV...), score=0, block=375    
2026-02-20 11:14:40 DCF: Computed PoI score for validator=d17c2d7823ebf260fd138f2d7e27d114c0145d968b5ff5006125f2414fadae69 (5GoNkf6W...), score=0, block=375    
2026-02-20 11:14:40 DCF: Computed PoI score for validator=439660b36c6c03afafca027b910b4fecf99801834c62a5e6006f27d978de234f (5DbKjhNL...), score=0, block=375    
2026-02-20 11:14:40 DCF off-chain worker completed computation    
2026-02-20 11:14:41 DCF Finality Sync: Client at block #371, DCF finalized up to #374, syncing...    
2026-02-20 11:14:41 DCF Finality Sync: Sync complete. Client finalized head now at block #374    
2026-02-20 11:14:42 DCF: Finality advanced from 374 to 375 in epoch 3    
2026-02-20 11:14:42 DCF: Progressive finalization advanced to block 375    
2026-02-20 11:14:42 ProposerFactory: Successfully created block #376 with 1 extrinsics    
2026-02-20 11:14:42 DCF: Finality advanced from 374 to 375 in epoch 3    
2026-02-20 11:14:42 DCF: Progressive finalization advanced to block 375    
2026-02-20 11:14:42 🏆 Imported #376 (0x6ecf…01f6 → 0x6d4d…6cde)    
2026-02-20 11:14:43 💤 Idle (2 peers), best: #376 (0x6d4d…6cde), finalized #374 (0x329c…48cc), ⬇ 0.3kiB/s ⬆ 0.3kiB/s    
2026-02-20 11:14:46 DCF Verifier: Block #377 verification passed    
2026-02-20 11:14:46 DCF: Finality advanced from 375 to 376 in epoch 3    
2026-02-20 11:14:46 DCF: Progressive finalization advanced to block 376    
2026-02-20 11:14:46 🏆 Imported #377 (0x6d4d…6cde → 0x2d59…3cbd)    
2026-02-20 11:14:46 DCF Verifier: Block #378 verification passed    
2026-02-20 11:14:46 DCF: Finality advanced from 376 to 377 in epoch 3    
2026-02-20 11:14:46 DCF: Progressive finalization advanced to block 377    
2026-02-20 11:14:46 🏆 Imported #378 (0x2d59…3cbd → 0x87eb…6969)    
2026-02-20 11:14:47 DCF Finality Sync: Client at block #374, DCF finalized up to #377, syncing...    
2026-02-20 11:14:47 DCF Finality Sync: Sync complete. Client finalized head now at block #377    
2026-02-20 11:14:48 💤 Idle (2 peers), best: #378 (0x87eb…6969), finalized #377 (0x2d59…3cbd), ⬇ 0.2kiB/s ⬆ 97 B/s    
2026-02-20 11:14:48 DCF: Finality advanced from 377 to 378 in epoch 3    
2026-02-20 11:14:48 DCF: Progressive finalization advanced to block 378    
2026-02-20 11:14:48 ProposerFactory: Successfully created block #379 with 1 extrinsics    
2026-02-20 11:14:48 DCF: Finality advanced from 377 to 378 in epoch 3    
2026-02-20 11:14:48 DCF: Progressive finalization advanced to block 378    
2026-02-20 11:14:48 🏆 Imported #379 (0x87eb…6969 → 0x5d8e…21c8)    
2026-02-20 11:14:52 DCF Verifier: Block #380 verification passed    
2026-02-20 11:14:52 DCF: Finality advanced from 378 to 379 in epoch 3    
2026-02-20 11:14:52 DCF: Progressive finalization advanced to block 379    
2026-02-20 11:14:52 🏆 Imported #380 (0x5d8e…21c8 → 0x24b1…f8b3)    
2026-02-20 11:14:52 DCF: Computed PoI score for validator=88dc3417d5058ec4b4503e0c12ea1a0a89be200fe98922423d4334014fa6b0ee (5FA9nQDV...), score=0, block=380    
2026-02-20 11:14:52 DCF: Computed PoI score for validator=d17c2d7823ebf260fd138f2d7e27d114c0145d968b5ff5006125f2414fadae69 (5GoNkf6W...), score=0, block=380    
2026-02-20 11:14:52 DCF: Computed PoI score for validator=439660b36c6c03afafca027b910b4fecf99801834c62a5e6006f27d978de234f (5DbKjhNL...), score=0, block=380    
2026-02-20 11:14:52 DCF off-chain worker completed computation    
2026-02-20 11:14:52 DCF Verifier: Block #381 verification passed    
2026-02-20 11:14:52 DCF: Finality advanced from 379 to 380 in epoch 3    
2026-02-20 11:14:52 DCF: Progressive finalization advanced to block 380    
2026-02-20 11:14:52 🏆 Imported #381 (0x24b1…f8b3 → 0xa0b3…3943)    
2026-02-20 11:14:53 DCF Finality Sync: Client at block #377, DCF finalized up to #380, syncing...    
2026-02-20 11:14:53 DCF Finality Sync: Sync complete. Client finalized head now at block #380    
2026-02-20 11:14:53 💤 Idle (2 peers), best: #381 (0xa0b3…3943), finalized #380 (0x24b1…f8b3), ⬇ 0.3kiB/s ⬆ 0.3kiB/s    
2026-02-20 11:14:54 DCF: Finality advanced from 380 to 381 in epoch 3    
2026-02-20 11:14:54 DCF: Progressive finalization advanced to block 381    
2026-02-20 11:14:54 ProposerFactory: Successfully created block #382 with 1 extrinsics    
2026-02-20 11:14:54 DCF: Finality advanced from 380 to 381 in epoch 3    
2026-02-20 11:14:54 DCF: Progressive finalization advanced to block 381    
2026-02-20 11:14:54 🏆 Imported #382 (0xa0b3…3943 → 0x1ade…a6fd)    
2026-02-20 11:14:58 💤 Idle (2 peers), best: #382 (0x1ade…a6fd), finalized #380 (0x24b1…f8b3), ⬇ 69 B/s ⬆ 0.2kiB/s    
2026-02-20 11:14:58 DCF Verifier: Block #383 verification passed    
2026-02-20 11:14:58 DCF: Finality advanced from 381 to 382 in epoch 3    
2026-02-20 11:14:58 DCF: Progressive finalization advanced to block 382    
2026-02-20 11:14:58 🏆 Imported #383 (0x1ade…a6fd → 0x954f…aefc)    
2026-02-20 11:14:58 DCF Verifier: Block #384 verification passed    
2026-02-20 11:14:58 DCF: Finality advanced from 382 to 383 in epoch 3    
2026-02-20 11:14:58 DCF: Progressive finalization advanced to block 383    
2026-02-20 11:14:58 🏆 Imported #384 (0x954f…aefc → 0x4600…ae6b)    
2026-02-20 11:14:59 DCF Finality Sync: Client at block #380, DCF finalized up to #383, syncing...    
2026-02-20 11:14:59 DCF Finality Sync: Sync complete. Client finalized head now at block #383    
2026-02-20 11:15:00 DCF: Finality advanced from 383 to 384 in epoch 3    
2026-02-20 11:15:00 DCF: Progressive finalization advanced to block 384    
2026-02-20 11:15:00 ProposerFactory: Successfully created block #385 with 1 extrinsics    
2026-02-20 11:15:00 DCF: Finality advanced from 383 to 384 in epoch 3    
2026-02-20 11:15:00 DCF: Progressive finalization advanced to block 384    
2026-02-20 11:15:00 DCF: Computed PoI score for validator=88dc3417d5058ec4b4503e0c12ea1a0a89be200fe98922423d4334014fa6b0ee (5FA9nQDV...), score=0, block=385    
2026-02-20 11:15:00 DCF: Computed PoI score for validator=d17c2d7823ebf260fd138f2d7e27d114c0145d968b5ff5006125f2414fadae69 (5GoNkf6W...), score=0, block=385    
2026-02-20 11:15:00 DCF: Computed PoI score for validator=439660b36c6c03afafca027b910b4fecf99801834c62a5e6006f27d978de234f (5DbKjhNL...), score=0, block=385    
2026-02-20 11:15:00 DCF off-chain worker completed computation    
2026-02-20 11:15:00 🏆 Imported #385 (0x4600…ae6b → 0x5ef2…4829)    
2026-02-20 11:15:03 💤 Idle (2 peers), best: #385 (0x5ef2…4829), finalized #383 (0x954f…aefc), ⬇ 0.3kiB/s ⬆ 0.3kiB/s    
2026-02-20 11:15:04 DCF Verifier: Block #386 verification passed    
2026-02-20 11:15:04 DCF: Finality advanced from 384 to 385 in epoch 3    
2026-02-20 11:15:04 DCF: Progressive finalization advanced to block 385    
2026-02-20 11:15:04 🏆 Imported #386 (0x5ef2…4829 → 0x3316…39d9)    
2026-02-20 11:15:05 DCF Verifier: Block #387 verification passed    
2026-02-20 11:15:05 DCF: Finality advanced from 385 to 386 in epoch 3    
2026-02-20 11:15:05 DCF: Progressive finalization advanced to block 386    
2026-02-20 11:15:05 🏆 Imported #387 (0x3316…39d9 → 0xdb18…6a7a)    
2026-02-20 11:15:05 DCF Finality Sync: Client at block #383, DCF finalized up to #386, syncing...    
2026-02-20 11:15:05 DCF Finality Sync: Sync complete. Client finalized head now at block #386    
2026-02-20 11:15:07 DCF: Finality advanced from 386 to 387 in epoch 3    
2026-02-20 11:15:07 DCF: Progressive finalization advanced to block 387    
2026-02-20 11:15:07 ProposerFactory: Successfully created block #388 with 1 extrinsics    
2026-02-20 11:15:07 DCF: Finality advanced from 386 to 387 in epoch 3    
2026-02-20 11:15:07 DCF: Progressive finalization advanced to block 387    
2026-02-20 11:15:07 🏆 Imported #388 (0xdb18…6a7a → 0x1a4d…079b)    
2026-02-20 11:15:08 💤 Idle (2 peers), best: #388 (0x1a4d…079b), finalized #386 (0x3316…39d9), ⬇ 0.3kiB/s ⬆ 0.3kiB/s    
2026-02-20 11:15:10 DCF Verifier: Block #389 verification passed    
2026-02-20 11:15:10 DCF: Finality advanced from 387 to 388 in epoch 3    
2026-02-20 11:15:10 DCF: Progressive finalization advanced to block 388    
2026-02-20 11:15:10 🏆 Imported #389 (0x1a4d…079b → 0xc1c0…09f2)    
2026-02-20 11:15:11 DCF Verifier: Block #390 verification passed    
2026-02-20 11:15:11 DCF: Finality advanced from 388 to 389 in epoch 3    
2026-02-20 11:15:11 DCF: Progressive finalization advanced to block 389    
2026-02-20 11:15:11 🏆 Imported #390 (0xc1c0…09f2 → 0xec48…fd21)    
2026-02-20 11:15:11 DCF: Computed PoI score for validator=88dc3417d5058ec4b4503e0c12ea1a0a89be200fe98922423d4334014fa6b0ee (5FA9nQDV...), score=0, block=390    
2026-02-20 11:15:11 DCF: Computed PoI score for validator=d17c2d7823ebf260fd138f2d7e27d114c0145d968b5ff5006125f2414fadae69 (5GoNkf6W...), score=0, block=390    
2026-02-20 11:15:11 DCF: Computed PoI score for validator=439660b36c6c03afafca027b910b4fecf99801834c62a5e6006f27d978de234f (5DbKjhNL...), score=0, block=390    
2026-02-20 11:15:11 DCF off-chain worker completed computation    
2026-02-20 11:15:11 DCF Finality Sync: Client at block #386, DCF finalized up to #389, syncing...    
2026-02-20 11:15:11 DCF Finality Sync: Sync complete. Client finalized head now at block #389    
2026-02-20 11:15:13 Producing block #391 with author d17c2d7823ebf260fd138f2d7e27d114c0145d968b5ff5006125f2414fadae69 (5GoNkf6W...)    
2026-02-20 11:15:13 DCF: Finality advanced from 389 to 390 in epoch 3    
2026-02-20 11:15:13 DCF: Progressive finalization advanced to block 390    
2026-02-20 11:15:13 ProposerFactory: Successfully created block #391 with 1 extrinsics    
2026-02-20 11:15:13 DCF: Finality advanced from 389 to 390 in epoch 3    
2026-02-20 11:15:13 DCF: Progressive finalization advanced to block 390    
2026-02-20 11:15:13 🏆 Imported #391 (0xec48…fd21 → 0x9ca8…2d9a)    
2026-02-20 11:15:13 💤 Idle (2 peers), best: #391 (0x9ca8…2d9a), finalized #389 (0xc1c0…09f2), ⬇ 0.3kiB/s ⬆ 0.3kiB/s    
2026-02-20 11:15:16 DCF Verifier: Block #392 verification passed    
2026-02-20 11:15:16 DCF: Finality advanced from 390 to 391 in epoch 3    
2026-02-20 11:15:16 DCF: Progressive finalization advanced to block 391    
2026-02-20 11:15:16 🏆 Imported #392 (0x9ca8…2d9a → 0x1239…0963)    
2026-02-20 11:15:17 DCF Verifier: Block #393 verification passed    
2026-02-20 11:15:17 DCF: Finality advanced from 391 to 392 in epoch 3    
2026-02-20 11:15:17 DCF: Progressive finalization advanced to block 392    
2026-02-20 11:15:17 🏆 Imported #393 (0x1239…0963 → 0x6618…c367)    
2026-02-20 11:15:17 DCF Finality Sync: Client at block #389, DCF finalized up to #392, syncing...    
2026-02-20 11:15:17 DCF Finality Sync: Sync complete. Client finalized head now at block #392    
2026-02-20 11:15:18 💤 Idle (2 peers), best: #393 (0x6618…c367), finalized #392 (0x1239…0963), ⬇ 0.2kiB/s ⬆ 0.1kiB/s    
2026-02-20 11:15:19 DCF: Finality advanced from 392 to 393 in epoch 3    
2026-02-20 11:15:19 DCF: Progressive finalization advanced to block 393    
2026-02-20 11:15:19 ProposerFactory: Successfully created block #394 with 1 extrinsics    
2026-02-20 11:15:19 DCF: Finality advanced from 392 to 393 in epoch 3    
2026-02-20 11:15:19 DCF: Progressive finalization advanced to block 393    
2026-02-20 11:15:19 🏆 Imported #394 (0x6618…c367 → 0x5b5b…5d07)    
2026-02-20 11:15:22 DCF Verifier: Block #395 verification passed    
2026-02-20 11:15:22 DCF: Finality advanced from 393 to 394 in epoch 3    
2026-02-20 11:15:22 DCF: Progressive finalization advanced to block 394    
2026-02-20 11:15:22 🏆 Imported #395 (0x5b5b…5d07 → 0x586e…f65f)    
2026-02-20 11:15:22 DCF: Computed PoI score for validator=88dc3417d5058ec4b4503e0c12ea1a0a89be200fe98922423d4334014fa6b0ee (5FA9nQDV...), score=0, block=395    
2026-02-20 11:15:22 DCF: Computed PoI score for validator=d17c2d7823ebf260fd138f2d7e27d114c0145d968b5ff5006125f2414fadae69 (5GoNkf6W...), score=0, block=395    
2026-02-20 11:15:22 DCF: Computed PoI score for validator=439660b36c6c03afafca027b910b4fecf99801834c62a5e6006f27d978de234f (5DbKjhNL...), score=0, block=395    
2026-02-20 11:15:22 DCF off-chain worker completed computation    
2026-02-20 11:15:23 DCF Verifier: Block #396 verification passed    
2026-02-20 11:15:23 DCF: Finality advanced from 394 to 395 in epoch 3    
2026-02-20 11:15:23 DCF: Progressive finalization advanced to block 395    
2026-02-20 11:15:23 🏆 Imported #396 (0x586e…f65f → 0x59f6…ba27)    
2026-02-20 11:15:23 💤 Idle (2 peers), best: #396 (0x59f6…ba27), finalized #392 (0x1239…0963), ⬇ 0.3kiB/s ⬆ 0.3kiB/s    
2026-02-20 11:15:23 DCF Finality Sync: Client at block #392, DCF finalized up to #395, syncing...    
2026-02-20 11:15:23 DCF Finality Sync: Sync complete. Client finalized head now at block #395    
2026-02-20 11:15:25 DCF: Finality advanced from 395 to 396 in epoch 3    
2026-02-20 11:15:25 DCF: Progressive finalization advanced to block 396    
2026-02-20 11:15:25 ProposerFactory: Successfully created block #397 with 1 extrinsics    
2026-02-20 11:15:25 DCF: Finality advanced from 395 to 396 in epoch 3    
2026-02-20 11:15:25 DCF: Progressive finalization advanced to block 396    
2026-02-20 11:15:25 🏆 Imported #397 (0x59f6…ba27 → 0x0457…c784)    
2026-02-20 11:15:27 Block Tracker: Statistics Report    
2026-02-20 11:15:27   Service uptime: 840.941804884s    
2026-02-20 11:15:27   Total blocks tracked: 397    
2026-02-20 11:15:27   Active validators monitored: 3    
2026-02-20 11:15:27   Overall participation rate: 100.00%    
2026-02-20 11:15:27   Total blocks authored: 394    
2026-02-20 11:15:27   Total blocks missed: 0    
2026-02-20 11:15:27   Top performers:    
2026-02-20 11:15:27     439660b36c6c03afafca027b910b4fecf99801834c62a5e6006f27d978de234f (5DbKjhNL...): 100.00% (134/134 blocks)    
2026-02-20 11:15:27     88dc3417d5058ec4b4503e0c12ea1a0a89be200fe98922423d4334014fa6b0ee (5FA9nQDV...): 100.00% (122/122 blocks)    
2026-02-20 11:15:27     d17c2d7823ebf260fd138f2d7e27d114c0145d968b5ff5006125f2414fadae69 (5GoNkf6W...): 100.00% (138/138 blocks)    
2026-02-20 11:15:28 💤 Idle (2 peers), best: #397 (0x0457…c784), finalized #395 (0x586e…f65f), ⬇ 95 B/s ⬆ 0.3kiB/s    
2026-02-20 11:15:29 DCF Verifier: Block #398 verification passed    
2026-02-20 11:15:29 DCF: Finality advanced from 396 to 397 in epoch 3    
2026-02-20 11:15:29 DCF: Progressive finalization advanced to block 397    
2026-02-20 11:15:29 🏆 Imported #398 (0x0457…c784 → 0x0a28…dfb9)    
2026-02-20 11:15:29 DCF Verifier: Block #399 verification passed    
2026-02-20 11:15:29 DCF: Finality advanced from 397 to 398 in epoch 3    
2026-02-20 11:15:29 DCF: Progressive finalization advanced to block 398    
2026-02-20 11:15:29 🏆 Imported #399 (0x0a28…dfb9 → 0xf76d…8a64)    
2026-02-20 11:15:29 DCF Finality Sync: Client at block #395, DCF finalized up to #398, syncing...    
2026-02-20 11:15:29 DCF Finality Sync: Sync complete. Client finalized head now at block #398    
2026-02-20 11:15:31 DCF: Finality advanced from 398 to 399 in epoch 3    
2026-02-20 11:15:31 DCF: Progressive finalization advanced to block 399    
2026-02-20 11:15:31 Failed to emit EVM-compatible event: ContainsNullBytes    
2026-02-20 11:15:31 Failed to emit EVM-compatible event: ContainsNullBytes    
2026-02-20 11:15:31 Failed to emit EVM-compatible event: ContainsNullBytes    
2026-02-20 11:15:31 DCF: Score aggregation completed - updated 3 validators    
2026-02-20 11:15:31 DCF: Performance analysis - 0 high performers, 0 low performers    
2026-02-20 11:15:31 DCF: Governance proposal generation completed    
2026-02-20 11:15:31 DCF: Epoch proposal generation completed    
2026-02-20 11:15:31 DCF: Processed 0 epoch proposals    
2026-02-20 11:15:31 DCF: Auto epoch transition 3 -> 4 (standard mode) - 3 active validators    
2026-02-20 11:15:31 Failed to emit EVM-compatible event: ContainsNullBytes    
2026-02-20 11:15:31 DCF: Deterministic epoch transition completed for epoch 4 at block 400 with 100 authors    
2026-02-20 11:15:31 DCF: Epoch finalization already at 399 (>= 399), no advancement needed    
2026-02-20 11:15:31 DCF: Epoch transition completed: 3 -> 4    
2026-02-20 11:15:31 DCF Health: epoch=4, validators=3/3, avg_score=32    
2026-02-20 11:15:31 DCF: Epoch metrics updated at block 400    
2026-02-20 11:15:31 ProposerFactory: Successfully created block #400 with 1 extrinsics    
2026-02-20 11:15:31 DCF: Finality advanced from 398 to 399 in epoch 3    
2026-02-20 11:15:31 DCF: Progressive finalization advanced to block 399    
2026-02-20 11:15:31 Failed to emit EVM-compatible event: ContainsNullBytes    
2026-02-20 11:15:31 Failed to emit EVM-compatible event: ContainsNullBytes    
2026-02-20 11:15:31 Failed to emit EVM-compatible event: ContainsNullBytes    
2026-02-20 11:15:31 DCF: Score aggregation completed - updated 3 validators    
2026-02-20 11:15:31 DCF: Performance analysis - 0 high performers, 0 low performers    
2026-02-20 11:15:31 DCF: Governance proposal generation completed    
2026-02-20 11:15:31 DCF: Epoch proposal generation completed    
2026-02-20 11:15:31 DCF: Processed 0 epoch proposals    
2026-02-20 11:15:31 DCF: Auto epoch transition 3 -> 4 (standard mode) - 3 active validators    
2026-02-20 11:15:31 Failed to emit EVM-compatible event: ContainsNullBytes    
2026-02-20 11:15:31 DCF: Deterministic epoch transition completed for epoch 4 at block 400 with 100 authors    
2026-02-20 11:15:31 DCF: Epoch finalization already at 399 (>= 399), no advancement needed    
2026-02-20 11:15:31 DCF: Epoch transition completed: 3 -> 4    
2026-02-20 11:15:31 DCF Health: epoch=4, validators=3/3, avg_score=32    
2026-02-20 11:15:31 DCF: Epoch metrics updated at block 400    
2026-02-20 11:15:31 DCF: Computed PoI score for validator=88dc3417d5058ec4b4503e0c12ea1a0a89be200fe98922423d4334014fa6b0ee (5FA9nQDV...), score=0, block=400    
2026-02-20 11:15:31 DCF: Computed PoI score for validator=d17c2d7823ebf260fd138f2d7e27d114c0145d968b5ff5006125f2414fadae69 (5GoNkf6W...), score=0, block=400    
2026-02-20 11:15:31 DCF: Computed PoI score for validator=439660b36c6c03afafca027b910b4fecf99801834c62a5e6006f27d978de234f (5DbKjhNL...), score=0, block=400    
2026-02-20 11:15:31 DCF off-chain worker completed computation    
2026-02-20 11:15:31 PoS+PoI: Consensus Health - Block: 400, Slot: 140, Validators: 3, Healthy: 0, Avg Score: 32    
2026-02-20 11:15:31 DCF: Detected epoch boundary at block 400 - triggering transition check    
2026-02-20 11:15:31 DCF: Auto-detected epoch transition needed at block 400 (epoch 3 -> 4)    
2026-02-20 11:15:31 DCF: Confirmed epoch transition 3 -> 4 at block 400    
2026-02-20 11:15:31 DCF: Performing post-transition maintenance for epoch 4    
2026-02-20 11:15:31 DCF: New epoch 4 has 3 active validators    
2026-02-20 11:15:31 DCF: Top validators for epoch 4:    
2026-02-20 11:15:31   1. 88dc3417d5058ec4b4503e0c12ea1a0a89be200fe98922423d4334014fa6b0ee (5FA9nQDV...) - Combined: 32, PoS: 0, PoI: 80    
2026-02-20 11:15:31   2. d17c2d7823ebf260fd138f2d7e27d114c0145d968b5ff5006125f2414fadae69 (5GoNkf6W...) - Combined: 32, PoS: 0, PoI: 80    
2026-02-20 11:15:31   3. 439660b36c6c03afafca027b910b4fecf99801834c62a5e6006f27d978de234f (5DbKjhNL...) - Combined: 32, PoS: 0, PoI: 80    
2026-02-20 11:15:31 DCF: Generating validator management proposals for epoch 4    
2026-02-20 11:15:31 DCF: Analyzing validator performance for epoch 4 proposals    
2026-02-20 11:15:31 DCF: Found 3 underperforming validators for epoch 4    
2026-02-20 11:15:31   - 88dc3417d5058ec4b4503e0c12ea1a0a89be200fe98922423d4334014fa6b0ee (5FA9nQDV...): Combined=32, PoS=0, PoI=80    
2026-02-20 11:15:31   - d17c2d7823ebf260fd138f2d7e27d114c0145d968b5ff5006125f2414fadae69 (5GoNkf6W...): Combined=32, PoS=0, PoI=80    
2026-02-20 11:15:31   - 439660b36c6c03afafca027b910b4fecf99801834c62a5e6006f27d978de234f (5DbKjhNL...): Combined=32, PoS=0, PoI=80    
2026-02-20 11:15:31 🏆 Imported #400 (0xf76d…8a64 → 0xf566…c4a9)    
2026-02-20 11:15:33 💤 Idle (2 peers), best: #400 (0xf566…c4a9), finalized #398 (0x0a28…dfb9), ⬇ 0.6kiB/s ⬆ 0.4kiB/s    
2026-02-20 11:15:35 DCF Verifier: Block #401 verification passed    
2026-02-20 11:15:35 DCF: Finality advanced from 399 to 400 in epoch 4    
2026-02-20 11:15:35 DCF: Progressive finalization advanced to block 400    
2026-02-20 11:15:35 🏆 Imported #401 (0xf566…c4a9 → 0x4358…b39f)    
2026-02-20 11:15:35 DCF Verifier: Block #402 verification passed    
2026-02-20 11:15:35 DCF: Finality advanced from 400 to 401 in epoch 4    
2026-02-20 11:15:35 DCF: Progressive finalization advanced to block 401    
2026-02-20 11:15:35 🏆 Imported #402 (0x4358…b39f → 0x1485…dbb8)    
2026-02-20 11:15:35 DCF Finality Sync: Client at block #398, DCF finalized up to #401, syncing...    
2026-02-20 11:15:35 DCF Finality Sync: Sync complete. Client finalized head now at block #401    
2026-02-20 11:15:37 DCF: Finality advanced from 401 to 402 in epoch 4    
2026-02-20 11:15:37 DCF: Progressive finalization advanced to block 402    
2026-02-20 11:15:37 ProposerFactory: Successfully created block #403 with 1 extrinsics    
2026-02-20 11:15:37 DCF: Finality advanced from 401 to 402 in epoch 4    
2026-02-20 11:15:37 DCF: Progressive finalization advanced to block 402    
2026-02-20 11:15:37 🏆 Imported #403 (0x1485…dbb8 → 0x861c…1108)    
2026-02-20 11:15:38 💤 Idle (2 peers), best: #403 (0x861c…1108), finalized #401 (0x4358…b39f), ⬇ 0.4kiB/s ⬆ 0.4kiB/s    
2026-02-20 11:15:41 DCF Verifier: Block #404 verification passed    
2026-02-20 11:15:41 DCF: Finality advanced from 402 to 403 in epoch 4    
2026-02-20 11:15:41 DCF: Progressive finalization advanced to block 403    
2026-02-20 11:15:41 🏆 Imported #404 (0x861c…1108 → 0xe90a…d6d0)    
2026-02-20 11:15:41 DCF Verifier: Block #405 verification passed    
2026-02-20 11:15:41 DCF: Finality advanced from 403 to 404 in epoch 4    
2026-02-20 11:15:41 DCF: Progressive finalization advanced to block 404    
2026-02-20 11:15:41 🏆 Imported #405 (0xe90a…d6d0 → 0x6f5a…1ade)    
2026-02-20 11:15:41 DCF: Computed PoI score for validator=88dc3417d5058ec4b4503e0c12ea1a0a89be200fe98922423d4334014fa6b0ee (5FA9nQDV...), score=0, block=405    
2026-02-20 11:15:41 DCF: Computed PoI score for validator=d17c2d7823ebf260fd138f2d7e27d114c0145d968b5ff5006125f2414fadae69 (5GoNkf6W...), score=0, block=405    
2026-02-20 11:15:41 DCF: Computed PoI score for validator=439660b36c6c03afafca027b910b4fecf99801834c62a5e6006f27d978de234f (5DbKjhNL...), score=0, block=405    
2026-02-20 11:15:41 DCF off-chain worker completed computation    
2026-02-20 11:15:41 DCF Finality Sync: Client at block #401, DCF finalized up to #404, syncing...    
2026-02-20 11:15:41 DCF Finality Sync: Sync complete. Client finalized head now at block #404    
2026-02-20 11:15:43 💤 Idle (2 peers), best: #405 (0x6f5a…1ade), finalized #404 (0xe90a…d6d0), ⬇ 0.2kiB/s ⬆ 0.1kiB/s    
2026-02-20 11:15:43 DCF: Finality advanced from 404 to 405 in epoch 4    
2026-02-20 11:15:43 DCF: Progressive finalization advanced to block 405    
2026-02-20 11:15:43 ProposerFactory: Successfully created block #406 with 1 extrinsics    
2026-02-20 11:15:43 DCF: Finality advanced from 404 to 405 in epoch 4    
2026-02-20 11:15:43 DCF: Progressive finalization advanced to block 405    
2026-02-20 11:15:43 🏆 Imported #406 (0x6f5a…1ade → 0xd1fa…4bbc)    
2026-02-20 11:15:47 DCF Verifier: Block #407 verification passed    
2026-02-20 11:15:47 DCF: Finality advanced from 405 to 406 in epoch 4    
2026-02-20 11:15:47 DCF: Progressive finalization advanced to block 406    
2026-02-20 11:15:47 🏆 Imported #407 (0xd1fa…4bbc → 0xc4c3…05ff)    
2026-02-20 11:15:47 DCF Finality Sync: Client at block #404, DCF finalized up to #406, syncing...    
2026-02-20 11:15:47 DCF Finality Sync: Sync complete. Client finalized head now at block #406    
2026-02-20 11:15:47 DCF Verifier: Block #408 verification passed    
2026-02-20 11:15:47 DCF: Finality advanced from 406 to 407 in epoch 4    
2026-02-20 11:15:47 DCF: Progressive finalization advanced to block 407    
2026-02-20 11:15:47 🏆 Imported #408 (0xc4c3…05ff → 0x193c…054c)    
2026-02-20 11:15:48 💤 Idle (2 peers), best: #408 (0x193c…054c), finalized #406 (0xd1fa…4bbc), ⬇ 0.3kiB/s ⬆ 0.3kiB/s    
2026-02-20 11:15:49 DCF: Finality advanced from 407 to 408 in epoch 4    
2026-02-20 11:15:49 DCF: Progressive finalization advanced to block 408    
2026-02-20 11:15:49 ProposerFactory: Successfully created block #409 with 1 extrinsics    
2026-02-20 11:15:49 DCF: Finality advanced from 407 to 408 in epoch 4    
2026-02-20 11:15:49 DCF: Progressive finalization advanced to block 408    
2026-02-20 11:15:49 🏆 Imported #409 (0x193c…054c → 0xc9f6…6cfd)    
2026-02-20 11:15:53 DCF Finality Sync: Client at block #406, DCF finalized up to #408, syncing...    
2026-02-20 11:15:53 DCF Finality Sync: Sync complete. Client finalized head now at block #408    
2026-02-20 11:15:53 💤 Idle (2 peers), best: #409 (0xc9f6…6cfd), finalized #408 (0x193c…054c), ⬇ 56 B/s ⬆ 0.2kiB/s    
2026-02-20 11:15:53 DCF Verifier: Block #410 verification passed    
2026-02-20 11:15:53 DCF: Finality advanced from 408 to 409 in epoch 4    
2026-02-20 11:15:53 DCF: Progressive finalization advanced to block 409    
2026-02-20 11:15:53 🏆 Imported #410 (0xc9f6…6cfd → 0x7255…3bae)    
2026-02-20 11:15:53 DCF: Computed PoI score for validator=88dc3417d5058ec4b4503e0c12ea1a0a89be200fe98922423d4334014fa6b0ee (5FA9nQDV...), score=0, block=410    
2026-02-20 11:15:53 DCF: Computed PoI score for validator=d17c2d7823ebf260fd138f2d7e27d114c0145d968b5ff5006125f2414fadae69 (5GoNkf6W...), score=0, block=410    
2026-02-20 11:15:53 DCF: Computed PoI score for validator=439660b36c6c03afafca027b910b4fecf99801834c62a5e6006f27d978de234f (5DbKjhNL...), score=0, block=410    
2026-02-20 11:15:53 DCF off-chain worker completed computation    
2026-02-20 11:15:53 DCF Verifier: Block #411 verification passed    
2026-02-20 11:15:53 DCF: Finality advanced from 409 to 410 in epoch 4    
2026-02-20 11:15:53 DCF: Progressive finalization advanced to block 410    
2026-02-20 11:15:53 🏆 Imported #411 (0x7255…3bae → 0xba70…ca30)    
2026-02-20 11:15:55 DCF: Finality advanced from 410 to 411 in epoch 4    
2026-02-20 11:15:55 DCF: Progressive finalization advanced to block 411    
2026-02-20 11:15:55 ProposerFactory: Successfully created block #412 with 1 extrinsics    
2026-02-20 11:15:55 DCF: Finality advanced from 410 to 411 in epoch 4    
2026-02-20 11:15:55 DCF: Progressive finalization advanced to block 411    
2026-02-20 11:15:55 🏆 Imported #412 (0xba70…ca30 → 0x7daf…65f4)    
2026-02-20 11:15:58 💤 Idle (2 peers), best: #412 (0x7daf…65f4), finalized #408 (0x193c…054c), ⬇ 0.3kiB/s ⬆ 0.3kiB/s    
2026-02-20 11:15:59 DCF Finality Sync: Client at block #408, DCF finalized up to #411, syncing...    
2026-02-20 11:15:59 DCF Finality Sync: Sync complete. Client finalized head now at block #411    
2026-02-20 11:15:59 DCF Verifier: Block #413 verification passed    
2026-02-20 11:15:59 DCF: Finality advanced from 411 to 412 in epoch 4    
2026-02-20 11:15:59 DCF: Progressive finalization advanced to block 412    
2026-02-20 11:15:59 🏆 Imported #413 (0x7daf…65f4 → 0xbb28…91f8)    
2026-02-20 11:15:59 DCF Verifier: Block #414 verification passed    
2026-02-20 11:15:59 DCF: Finality advanced from 412 to 413 in epoch 4    
2026-02-20 11:15:59 DCF: Progressive finalization advanced to block 413    
2026-02-20 11:15:59 🏆 Imported #414 (0xbb28…91f8 → 0x80e6…52fa)    
2026-02-20 11:16:01 DCF: Finality advanced from 413 to 414 in epoch 4    
2026-02-20 11:16:01 DCF: Progressive finalization advanced to block 414    
2026-02-20 11:16:01 ProposerFactory: Successfully created block #415 with 1 extrinsics    
2026-02-20 11:16:01 DCF: Finality advanced from 413 to 414 in epoch 4    
2026-02-20 11:16:01 DCF: Progressive finalization advanced to block 414    
2026-02-20 11:16:01 DCF: Computed PoI score for validator=88dc3417d5058ec4b4503e0c12ea1a0a89be200fe98922423d4334014fa6b0ee (5FA9nQDV...), score=0, block=415    
2026-02-20 11:16:01 DCF: Computed PoI score for validator=d17c2d7823ebf260fd138f2d7e27d114c0145d968b5ff5006125f2414fadae69 (5GoNkf6W...), score=0, block=415    
2026-02-20 11:16:01 DCF: Computed PoI score for validator=439660b36c6c03afafca027b910b4fecf99801834c62a5e6006f27d978de234f (5DbKjhNL...), score=0, block=415    
2026-02-20 11:16:01 DCF off-chain worker completed computation    
2026-02-20 11:16:01 🏆 Imported #415 (0x80e6…52fa → 0xa7a1…9d1b)    
2026-02-20 11:16:03 💤 Idle (2 peers), best: #415 (0xa7a1…9d1b), finalized #411 (0xba70…ca30), ⬇ 0.3kiB/s ⬆ 0.3kiB/s    
2026-02-20 11:16:05 DCF Finality Sync: Client at block #411, DCF finalized up to #414, syncing...    
2026-02-20 11:16:05 DCF Finality Sync: Sync complete. Client finalized head now at block #414    
2026-02-20 11:16:05 DCF Verifier: Block #416 verification passed    
2026-02-20 11:16:05 DCF: Finality advanced from 414 to 415 in epoch 4    
2026-02-20 11:16:05 DCF: Progressive finalization advanced to block 415    
2026-02-20 11:16:05 🏆 Imported #416 (0xa7a1…9d1b → 0x6494…d2db)    
2026-02-20 11:16:05 💔 Verification failed for block 0x146e13dd0f34a0ba319d6e4e2f6b515728f2b88e074e45d5446298674ba64d3e received from (12D3KooWHy4zqcf2khvT7FmPAyBmbPQ84VhCQZCbbpwfWS1jY4bm): "Block author mismatch: expected Some(88dc3417d5058ec4b4503e0c12ea1a0a89be200fe98922423d4334014fa6b0ee (5FA9nQDV...)), got d17c2d7823ebf260fd138f2d7e27d114c0145d968b5ff5006125f2414fadae69 (5GoNkf6W...) for block 417"    
2026-02-20 11:16:07 DCF: Finality advanced from 415 to 416 in epoch 4    
2026-02-20 11:16:07 DCF: Progressive finalization advanced to block 416    
2026-02-20 11:16:07 ProposerFactory: Successfully created block #417 with 1 extrinsics    
2026-02-20 11:16:07 DCF: Finality advanced from 415 to 416 in epoch 4    
2026-02-20 11:16:07 DCF: Progressive finalization advanced to block 416    
2026-02-20 11:16:07 🏆 Imported #417 (0x6494…d2db → 0x64fe…7ffd)    
2026-02-20 11:16:08 💤 Idle (2 peers), best: #417 (0x64fe…7ffd), finalized #414 (0x80e6…52fa), ⬇ 0.5kiB/s ⬆ 0.4kiB/s    
2026-02-20 11:16:11 DCF Finality Sync: Client at block #414, DCF finalized up to #416, syncing...    
2026-02-20 11:16:11 DCF Finality Sync: Sync complete. Client finalized head now at block #416    
2026-02-20 11:16:11 DCF Verifier: Block #418 verification passed    
2026-02-20 11:16:11 DCF: Finality advanced from 416 to 417 in epoch 4    
2026-02-20 11:16:11 DCF: Progressive finalization advanced to block 417    
2026-02-20 11:16:11 🏆 Imported #418 (0x64fe…7ffd → 0x96e2…f74a)    
2026-02-20 11:16:13 💤 Idle (2 peers), best: #418 (0x96e2…f74a), finalized #416 (0x6494…d2db), ⬇ 0.1kiB/s ⬆ 69 B/s    
2026-02-20 11:16:13 DCF: Finality advanced from 417 to 418 in epoch 4    
2026-02-20 11:16:13 DCF: Progressive finalization advanced to block 418    
2026-02-20 11:16:13 ProposerFactory: Successfully created block #419 with 1 extrinsics    
2026-02-20 11:16:13 DCF: Finality advanced from 417 to 418 in epoch 4    
2026-02-20 11:16:13 DCF: Progressive finalization advanced to block 418    
2026-02-20 11:16:13 🏆 Imported #419 (0x96e2…f74a → 0x23fc…92a5)    
2026-02-20 11:16:17 DCF Finality Sync: Client at block #416, DCF finalized up to #418, syncing...    
2026-02-20 11:16:17 DCF Finality Sync: Sync complete. Client finalized head now at block #418    
2026-02-20 11:16:17 DCF Verifier: Block #420 verification passed    
2026-02-20 11:16:17 DCF: Finality advanced from 418 to 419 in epoch 4    
2026-02-20 11:16:17 DCF: Progressive finalization advanced to block 419    
2026-02-20 11:16:17 🏆 Imported #420 (0x23fc…92a5 → 0xb141…e17c)    
2026-02-20 11:16:17 DCF: Computed PoI score for validator=88dc3417d5058ec4b4503e0c12ea1a0a89be200fe98922423d4334014fa6b0ee (5FA9nQDV...), score=0, block=420    
2026-02-20 11:16:17 DCF: Computed PoI score for validator=d17c2d7823ebf260fd138f2d7e27d114c0145d968b5ff5006125f2414fadae69 (5GoNkf6W...), score=0, block=420    
2026-02-20 11:16:17 DCF: Computed PoI score for validator=439660b36c6c03afafca027b910b4fecf99801834c62a5e6006f27d978de234f (5DbKjhNL...), score=0, block=420    
2026-02-20 11:16:17 DCF off-chain worker completed computation    
2026-02-20 11:16:18 💤 Idle (2 peers), best: #420 (0xb141…e17c), finalized #418 (0x96e2…f74a), ⬇ 0.2kiB/s ⬆ 0.2kiB/s    
2026-02-20 11:16:19 Producing block #421 with author d17c2d7823ebf260fd138f2d7e27d114c0145d968b5ff5006125f2414fadae69 (5GoNkf6W...)    
2026-02-20 11:16:19 DCF: Finality advanced from 419 to 420 in epoch 4    
2026-02-20 11:16:19 DCF: Progressive finalization advanced to block 420    
2026-02-20 11:16:19 ProposerFactory: Successfully created block #421 with 1 extrinsics    
2026-02-20 11:16:19 DCF: Finality advanced from 419 to 420 in epoch 4    
2026-02-20 11:16:19 DCF: Progressive finalization advanced to block 420    
2026-02-20 11:16:19 🏆 Imported #421 (0xb141…e17c → 0x048c…24df)    
2026-02-20 11:16:23 💤 Idle (2 peers), best: #421 (0x048c…24df), finalized #418 (0x96e2…f74a), ⬇ 56 B/s ⬆ 0.2kiB/s    
2026-02-20 11:16:23 DCF Finality Sync: Client at block #418, DCF finalized up to #420, syncing...    
2026-02-20 11:16:23 DCF Finality Sync: Sync complete. Client finalized head now at block #420    
2026-02-20 11:16:23 DCF Verifier: Block #422 verification passed    
2026-02-20 11:16:23 DCF: Finality advanced from 420 to 421 in epoch 4    
2026-02-20 11:16:23 DCF: Progressive finalization advanced to block 421    
2026-02-20 11:16:23 🏆 Imported #422 (0x048c…24df → 0x06c1…2779)    
2026-02-20 11:16:25 DCF: Finality advanced from 421 to 422 in epoch 4    
2026-02-20 11:16:25 DCF: Progressive finalization advanced to block 422    
2026-02-20 11:16:25 ProposerFactory: Successfully created block #423 with 1 extrinsics    
2026-02-20 11:16:25 DCF: Finality advanced from 421 to 422 in epoch 4    
2026-02-20 11:16:25 DCF: Progressive finalization advanced to block 422    
2026-02-20 11:16:25 🏆 Imported #423 (0x06c1…2779 → 0x65a7…8307)    
2026-02-20 11:16:28 💤 Idle (2 peers), best: #423 (0x65a7…8307), finalized #420 (0xb141…e17c), ⬇ 0.4kiB/s ⬆ 0.5kiB/s    
2026-02-20 11:16:29 DCF Finality Sync: Client at block #420, DCF finalized up to #422, syncing...    
2026-02-20 11:16:29 DCF Finality Sync: Sync complete. Client finalized head now at block #422    
2026-02-20 11:16:29 DCF Verifier: Block #424 verification passed    
2026-02-20 11:16:29 DCF: Finality advanced from 422 to 423 in epoch 4    
2026-02-20 11:16:29 DCF: Progressive finalization advanced to block 423    
2026-02-20 11:16:29 🏆 Imported #424 (0x65a7…8307 → 0x6514…2190)    
2026-02-20 11:16:31 DCF: Finality advanced from 423 to 424 in epoch 4    
2026-02-20 11:16:31 DCF: Progressive finalization advanced to block 424    
2026-02-20 11:16:31 ProposerFactory: Successfully created block #425 with 1 extrinsics    
2026-02-20 11:16:31 DCF: Finality advanced from 423 to 424 in epoch 4    
2026-02-20 11:16:31 DCF: Progressive finalization advanced to block 424    
2026-02-20 11:16:31 DCF: Computed PoI score for validator=88dc3417d5058ec4b4503e0c12ea1a0a89be200fe98922423d4334014fa6b0ee (5FA9nQDV...), score=0, block=425    
2026-02-20 11:16:31 DCF: Computed PoI score for validator=d17c2d7823ebf260fd138f2d7e27d114c0145d968b5ff5006125f2414fadae69 (5GoNkf6W...), score=0, block=425    
2026-02-20 11:16:31 DCF: Computed PoI score for validator=439660b36c6c03afafca027b910b4fecf99801834c62a5e6006f27d978de234f (5DbKjhNL...), score=0, block=425    
2026-02-20 11:16:31 DCF off-chain worker completed computation    
2026-02-20 11:16:31 DCF: Refreshed scores for 3 validators    
2026-02-20 11:16:31 🏆 Imported #425 (0x6514…2190 → 0xd15b…99f7)    
2026-02-20 11:16:32 DCF: Refreshed scores for 3 validators    
2026-02-20 11:16:33 💤 Idle (2 peers), best: #425 (0xd15b…99f7), finalized #422 (0x06c1…2779), ⬇ 1.7kiB/s ⬆ 1.3kiB/s    
2026-02-20 11:16:33 DCF: Refreshed scores for 3 validators    
2026-02-20 11:16:34 DCF: Refreshed scores for 3 validators    
2026-02-20 11:16:35 DCF Finality Sync: Client at block #422, DCF finalized up to #424, syncing...    
2026-02-20 11:16:35 DCF Finality Sync: Sync complete. Client finalized head now at block #424    
2026-02-20 11:16:35 DCF Verifier: Block #426 verification passed    
2026-02-20 11:16:35 DCF: Finality advanced from 424 to 425 in epoch 4    
2026-02-20 11:16:35 DCF: Progressive finalization advanced to block 425    
2026-02-20 11:16:35 🏆 Imported #426 (0xd15b…99f7 → 0x3ed8…b7a5)    
2026-02-20 11:16:35 DCF: Refreshed scores for 3 validators    
2026-02-20 11:16:36 DCF: Refreshed scores for 3 validators    
2026-02-20 11:16:37 DCF: Finality advanced from 425 to 426 in epoch 4    
2026-02-20 11:16:37 DCF: Progressive finalization advanced to block 426    
2026-02-20 11:16:37 ProposerFactory: Successfully created block #427 with 1 extrinsics    
2026-02-20 11:16:37 DCF: Finality advanced from 425 to 426 in epoch 4    
2026-02-20 11:16:37 DCF: Progressive finalization advanced to block 426    
2026-02-20 11:16:37 🏆 Imported #427 (0x3ed8…b7a5 → 0x8008…ab07)    
2026-02-20 11:16:38 💤 Idle (2 peers), best: #427 (0x8008…ab07), finalized #424 (0x6514…2190), ⬇ 0.2kiB/s ⬆ 0.3kiB/s    
2026-02-20 11:16:41 DCF Finality Sync: Client at block #424, DCF finalized up to #426, syncing...    
2026-02-20 11:16:41 DCF Finality Sync: Sync complete. Client finalized head now at block #426    
2026-02-20 11:16:41 DCF Verifier: Block #428 verification passed    
2026-02-20 11:16:41 DCF: Finality advanced from 426 to 427 in epoch 4    
2026-02-20 11:16:41 DCF: Progressive finalization advanced to block 427    
2026-02-20 11:16:41 🏆 Imported #428 (0x8008…ab07 → 0x8e30…8fad)    
2026-02-20 11:16:43 💤 Idle (2 peers), best: #428 (0x8e30…8fad), finalized #426 (0x3ed8…b7a5), ⬇ 0.2kiB/s ⬆ 69 B/s    
2026-02-20 11:16:44 DCF: Finality advanced from 427 to 428 in epoch 4    
2026-02-20 11:16:44 DCF: Progressive finalization advanced to block 428    
2026-02-20 11:16:44 ProposerFactory: Successfully created block #429 with 1 extrinsics    
2026-02-20 11:16:44 DCF: Finality advanced from 427 to 428 in epoch 4    
2026-02-20 11:16:44 DCF: Progressive finalization advanced to block 428    
2026-02-20 11:16:44 🏆 Imported #429 (0x8e30…8fad → 0x19a6…2000)    
2026-02-20 11:16:47 DCF Finality Sync: Client at block #426, DCF finalized up to #428, syncing...    
2026-02-20 11:16:47 DCF Finality Sync: Sync complete. Client finalized head now at block #428    
2026-02-20 11:16:47 DCF Verifier: Block #430 verification passed    
2026-02-20 11:16:47 DCF: Finality advanced from 428 to 429 in epoch 4    
2026-02-20 11:16:47 DCF: Progressive finalization advanced to block 429    
2026-02-20 11:16:47 🏆 Imported #430 (0x19a6…2000 → 0xfcb8…4ca7)    
2026-02-20 11:16:47 DCF: Computed PoI score for validator=88dc3417d5058ec4b4503e0c12ea1a0a89be200fe98922423d4334014fa6b0ee (5FA9nQDV...), score=0, block=430    
2026-02-20 11:16:47 DCF: Computed PoI score for validator=d17c2d7823ebf260fd138f2d7e27d114c0145d968b5ff5006125f2414fadae69 (5GoNkf6W...), score=0, block=430    
2026-02-20 11:16:47 DCF: Computed PoI score for validator=439660b36c6c03afafca027b910b4fecf99801834c62a5e6006f27d978de234f (5DbKjhNL...), score=0, block=430    
2026-02-20 11:16:47 DCF off-chain worker completed computation    
2026-02-20 11:16:48 💤 Idle (2 peers), best: #430 (0xfcb8…4ca7), finalized #428 (0x8e30…8fad), ⬇ 0.2kiB/s ⬆ 0.2kiB/s    
2026-02-20 11:16:50 Producing block #431 with author 88dc3417d5058ec4b4503e0c12ea1a0a89be200fe98922423d4334014fa6b0ee (5FA9nQDV...)    
2026-02-20 11:16:50 DCF: Finality advanced from 429 to 430 in epoch 4    
2026-02-20 11:16:50 DCF: Progressive finalization advanced to block 430    
2026-02-20 11:16:50 ProposerFactory: Successfully created block #431 with 1 extrinsics    
2026-02-20 11:16:50 DCF: Finality advanced from 429 to 430 in epoch 4    
2026-02-20 11:16:50 DCF: Progressive finalization advanced to block 430    
2026-02-20 11:16:50 🏆 Imported #431 (0xfcb8…4ca7 → 0x5dde…7ae3)    
2026-02-20 11:16:53 DCF Finality Sync: Client at block #428, DCF finalized up to #430, syncing...    
2026-02-20 11:16:53 DCF Finality Sync: Sync complete. Client finalized head now at block #430    
2026-02-20 11:16:53 💤 Idle (2 peers), best: #431 (0x5dde…7ae3), finalized #430 (0xfcb8…4ca7), ⬇ 28 B/s ⬆ 85 B/s    
2026-02-20 11:16:53 DCF Verifier: Block #432 verification passed    
2026-02-20 11:16:53 DCF: Finality advanced from 430 to 431 in epoch 4    
2026-02-20 11:16:53 DCF: Progressive finalization advanced to block 431    
2026-02-20 11:16:53 🏆 Imported #432 (0x5dde…7ae3 → 0xc514…be0f)    
