nohup: ignoring input
Charlie's network key not found. Generating...
12D3KooWDfeVeZV5xmyb6WQMcEWwygtMAnEjqyQgEbitjdiCure5
Connecting Charlie to Alice -> /ip4/127.0.0.1/tcp/30333/p2p/12D3KooWHy4zqcf2khvT7FmPAyBmbPQ84VhCQZCbbpwfWS1jY4bm
CBC Node Startup Information
================================
Node Version:     0.1.0
Runtime Version:  0.1.0
Chain:            CBC Chain
Role:             Node
Timestamp:        1771585278
================================
2026-02-20 11:01:18 CBC CHAIN    
2026-02-20 11:01:18 ✌️  version 0.1.0    
2026-02-20 11:01:18 ❤️  by Caerulean ByteChains Private Limited, 2025-2026    
2026-02-20 11:01:18 📋 Chain specification: CBC Local Testnet    
2026-02-20 11:01:18 🏷  Node name: Charlie    
2026-02-20 11:01:18 👤 Role: AUTHORITY    
2026-02-20 11:01:18 💾 Database: RocksDb at /tmp/charlie/chains/cbc_local/db/full    
2026-02-20 11:01:29 Genesis configuration validation passed    
2026-02-20 11:01:29 Genesis validator 88dc3417d5058ec4b4503e0c12ea1a0a89be200fe98922423d4334014fa6b0ee (5FA9nQDV...) initialized with stake: 10000000000000000000, final_score: 31, name: None    
2026-02-20 11:01:29 Genesis validator d17c2d7823ebf260fd138f2d7e27d114c0145d968b5ff5006125f2414fadae69 (5GoNkf6W...) initialized with stake: 8000000000000000000, final_score: 31, name: None    
2026-02-20 11:01:29 Genesis validator 439660b36c6c03afafca027b910b4fecf99801834c62a5e6006f27d978de234f (5DbKjhNL...) initialized with stake: 6000000000000000000, final_score: 31, name: None    
2026-02-20 11:01:29 DCF: Generated deterministic author sequence for epoch 0 with 100 authors    
2026-02-20 11:01:29 DCF Genesis completed: 3 validators initialized in epoch 0    
2026-02-20 11:01:30 🔨 Initializing Genesis block/state (state: 0x2375…faf0, header-hash: 0x30f4…8fe9)    
2026-02-20 11:01:30  creating SingleState txpool Limit { count: 8192, total_bytes: 20971520 }/Limit { count: 819, total_bytes: 2097152 }.    
2026-02-20 11:01:30 CBC: Consensus metrics initialized successfully in new_partial    
2026-02-20 11:01:30 🏷  Local node identity is: 12D3KooWDfeVeZV5xmyb6WQMcEWwygtMAnEjqyQgEbitjdiCure5    
2026-02-20 11:01:30 Running libp2p network backend    
2026-02-20 11:01:30 local_peer_id=12D3KooWDfeVeZV5xmyb6WQMcEWwygtMAnEjqyQgEbitjdiCure5
2026-02-20 11:01:30 DCF: Consensus monitoring active. Block production handled by Substrate's default mechanisms.    
2026-02-20 11:01:30 CBC: Starting real PoS+PoI consensus engine for block production    
2026-02-20 11:01:30 CBC: Starting consensus metrics updater    
2026-02-20 11:01:30 CBC: Starting block authoring tracking service    
2026-02-20 11:01:30 Block Tracker: Starting block authoring tracking service    
2026-02-20 11:01:30 DCF: Starting finality sync service    
2026-02-20 11:01:30 💻 Operating system: linux    
2026-02-20 11:01:30 💻 CPU architecture: x86_64    
2026-02-20 11:01:30 💻 Target environment: gnu    
2026-02-20 11:01:30 💻 CPU: Intel(R) Xeon(R) E-2224G CPU @ 3.50GHz    
2026-02-20 11:01:30 💻 CPU cores: 6    
2026-02-20 11:01:30 💻 Memory: 9943MB    
2026-02-20 11:01:30 💻 Kernel: 6.17.0-14-generic    
2026-02-20 11:01:30 💻 Linux distribution: Ubuntu 24.04.4 LTS    
2026-02-20 11:01:30 💻 Virtual machine: yes    
2026-02-20 11:01:30 📦 Highest known block at #0    
2026-02-20 11:01:30 Running JSON-RPC server: addr=0.0.0.0:9946,[::]:40157    
2026-02-20 11:01:30 Producing block #1 with author 88dc3417d5058ec4b4503e0c12ea1a0a89be200fe98922423d4334014fa6b0ee (5FA9nQDV...)    
2026-02-20 11:01:30 Error binding to '127.0.0.1:9615': Os { code: 98, kind: AddrInUse, message: "Address already in use" }    
2026-02-20 11:01:30 discovered peer on address peer=12D3KooWHy4zqcf2khvT7FmPAyBmbPQ84VhCQZCbbpwfWS1jY4bm address=/ip4/172.19.0.1/tcp/30333/p2p/12D3KooWHy4zqcf2khvT7FmPAyBmbPQ84VhCQZCbbpwfWS1jY4bm
2026-02-20 11:01:30 ProposerFactory: Successfully created block #1 with 1 extrinsics    
2026-02-20 11:01:30 discovered peer on address peer=12D3KooWSdHVLfHW3vmGYMtB4QWYUPW1EewqCzJ3Aqs7R28chLJ7 address=/ip4/10.0.2.15/tcp/30334/p2p/12D3KooWSdHVLfHW3vmGYMtB4QWYUPW1EewqCzJ3Aqs7R28chLJ7
2026-02-20 11:01:30 discovered peer on address peer=12D3KooWSdHVLfHW3vmGYMtB4QWYUPW1EewqCzJ3Aqs7R28chLJ7 address=/ip4/172.20.0.1/tcp/30334/p2p/12D3KooWSdHVLfHW3vmGYMtB4QWYUPW1EewqCzJ3Aqs7R28chLJ7
2026-02-20 11:01:30 discovered peer on address peer=12D3KooWHy4zqcf2khvT7FmPAyBmbPQ84VhCQZCbbpwfWS1jY4bm address=/ip4/172.21.0.1/tcp/30333/p2p/12D3KooWHy4zqcf2khvT7FmPAyBmbPQ84VhCQZCbbpwfWS1jY4bm
2026-02-20 11:01:30 discovered peer on address peer=12D3KooWSdHVLfHW3vmGYMtB4QWYUPW1EewqCzJ3Aqs7R28chLJ7 address=/ip4/172.19.0.1/tcp/30334/p2p/12D3KooWSdHVLfHW3vmGYMtB4QWYUPW1EewqCzJ3Aqs7R28chLJ7
2026-02-20 11:01:30 discovered peer on address peer=12D3KooWSdHVLfHW3vmGYMtB4QWYUPW1EewqCzJ3Aqs7R28chLJ7 address=/ip4/172.17.0.1/tcp/30334/p2p/12D3KooWSdHVLfHW3vmGYMtB4QWYUPW1EewqCzJ3Aqs7R28chLJ7
2026-02-20 11:01:30 🏆 Imported #1 (0x30f4…8fe9 → 0xf21c…8ead)    
2026-02-20 11:01:30 discovered peer on address peer=12D3KooWSdHVLfHW3vmGYMtB4QWYUPW1EewqCzJ3Aqs7R28chLJ7 address=/ip4/172.18.0.1/tcp/30334/p2p/12D3KooWSdHVLfHW3vmGYMtB4QWYUPW1EewqCzJ3Aqs7R28chLJ7
2026-02-20 11:01:30 discovered peer on address peer=12D3KooWHy4zqcf2khvT7FmPAyBmbPQ84VhCQZCbbpwfWS1jY4bm address=/ip4/172.20.0.1/tcp/30333/p2p/12D3KooWHy4zqcf2khvT7FmPAyBmbPQ84VhCQZCbbpwfWS1jY4bm
2026-02-20 11:01:30 discovered peer on address peer=12D3KooWSdHVLfHW3vmGYMtB4QWYUPW1EewqCzJ3Aqs7R28chLJ7 address=/ip4/172.21.0.1/tcp/30334/p2p/12D3KooWSdHVLfHW3vmGYMtB4QWYUPW1EewqCzJ3Aqs7R28chLJ7
2026-02-20 11:01:30 discovered peer on address peer=12D3KooWHy4zqcf2khvT7FmPAyBmbPQ84VhCQZCbbpwfWS1jY4bm address=/ip4/172.17.0.1/tcp/30333/p2p/12D3KooWHy4zqcf2khvT7FmPAyBmbPQ84VhCQZCbbpwfWS1jY4bm
2026-02-20 11:01:30 discovered peer on address peer=12D3KooWHy4zqcf2khvT7FmPAyBmbPQ84VhCQZCbbpwfWS1jY4bm address=/ip4/172.18.0.1/tcp/30333/p2p/12D3KooWHy4zqcf2khvT7FmPAyBmbPQ84VhCQZCbbpwfWS1jY4bm
2026-02-20 11:01:30 discovered peer on address peer=12D3KooWHy4zqcf2khvT7FmPAyBmbPQ84VhCQZCbbpwfWS1jY4bm address=/ip4/10.0.2.15/tcp/30333/p2p/12D3KooWHy4zqcf2khvT7FmPAyBmbPQ84VhCQZCbbpwfWS1jY4bm
2026-02-20 11:01:31 DCF Verifier: Block #1 verification passed    
2026-02-20 11:01:31 DCF Verifier: Block #2 verification passed    
2026-02-20 11:01:31 🆕 Imported #1 (0x30f4…8fe9 → 0x418f…9a04)    
2026-02-20 11:01:31 ♻️  Reorg on #1,0xf21c…8ead to #2,0x89c1…fc74, common ancestor #0,0x30f4…8fe9    
2026-02-20 11:01:31 🏆 Imported #2 (0x418f…9a04 → 0x89c1…fc74)    
2026-02-20 11:01:33 DCF Verifier: Block #3 verification passed    
2026-02-20 11:01:33 DCF: Finality advanced from 1 to 2 in epoch 0    
2026-02-20 11:01:33 DCF: Progressive finalization advanced to block 2    
2026-02-20 11:01:33 🏆 Imported #3 (0x89c1…fc74 → 0xb34a…972b)    
2026-02-20 11:01:35 💤 Idle (2 peers), best: #3 (0xb34a…972b), finalized #0 (0x30f4…8fe9), ⬇ 3.0kiB/s ⬆ 2.2kiB/s    
2026-02-20 11:01:36 DCF Finality Sync: Client at block #0, DCF finalized up to #2, syncing...    
2026-02-20 11:01:36 DCF Finality Sync: Sync complete. Client finalized head now at block #2    
2026-02-20 11:01:36 DCF: Finality advanced from 2 to 3 in epoch 0    
2026-02-20 11:01:36 DCF: Progressive finalization advanced to block 3    
2026-02-20 11:01:36 ProposerFactory: Successfully created block #4 with 1 extrinsics    
2026-02-20 11:01:36 DCF: Finality advanced from 2 to 3 in epoch 0    
2026-02-20 11:01:36 DCF: Progressive finalization advanced to block 3    
2026-02-20 11:01:36 🏆 Imported #4 (0xb34a…972b → 0x9a67…5516)    
2026-02-20 11:01:37 DCF Verifier: Block #5 verification passed    
2026-02-20 11:01:37 DCF: Finality advanced from 3 to 4 in epoch 0    
2026-02-20 11:01:37 DCF: Progressive finalization advanced to block 4    
2026-02-20 11:01:37 🏆 Imported #5 (0x9a67…5516 → 0x038c…ca83)    
2026-02-20 11:01:37 DCF: Computed PoI score for validator=88dc3417d5058ec4b4503e0c12ea1a0a89be200fe98922423d4334014fa6b0ee (5FA9nQDV...), score=0, block=5    
2026-02-20 11:01:37 DCF: Computed PoI score for validator=d17c2d7823ebf260fd138f2d7e27d114c0145d968b5ff5006125f2414fadae69 (5GoNkf6W...), score=0, block=5    
2026-02-20 11:01:37 DCF: Computed PoI score for validator=439660b36c6c03afafca027b910b4fecf99801834c62a5e6006f27d978de234f (5DbKjhNL...), score=0, block=5    
2026-02-20 11:01:37 DCF off-chain worker completed computation    
2026-02-20 11:01:39 DCF Verifier: Block #6 verification passed    
2026-02-20 11:01:39 DCF: Finality advanced from 4 to 5 in epoch 0    
2026-02-20 11:01:39 DCF: Progressive finalization advanced to block 5    
2026-02-20 11:01:39 🏆 Imported #6 (0x038c…ca83 → 0x9b01…3101)    
2026-02-20 11:01:40 💤 Idle (2 peers), best: #6 (0x9b01…3101), finalized #2 (0x89c1…fc74), ⬇ 0.6kiB/s ⬆ 0.5kiB/s    
2026-02-20 11:01:42 DCF Finality Sync: Client at block #2, DCF finalized up to #5, syncing...    
2026-02-20 11:01:42 DCF Finality Sync: Sync complete. Client finalized head now at block #5    
2026-02-20 11:01:42 DCF: Finality advanced from 5 to 6 in epoch 0    
2026-02-20 11:01:42 DCF: Progressive finalization advanced to block 6    
2026-02-20 11:01:42 ProposerFactory: Successfully created block #7 with 1 extrinsics    
2026-02-20 11:01:42 DCF: Finality advanced from 5 to 6 in epoch 0    
2026-02-20 11:01:42 DCF: Progressive finalization advanced to block 6    
2026-02-20 11:01:42 🏆 Imported #7 (0x9b01…3101 → 0x7db9…c8d8)    
2026-02-20 11:01:43 DCF Verifier: Block #8 verification passed    
2026-02-20 11:01:43 DCF: Finality advanced from 6 to 7 in epoch 0    
2026-02-20 11:01:43 DCF: Progressive finalization advanced to block 7    
2026-02-20 11:01:43 🏆 Imported #8 (0x7db9…c8d8 → 0x9276…757a)    
2026-02-20 11:01:45 DCF Verifier: Block #9 verification passed    
2026-02-20 11:01:45 DCF: Finality advanced from 7 to 8 in epoch 0    
2026-02-20 11:01:45 DCF: Progressive finalization advanced to block 8    
2026-02-20 11:01:45 🏆 Imported #9 (0x9276…757a → 0xb4d5…3a71)    
2026-02-20 11:01:45 💤 Idle (2 peers), best: #9 (0xb4d5…3a71), finalized #5 (0x038c…ca83), ⬇ 0.3kiB/s ⬆ 0.4kiB/s    
2026-02-20 11:01:48 DCF Finality Sync: Client at block #5, DCF finalized up to #8, syncing...    
2026-02-20 11:01:48 DCF Finality Sync: Sync complete. Client finalized head now at block #8    
2026-02-20 11:01:48 DCF: Finality advanced from 8 to 9 in epoch 0    
2026-02-20 11:01:48 DCF: Progressive finalization advanced to block 9    
2026-02-20 11:01:48 ProposerFactory: Successfully created block #10 with 1 extrinsics    
2026-02-20 11:01:48 DCF: Finality advanced from 8 to 9 in epoch 0    
2026-02-20 11:01:48 DCF: Progressive finalization advanced to block 9    
2026-02-20 11:01:48 🏆 Imported #10 (0xb4d5…3a71 → 0xec65…df69)    
2026-02-20 11:01:48 DCF: Computed PoI score for validator=88dc3417d5058ec4b4503e0c12ea1a0a89be200fe98922423d4334014fa6b0ee (5FA9nQDV...), score=0, block=10    
2026-02-20 11:01:48 DCF: Computed PoI score for validator=d17c2d7823ebf260fd138f2d7e27d114c0145d968b5ff5006125f2414fadae69 (5GoNkf6W...), score=0, block=10    
2026-02-20 11:01:48 DCF: Computed PoI score for validator=439660b36c6c03afafca027b910b4fecf99801834c62a5e6006f27d978de234f (5DbKjhNL...), score=0, block=10    
2026-02-20 11:01:48 DCF off-chain worker completed computation    
2026-02-20 11:01:48 PoS+PoI: Consensus Health - Block: 10, Slot: 4, Validators: 3, Healthy: 3, Avg Score: 64    
2026-02-20 11:01:49 DCF Verifier: Block #11 verification passed    
2026-02-20 11:01:49 DCF: Finality advanced from 9 to 10 in epoch 0    
2026-02-20 11:01:49 DCF: Progressive finalization advanced to block 10    
2026-02-20 11:01:49 🏆 Imported #11 (0xec65…df69 → 0xc46a…8a8d)    
2026-02-20 11:01:50 💤 Idle (2 peers), best: #11 (0xc46a…8a8d), finalized #8 (0x9276…757a), ⬇ 0.5kiB/s ⬆ 0.3kiB/s    
2026-02-20 11:01:51 DCF Verifier: Block #12 verification passed    
2026-02-20 11:01:51 DCF: Finality advanced from 10 to 11 in epoch 0    
2026-02-20 11:01:51 DCF: Progressive finalization advanced to block 11    
2026-02-20 11:01:51 🏆 Imported #12 (0xc46a…8a8d → 0x7295…db86)    
2026-02-20 11:01:54 DCF Finality Sync: Client at block #8, DCF finalized up to #11, syncing...    
2026-02-20 11:01:54 DCF Finality Sync: Sync complete. Client finalized head now at block #11    
2026-02-20 11:01:54 DCF: Finality advanced from 11 to 12 in epoch 0    
2026-02-20 11:01:54 DCF: Progressive finalization advanced to block 12    
2026-02-20 11:01:54 ProposerFactory: Successfully created block #13 with 1 extrinsics    
2026-02-20 11:01:54 DCF: Finality advanced from 11 to 12 in epoch 0    
2026-02-20 11:01:54 DCF: Progressive finalization advanced to block 12    
2026-02-20 11:01:54 🏆 Imported #13 (0x7295…db86 → 0x59b0…ad8b)    
2026-02-20 11:01:55 DCF Verifier: Block #14 verification passed    
2026-02-20 11:01:55 DCF: Finality advanced from 12 to 13 in epoch 0    
2026-02-20 11:01:55 DCF: Progressive finalization advanced to block 13    
2026-02-20 11:01:55 🏆 Imported #14 (0x59b0…ad8b → 0xc93d…944d)    
2026-02-20 11:01:55 💤 Idle (2 peers), best: #14 (0xc93d…944d), finalized #11 (0xc46a…8a8d), ⬇ 0.3kiB/s ⬆ 0.4kiB/s    
2026-02-20 11:01:57 DCF Verifier: Block #15 verification passed    
2026-02-20 11:01:57 DCF: Finality advanced from 13 to 14 in epoch 0    
2026-02-20 11:01:57 DCF: Progressive finalization advanced to block 14    
2026-02-20 11:01:57 🏆 Imported #15 (0xc93d…944d → 0x49eb…0ee5)    
2026-02-20 11:01:57 DCF: Computed PoI score for validator=88dc3417d5058ec4b4503e0c12ea1a0a89be200fe98922423d4334014fa6b0ee (5FA9nQDV...), score=0, block=15    
2026-02-20 11:01:57 DCF: Computed PoI score for validator=d17c2d7823ebf260fd138f2d7e27d114c0145d968b5ff5006125f2414fadae69 (5GoNkf6W...), score=0, block=15    
2026-02-20 11:01:57 DCF: Computed PoI score for validator=439660b36c6c03afafca027b910b4fecf99801834c62a5e6006f27d978de234f (5DbKjhNL...), score=0, block=15    
2026-02-20 11:01:57 DCF off-chain worker completed computation    
2026-02-20 11:02:00 DCF Finality Sync: Client at block #11, DCF finalized up to #14, syncing...    
2026-02-20 11:02:00 DCF Finality Sync: Sync complete. Client finalized head now at block #14    
2026-02-20 11:02:00 💤 Idle (2 peers), best: #15 (0x49eb…0ee5), finalized #14 (0xc93d…944d), ⬇ 0.2kiB/s ⬆ 0.2kiB/s    
2026-02-20 11:02:00 DCF: Finality advanced from 14 to 15 in epoch 0    
2026-02-20 11:02:00 DCF: Progressive finalization advanced to block 15    
2026-02-20 11:02:00 ProposerFactory: Successfully created block #16 with 1 extrinsics    
2026-02-20 11:02:00 DCF: Finality advanced from 14 to 15 in epoch 0    
2026-02-20 11:02:00 DCF: Progressive finalization advanced to block 15    
2026-02-20 11:02:00 🏆 Imported #16 (0x49eb…0ee5 → 0xd5cb…7d0f)    
2026-02-20 11:02:01 DCF Verifier: Block #17 verification passed    
2026-02-20 11:02:01 DCF: Finality advanced from 15 to 16 in epoch 0    
2026-02-20 11:02:01 DCF: Progressive finalization advanced to block 16    
2026-02-20 11:02:01 🏆 Imported #17 (0xd5cb…7d0f → 0x4523…22c8)    
2026-02-20 11:02:03 DCF Verifier: Block #18 verification passed    
2026-02-20 11:02:03 DCF: Finality advanced from 16 to 17 in epoch 0    
2026-02-20 11:02:03 DCF: Progressive finalization advanced to block 17    
2026-02-20 11:02:03 🏆 Imported #18 (0x4523…22c8 → 0x282c…7ca4)    
2026-02-20 11:02:05 💤 Idle (2 peers), best: #18 (0x282c…7ca4), finalized #14 (0xc93d…944d), ⬇ 0.6kiB/s ⬆ 0.3kiB/s    
2026-02-20 11:02:06 DCF Finality Sync: Client at block #14, DCF finalized up to #17, syncing...    
2026-02-20 11:02:06 DCF Finality Sync: Sync complete. Client finalized head now at block #17    
2026-02-20 11:02:06 DCF: Finality advanced from 17 to 18 in epoch 0    
2026-02-20 11:02:06 DCF: Progressive finalization advanced to block 18    
2026-02-20 11:02:06 ProposerFactory: Successfully created block #19 with 1 extrinsics    
2026-02-20 11:02:06 DCF: Finality advanced from 17 to 18 in epoch 0    
2026-02-20 11:02:06 DCF: Progressive finalization advanced to block 18    
2026-02-20 11:02:06 🏆 Imported #19 (0x282c…7ca4 → 0x1632…8ec0)    
2026-02-20 11:02:07 DCF Verifier: Block #20 verification passed    
2026-02-20 11:02:07 DCF: Finality advanced from 18 to 19 in epoch 0    
2026-02-20 11:02:07 DCF: Progressive finalization advanced to block 19    
2026-02-20 11:02:07 🏆 Imported #20 (0x1632…8ec0 → 0x9204…d061)    
2026-02-20 11:02:07 DCF: Computed PoI score for validator=88dc3417d5058ec4b4503e0c12ea1a0a89be200fe98922423d4334014fa6b0ee (5FA9nQDV...), score=0, block=20    
2026-02-20 11:02:07 DCF: Computed PoI score for validator=d17c2d7823ebf260fd138f2d7e27d114c0145d968b5ff5006125f2414fadae69 (5GoNkf6W...), score=0, block=20    
2026-02-20 11:02:07 DCF: Computed PoI score for validator=439660b36c6c03afafca027b910b4fecf99801834c62a5e6006f27d978de234f (5DbKjhNL...), score=0, block=20    
2026-02-20 11:02:07 DCF off-chain worker completed computation    
2026-02-20 11:02:09 DCF Verifier: Block #21 verification passed    
2026-02-20 11:02:09 DCF: Finality advanced from 19 to 20 in epoch 0    
2026-02-20 11:02:09 DCF: Progressive finalization advanced to block 20    
2026-02-20 11:02:09 🏆 Imported #21 (0x9204…d061 → 0x7bcd…56cc)    
2026-02-20 11:02:10 💤 Idle (2 peers), best: #21 (0x7bcd…56cc), finalized #17 (0x4523…22c8), ⬇ 0.3kiB/s ⬆ 0.3kiB/s    
2026-02-20 11:02:12 DCF Finality Sync: Client at block #17, DCF finalized up to #20, syncing...    
2026-02-20 11:02:12 DCF Finality Sync: Sync complete. Client finalized head now at block #20    
2026-02-20 11:02:12 DCF: Finality advanced from 20 to 21 in epoch 0    
2026-02-20 11:02:12 DCF: Progressive finalization advanced to block 21    
2026-02-20 11:02:12 ProposerFactory: Successfully created block #22 with 1 extrinsics    
2026-02-20 11:02:12 DCF: Finality advanced from 20 to 21 in epoch 0    
2026-02-20 11:02:12 DCF: Progressive finalization advanced to block 21    
2026-02-20 11:02:12 🏆 Imported #22 (0x7bcd…56cc → 0xf949…9ecc)    
2026-02-20 11:02:13 DCF Verifier: Block #23 verification passed    
2026-02-20 11:02:13 DCF: Finality advanced from 21 to 22 in epoch 0    
2026-02-20 11:02:13 DCF: Progressive finalization advanced to block 22    
2026-02-20 11:02:13 🏆 Imported #23 (0xf949…9ecc → 0xc6e8…7737)    
2026-02-20 11:02:15 DCF Verifier: Block #24 verification passed    
2026-02-20 11:02:15 DCF: Finality advanced from 22 to 23 in epoch 0    
2026-02-20 11:02:15 DCF: Progressive finalization advanced to block 23    
2026-02-20 11:02:15 🏆 Imported #24 (0xc6e8…7737 → 0xc94f…22e4)    
2026-02-20 11:02:15 💤 Idle (2 peers), best: #24 (0xc94f…22e4), finalized #20 (0x9204…d061), ⬇ 0.3kiB/s ⬆ 0.3kiB/s    
2026-02-20 11:02:18 DCF Finality Sync: Client at block #20, DCF finalized up to #23, syncing...    
2026-02-20 11:02:18 DCF Finality Sync: Sync complete. Client finalized head now at block #23    
2026-02-20 11:02:18 DCF: Finality advanced from 23 to 24 in epoch 0    
2026-02-20 11:02:18 DCF: Progressive finalization advanced to block 24    
2026-02-20 11:02:18 ProposerFactory: Successfully created block #25 with 1 extrinsics    
2026-02-20 11:02:18 DCF: Finality advanced from 23 to 24 in epoch 0    
2026-02-20 11:02:18 DCF: Progressive finalization advanced to block 24    
2026-02-20 11:02:18 🏆 Imported #25 (0xc94f…22e4 → 0xdf62…3d23)    
2026-02-20 11:02:18 DCF: Computed PoI score for validator=88dc3417d5058ec4b4503e0c12ea1a0a89be200fe98922423d4334014fa6b0ee (5FA9nQDV...), score=0, block=25    
2026-02-20 11:02:18 DCF: Computed PoI score for validator=d17c2d7823ebf260fd138f2d7e27d114c0145d968b5ff5006125f2414fadae69 (5GoNkf6W...), score=0, block=25    
2026-02-20 11:02:18 DCF: Computed PoI score for validator=439660b36c6c03afafca027b910b4fecf99801834c62a5e6006f27d978de234f (5DbKjhNL...), score=0, block=25    
2026-02-20 11:02:18 DCF off-chain worker completed computation    
2026-02-20 11:02:19 DCF Verifier: Block #26 verification passed    
2026-02-20 11:02:19 DCF: Finality advanced from 24 to 25 in epoch 0    
2026-02-20 11:02:19 DCF: Progressive finalization advanced to block 25    
2026-02-20 11:02:19 🏆 Imported #26 (0xdf62…3d23 → 0x2c4e…d44d)    
2026-02-20 11:02:20 💤 Idle (2 peers), best: #26 (0x2c4e…d44d), finalized #23 (0xc6e8…7737), ⬇ 0.2kiB/s ⬆ 0.2kiB/s    
2026-02-20 11:02:21 DCF Verifier: Block #27 verification passed    
2026-02-20 11:02:21 DCF: Finality advanced from 25 to 26 in epoch 0    
2026-02-20 11:02:21 DCF: Progressive finalization advanced to block 26    
2026-02-20 11:02:21 🏆 Imported #27 (0x2c4e…d44d → 0xa2fc…9003)    
2026-02-20 11:02:24 DCF Finality Sync: Client at block #23, DCF finalized up to #26, syncing...    
2026-02-20 11:02:24 DCF Finality Sync: Sync complete. Client finalized head now at block #26    
2026-02-20 11:02:25 DCF: Finality advanced from 26 to 27 in epoch 0    
2026-02-20 11:02:25 DCF: Progressive finalization advanced to block 27    
2026-02-20 11:02:25 ProposerFactory: Successfully created block #28 with 1 extrinsics    
2026-02-20 11:02:25 DCF: Finality advanced from 26 to 27 in epoch 0    
2026-02-20 11:02:25 DCF: Progressive finalization advanced to block 27    
2026-02-20 11:02:25 🏆 Imported #28 (0xa2fc…9003 → 0xec59…5bae)    
2026-02-20 11:02:25 DCF Verifier: Block #29 verification passed    
2026-02-20 11:02:25 DCF: Finality advanced from 27 to 28 in epoch 0    
2026-02-20 11:02:25 DCF: Progressive finalization advanced to block 28    
2026-02-20 11:02:25 🏆 Imported #29 (0xec59…5bae → 0xad2a…beee)    
2026-02-20 11:02:25 💤 Idle (2 peers), best: #29 (0xad2a…beee), finalized #26 (0x2c4e…d44d), ⬇ 0.3kiB/s ⬆ 0.4kiB/s    
2026-02-20 11:02:27 DCF Verifier: Block #30 verification passed    
2026-02-20 11:02:27 DCF: Finality advanced from 28 to 29 in epoch 0    
2026-02-20 11:02:27 DCF: Progressive finalization advanced to block 29    
2026-02-20 11:02:27 🏆 Imported #30 (0xad2a…beee → 0x4fdb…2229)    
2026-02-20 11:02:27 DCF: Computed PoI score for validator=88dc3417d5058ec4b4503e0c12ea1a0a89be200fe98922423d4334014fa6b0ee (5FA9nQDV...), score=0, block=30    
2026-02-20 11:02:27 DCF: Computed PoI score for validator=d17c2d7823ebf260fd138f2d7e27d114c0145d968b5ff5006125f2414fadae69 (5GoNkf6W...), score=0, block=30    
2026-02-20 11:02:27 DCF: Computed PoI score for validator=439660b36c6c03afafca027b910b4fecf99801834c62a5e6006f27d978de234f (5DbKjhNL...), score=0, block=30    
2026-02-20 11:02:27 DCF off-chain worker completed computation    
2026-02-20 11:02:30 DCF Finality Sync: Client at block #26, DCF finalized up to #29, syncing...    
2026-02-20 11:02:30 DCF Finality Sync: Sync complete. Client finalized head now at block #29    
2026-02-20 11:02:30 💤 Idle (2 peers), best: #30 (0x4fdb…2229), finalized #29 (0xad2a…beee), ⬇ 0.2kiB/s ⬆ 0.2kiB/s    
2026-02-20 11:02:31 Producing block #31 with author 439660b36c6c03afafca027b910b4fecf99801834c62a5e6006f27d978de234f (5DbKjhNL...)    
2026-02-20 11:02:31 DCF: Finality advanced from 29 to 30 in epoch 0    
2026-02-20 11:02:31 DCF: Progressive finalization advanced to block 30    
2026-02-20 11:02:31 ProposerFactory: Successfully created block #31 with 1 extrinsics    
2026-02-20 11:02:31 DCF: Finality advanced from 29 to 30 in epoch 0    
2026-02-20 11:02:31 DCF: Progressive finalization advanced to block 30    
2026-02-20 11:02:31 🏆 Imported #31 (0x4fdb…2229 → 0x9281…7d49)    
2026-02-20 11:02:31 DCF Verifier: Block #32 verification passed    
2026-02-20 11:02:31 DCF: Finality advanced from 30 to 31 in epoch 0    
2026-02-20 11:02:31 DCF: Progressive finalization advanced to block 31    
2026-02-20 11:02:31 🏆 Imported #32 (0x9281…7d49 → 0xf643…db2b)    
2026-02-20 11:02:33 DCF Verifier: Block #33 verification passed    
2026-02-20 11:02:33 DCF: Finality advanced from 31 to 32 in epoch 0    
2026-02-20 11:02:33 DCF: Progressive finalization advanced to block 32    
2026-02-20 11:02:33 🏆 Imported #33 (0xf643…db2b → 0x0746…41a7)    
2026-02-20 11:02:35 💤 Idle (2 peers), best: #33 (0x0746…41a7), finalized #29 (0xad2a…beee), ⬇ 0.5kiB/s ⬆ 0.3kiB/s    
2026-02-20 11:02:36 DCF Finality Sync: Client at block #29, DCF finalized up to #32, syncing...    
2026-02-20 11:02:36 DCF Finality Sync: Sync complete. Client finalized head now at block #32    
2026-02-20 11:02:37 DCF: Finality advanced from 32 to 33 in epoch 0    
2026-02-20 11:02:37 DCF: Progressive finalization advanced to block 33    
2026-02-20 11:02:37 ProposerFactory: Successfully created block #34 with 1 extrinsics    
2026-02-20 11:02:37 DCF: Finality advanced from 32 to 33 in epoch 0    
2026-02-20 11:02:37 DCF: Progressive finalization advanced to block 33    
2026-02-20 11:02:37 🏆 Imported #34 (0x0746…41a7 → 0xab4c…68f0)    
2026-02-20 11:02:37 DCF Verifier: Block #35 verification passed    
2026-02-20 11:02:37 DCF: Finality advanced from 33 to 34 in epoch 0    
2026-02-20 11:02:37 DCF: Progressive finalization advanced to block 34    
2026-02-20 11:02:37 🏆 Imported #35 (0xab4c…68f0 → 0x4243…2fbe)    
2026-02-20 11:02:37 DCF: Computed PoI score for validator=88dc3417d5058ec4b4503e0c12ea1a0a89be200fe98922423d4334014fa6b0ee (5FA9nQDV...), score=0, block=35    
2026-02-20 11:02:37 DCF: Computed PoI score for validator=d17c2d7823ebf260fd138f2d7e27d114c0145d968b5ff5006125f2414fadae69 (5GoNkf6W...), score=0, block=35    
2026-02-20 11:02:37 DCF: Computed PoI score for validator=439660b36c6c03afafca027b910b4fecf99801834c62a5e6006f27d978de234f (5DbKjhNL...), score=0, block=35    
2026-02-20 11:02:37 DCF off-chain worker completed computation    
2026-02-20 11:02:39 DCF Verifier: Block #36 verification passed    
2026-02-20 11:02:39 DCF: Finality advanced from 34 to 35 in epoch 0    
2026-02-20 11:02:39 DCF: Progressive finalization advanced to block 35    
2026-02-20 11:02:39 🏆 Imported #36 (0x4243…2fbe → 0xd4f2…7da9)    
2026-02-20 11:02:40 💤 Idle (2 peers), best: #36 (0xd4f2…7da9), finalized #32 (0xf643…db2b), ⬇ 0.3kiB/s ⬆ 0.2kiB/s    
2026-02-20 11:02:42 DCF Finality Sync: Client at block #32, DCF finalized up to #35, syncing...    
2026-02-20 11:02:42 DCF Finality Sync: Sync complete. Client finalized head now at block #35    
2026-02-20 11:02:43 DCF: Finality advanced from 35 to 36 in epoch 0    
2026-02-20 11:02:43 DCF: Progressive finalization advanced to block 36    
2026-02-20 11:02:43 ProposerFactory: Successfully created block #37 with 1 extrinsics    
2026-02-20 11:02:43 DCF: Finality advanced from 35 to 36 in epoch 0    
2026-02-20 11:02:43 DCF: Progressive finalization advanced to block 36    
2026-02-20 11:02:43 🏆 Imported #37 (0xd4f2…7da9 → 0x0b1a…3df0)    
2026-02-20 11:02:43 DCF Verifier: Block #38 verification passed    
2026-02-20 11:02:43 DCF: Finality advanced from 36 to 37 in epoch 0    
2026-02-20 11:02:43 DCF: Progressive finalization advanced to block 37    
2026-02-20 11:02:43 🏆 Imported #38 (0x0b1a…3df0 → 0x7924…b8de)    
2026-02-20 11:02:45 💤 Idle (2 peers), best: #38 (0x7924…b8de), finalized #35 (0x4243…2fbe), ⬇ 0.2kiB/s ⬆ 0.2kiB/s    
2026-02-20 11:02:45 DCF Verifier: Block #39 verification passed    
2026-02-20 11:02:45 DCF: Finality advanced from 37 to 38 in epoch 0    
2026-02-20 11:02:45 DCF: Progressive finalization advanced to block 38    
2026-02-20 11:02:45 🏆 Imported #39 (0x7924…b8de → 0x26b4…86e2)    
2026-02-20 11:02:48 DCF Finality Sync: Client at block #35, DCF finalized up to #38, syncing...    
2026-02-20 11:02:48 DCF Finality Sync: Sync complete. Client finalized head now at block #38    
2026-02-20 11:02:49 DCF: Finality advanced from 38 to 39 in epoch 0    
2026-02-20 11:02:49 DCF: Progressive finalization advanced to block 39    
2026-02-20 11:02:49 ProposerFactory: Successfully created block #40 with 1 extrinsics    
2026-02-20 11:02:49 DCF: Finality advanced from 38 to 39 in epoch 0    
2026-02-20 11:02:49 DCF: Progressive finalization advanced to block 39    
2026-02-20 11:02:49 🏆 Imported #40 (0x26b4…86e2 → 0x882f…e32c)    
2026-02-20 11:02:49 DCF: Computed PoI score for validator=88dc3417d5058ec4b4503e0c12ea1a0a89be200fe98922423d4334014fa6b0ee (5FA9nQDV...), score=0, block=40    
2026-02-20 11:02:49 DCF: Computed PoI score for validator=d17c2d7823ebf260fd138f2d7e27d114c0145d968b5ff5006125f2414fadae69 (5GoNkf6W...), score=0, block=40    
2026-02-20 11:02:49 DCF: Computed PoI score for validator=439660b36c6c03afafca027b910b4fecf99801834c62a5e6006f27d978de234f (5DbKjhNL...), score=0, block=40    
2026-02-20 11:02:49 DCF off-chain worker completed computation    
2026-02-20 11:02:49 PoS+PoI: Consensus Health - Block: 40, Slot: 14, Validators: 3, Healthy: 3, Avg Score: 100    
2026-02-20 11:02:49 DCF Verifier: Block #41 verification passed    
2026-02-20 11:02:49 DCF: Finality advanced from 39 to 40 in epoch 0    
2026-02-20 11:02:49 DCF: Progressive finalization advanced to block 40    
2026-02-20 11:02:49 🏆 Imported #41 (0x882f…e32c → 0x3945…0d87)    
2026-02-20 11:02:50 💤 Idle (2 peers), best: #41 (0x3945…0d87), finalized #38 (0x7924…b8de), ⬇ 0.2kiB/s ⬆ 0.3kiB/s    
2026-02-20 11:02:52 DCF Verifier: Block #42 verification passed    
2026-02-20 11:02:52 DCF: Finality advanced from 40 to 41 in epoch 0    
2026-02-20 11:02:52 DCF: Progressive finalization advanced to block 41    
2026-02-20 11:02:52 🏆 Imported #42 (0x3945…0d87 → 0xba7f…6540)    
2026-02-20 11:02:54 DCF Finality Sync: Client at block #38, DCF finalized up to #41, syncing...    
2026-02-20 11:02:54 DCF Finality Sync: Sync complete. Client finalized head now at block #41    
2026-02-20 11:02:55 DCF: Finality advanced from 41 to 42 in epoch 0    
2026-02-20 11:02:55 DCF: Progressive finalization advanced to block 42    
2026-02-20 11:02:55 ProposerFactory: Successfully created block #43 with 1 extrinsics    
2026-02-20 11:02:55 DCF: Finality advanced from 41 to 42 in epoch 0    
2026-02-20 11:02:55 DCF: Progressive finalization advanced to block 42    
2026-02-20 11:02:55 🏆 Imported #43 (0xba7f…6540 → 0xcb5e…5121)    
2026-02-20 11:02:55 DCF Verifier: Block #44 verification passed    
2026-02-20 11:02:55 DCF: Finality advanced from 42 to 43 in epoch 0    
2026-02-20 11:02:55 DCF: Progressive finalization advanced to block 43    
2026-02-20 11:02:55 🏆 Imported #44 (0xcb5e…5121 → 0x7a57…1f8a)    
2026-02-20 11:02:55 💤 Idle (2 peers), best: #44 (0x7a57…1f8a), finalized #41 (0x3945…0d87), ⬇ 0.2kiB/s ⬆ 0.3kiB/s    
2026-02-20 11:02:58 DCF Verifier: Block #45 verification passed    
2026-02-20 11:02:58 DCF: Finality advanced from 43 to 44 in epoch 0    
2026-02-20 11:02:58 DCF: Progressive finalization advanced to block 44    
2026-02-20 11:02:58 🏆 Imported #45 (0x7a57…1f8a → 0xe5b0…7509)    
2026-02-20 11:02:58 DCF: Computed PoI score for validator=88dc3417d5058ec4b4503e0c12ea1a0a89be200fe98922423d4334014fa6b0ee (5FA9nQDV...), score=0, block=45    
2026-02-20 11:02:58 DCF: Computed PoI score for validator=d17c2d7823ebf260fd138f2d7e27d114c0145d968b5ff5006125f2414fadae69 (5GoNkf6W...), score=0, block=45    
2026-02-20 11:02:58 DCF: Computed PoI score for validator=439660b36c6c03afafca027b910b4fecf99801834c62a5e6006f27d978de234f (5DbKjhNL...), score=0, block=45    
2026-02-20 11:02:58 DCF off-chain worker completed computation    
2026-02-20 11:03:00 DCF Finality Sync: Client at block #41, DCF finalized up to #44, syncing...    
2026-02-20 11:03:00 DCF Finality Sync: Sync complete. Client finalized head now at block #44    
2026-02-20 11:03:00 💤 Idle (2 peers), best: #45 (0xe5b0…7509), finalized #44 (0x7a57…1f8a), ⬇ 0.1kiB/s ⬆ 81 B/s    
2026-02-20 11:03:01 DCF: Finality advanced from 44 to 45 in epoch 0    
2026-02-20 11:03:01 DCF: Progressive finalization advanced to block 45    
2026-02-20 11:03:01 ProposerFactory: Successfully created block #46 with 1 extrinsics    
2026-02-20 11:03:01 DCF: Finality advanced from 44 to 45 in epoch 0    
2026-02-20 11:03:01 DCF: Progressive finalization advanced to block 45    
2026-02-20 11:03:01 🏆 Imported #46 (0xe5b0…7509 → 0x4ee8…5414)    
2026-02-20 11:03:01 DCF Verifier: Block #47 verification passed    
2026-02-20 11:03:01 DCF: Finality advanced from 45 to 46 in epoch 0    
2026-02-20 11:03:01 DCF: Progressive finalization advanced to block 46    
2026-02-20 11:03:01 🏆 Imported #47 (0x4ee8…5414 → 0xf5fd…f3db)    
2026-02-20 11:03:04 DCF Verifier: Block #48 verification passed    
2026-02-20 11:03:04 DCF: Finality advanced from 46 to 47 in epoch 0    
2026-02-20 11:03:04 DCF: Progressive finalization advanced to block 47    
2026-02-20 11:03:04 🏆 Imported #48 (0xf5fd…f3db → 0x798b…990b)    
2026-02-20 11:03:05 💤 Idle (2 peers), best: #48 (0x798b…990b), finalized #44 (0x7a57…1f8a), ⬇ 0.3kiB/s ⬆ 0.2kiB/s    
2026-02-20 11:03:06 DCF Finality Sync: Client at block #44, DCF finalized up to #47, syncing...    
2026-02-20 11:03:06 DCF Finality Sync: Sync complete. Client finalized head now at block #47    
2026-02-20 11:03:07 DCF: Finality advanced from 47 to 48 in epoch 0    
2026-02-20 11:03:07 DCF: Progressive finalization advanced to block 48    
2026-02-20 11:03:07 ProposerFactory: Successfully created block #49 with 1 extrinsics    
2026-02-20 11:03:07 DCF: Finality advanced from 47 to 48 in epoch 0    
2026-02-20 11:03:07 DCF: Progressive finalization advanced to block 48    
2026-02-20 11:03:07 🏆 Imported #49 (0x798b…990b → 0x6119…0baa)    
2026-02-20 11:03:07 DCF Verifier: Block #50 verification passed    
2026-02-20 11:03:07 DCF: Finality advanced from 48 to 49 in epoch 0    
2026-02-20 11:03:07 DCF: Progressive finalization advanced to block 49    
2026-02-20 11:03:07 🏆 Imported #50 (0x6119…0baa → 0xb585…dab8)    
2026-02-20 11:03:07 DCF: Computed PoI score for validator=88dc3417d5058ec4b4503e0c12ea1a0a89be200fe98922423d4334014fa6b0ee (5FA9nQDV...), score=0, block=50    
2026-02-20 11:03:07 DCF: Computed PoI score for validator=d17c2d7823ebf260fd138f2d7e27d114c0145d968b5ff5006125f2414fadae69 (5GoNkf6W...), score=0, block=50    
2026-02-20 11:03:07 DCF: Computed PoI score for validator=439660b36c6c03afafca027b910b4fecf99801834c62a5e6006f27d978de234f (5DbKjhNL...), score=0, block=50    
2026-02-20 11:03:07 DCF off-chain worker completed computation    
2026-02-20 11:03:10 DCF Verifier: Block #51 verification passed    
2026-02-20 11:03:10 DCF: Finality advanced from 49 to 50 in epoch 0    
2026-02-20 11:03:10 DCF: Progressive finalization advanced to block 50    
2026-02-20 11:03:10 🏆 Imported #51 (0xb585…dab8 → 0x84bd…9695)    
2026-02-20 11:03:10 💤 Idle (2 peers), best: #51 (0x84bd…9695), finalized #47 (0xf5fd…f3db), ⬇ 0.3kiB/s ⬆ 0.3kiB/s    
2026-02-20 11:03:12 DCF Finality Sync: Client at block #47, DCF finalized up to #50, syncing...    
2026-02-20 11:03:12 DCF Finality Sync: Sync complete. Client finalized head now at block #50    
2026-02-20 11:03:13 DCF: Finality advanced from 50 to 51 in epoch 0    
2026-02-20 11:03:13 DCF: Progressive finalization advanced to block 51    
2026-02-20 11:03:13 ProposerFactory: Successfully created block #52 with 1 extrinsics    
2026-02-20 11:03:13 DCF: Finality advanced from 50 to 51 in epoch 0    
2026-02-20 11:03:13 DCF: Progressive finalization advanced to block 51    
2026-02-20 11:03:13 🏆 Imported #52 (0x84bd…9695 → 0x9786…61f1)    
2026-02-20 11:03:13 DCF Verifier: Block #53 verification passed    
2026-02-20 11:03:13 DCF: Finality advanced from 51 to 52 in epoch 0    
2026-02-20 11:03:13 DCF: Progressive finalization advanced to block 52    
2026-02-20 11:03:13 🏆 Imported #53 (0x9786…61f1 → 0x4d9f…2429)    
2026-02-20 11:03:15 💤 Idle (2 peers), best: #53 (0x4d9f…2429), finalized #50 (0xb585…dab8), ⬇ 0.2kiB/s ⬆ 0.2kiB/s    
2026-02-20 11:03:16 DCF Verifier: Block #54 verification passed    
2026-02-20 11:03:16 DCF: Finality advanced from 52 to 53 in epoch 0    
2026-02-20 11:03:16 DCF: Progressive finalization advanced to block 53    
2026-02-20 11:03:16 🏆 Imported #54 (0x4d9f…2429 → 0x0083…494d)    
2026-02-20 11:03:18 DCF Finality Sync: Client at block #50, DCF finalized up to #53, syncing...    
2026-02-20 11:03:18 DCF Finality Sync: Sync complete. Client finalized head now at block #53    
2026-02-20 11:03:19 DCF: Finality advanced from 53 to 54 in epoch 0    
2026-02-20 11:03:19 DCF: Progressive finalization advanced to block 54    
2026-02-20 11:03:19 ProposerFactory: Successfully created block #55 with 1 extrinsics    
2026-02-20 11:03:19 DCF: Finality advanced from 53 to 54 in epoch 0    
2026-02-20 11:03:19 DCF: Progressive finalization advanced to block 54    
2026-02-20 11:03:19 🏆 Imported #55 (0x0083…494d → 0xd6df…9e84)    
2026-02-20 11:03:19 DCF: Computed PoI score for validator=88dc3417d5058ec4b4503e0c12ea1a0a89be200fe98922423d4334014fa6b0ee (5FA9nQDV...), score=0, block=55    
2026-02-20 11:03:19 DCF: Computed PoI score for validator=d17c2d7823ebf260fd138f2d7e27d114c0145d968b5ff5006125f2414fadae69 (5GoNkf6W...), score=0, block=55    
2026-02-20 11:03:19 DCF: Computed PoI score for validator=439660b36c6c03afafca027b910b4fecf99801834c62a5e6006f27d978de234f (5DbKjhNL...), score=0, block=55    
2026-02-20 11:03:19 DCF off-chain worker completed computation    
2026-02-20 11:03:20 DCF Verifier: Block #56 verification passed    
2026-02-20 11:03:20 DCF: Finality advanced from 54 to 55 in epoch 0    
2026-02-20 11:03:20 DCF: Progressive finalization advanced to block 55    
2026-02-20 11:03:20 🏆 Imported #56 (0xd6df…9e84 → 0x8faa…836c)    
2026-02-20 11:03:20 💤 Idle (2 peers), best: #56 (0x8faa…836c), finalized #53 (0x4d9f…2429), ⬇ 0.3kiB/s ⬆ 0.3kiB/s    
2026-02-20 11:03:22 DCF Verifier: Block #57 verification passed    
2026-02-20 11:03:22 DCF: Finality advanced from 55 to 56 in epoch 0    
2026-02-20 11:03:22 DCF: Progressive finalization advanced to block 56    
2026-02-20 11:03:22 🏆 Imported #57 (0x8faa…836c → 0xc28f…108f)    
2026-02-20 11:03:24 DCF Finality Sync: Client at block #53, DCF finalized up to #56, syncing...    
2026-02-20 11:03:24 DCF Finality Sync: Sync complete. Client finalized head now at block #56    
2026-02-20 11:03:25 DCF: Finality advanced from 56 to 57 in epoch 0    
2026-02-20 11:03:25 DCF: Progressive finalization advanced to block 57    
2026-02-20 11:03:25 ProposerFactory: Successfully created block #58 with 1 extrinsics    
2026-02-20 11:03:25 DCF: Finality advanced from 56 to 57 in epoch 0    
2026-02-20 11:03:25 DCF: Progressive finalization advanced to block 57    
2026-02-20 11:03:25 🏆 Imported #58 (0xc28f…108f → 0x66e6…208f)    
2026-02-20 11:03:25 💤 Idle (2 peers), best: #58 (0x66e6…208f), finalized #56 (0x8faa…836c), ⬇ 0.2kiB/s ⬆ 0.4kiB/s    
2026-02-20 11:03:26 DCF Verifier: Block #59 verification passed    
2026-02-20 11:03:26 DCF: Finality advanced from 57 to 58 in epoch 0    
2026-02-20 11:03:26 DCF: Progressive finalization advanced to block 58    
2026-02-20 11:03:26 🏆 Imported #59 (0x66e6…208f → 0xffae…0434)    
2026-02-20 11:03:28 DCF Verifier: Block #60 verification passed    
2026-02-20 11:03:28 DCF: Finality advanced from 58 to 59 in epoch 0    
2026-02-20 11:03:28 DCF: Progressive finalization advanced to block 59    
2026-02-20 11:03:28 🏆 Imported #60 (0xffae…0434 → 0x91d1…82b6)    
2026-02-20 11:03:28 DCF: Computed PoI score for validator=88dc3417d5058ec4b4503e0c12ea1a0a89be200fe98922423d4334014fa6b0ee (5FA9nQDV...), score=0, block=60    
2026-02-20 11:03:28 DCF: Computed PoI score for validator=d17c2d7823ebf260fd138f2d7e27d114c0145d968b5ff5006125f2414fadae69 (5GoNkf6W...), score=0, block=60    
2026-02-20 11:03:28 DCF: Computed PoI score for validator=439660b36c6c03afafca027b910b4fecf99801834c62a5e6006f27d978de234f (5DbKjhNL...), score=0, block=60    
2026-02-20 11:03:28 DCF off-chain worker completed computation    
2026-02-20 11:03:30 Block Tracker: Statistics Report    
2026-02-20 11:03:30   Service uptime: 120.038396358s    
2026-02-20 11:03:30   Total blocks tracked: 60    
2026-02-20 11:03:30   Active validators monitored: 3    
2026-02-20 11:03:30   Overall participation rate: 100.00%    
2026-02-20 11:03:30   Total blocks authored: 60    
2026-02-20 11:03:30   Total blocks missed: 0    
2026-02-20 11:03:30   Top performers:    
2026-02-20 11:03:30     d17c2d7823ebf260fd138f2d7e27d114c0145d968b5ff5006125f2414fadae69 (5GoNkf6W...): 100.00% (16/16 blocks)    
2026-02-20 11:03:30     88dc3417d5058ec4b4503e0c12ea1a0a89be200fe98922423d4334014fa6b0ee (5FA9nQDV...): 100.00% (23/23 blocks)    
2026-02-20 11:03:30     439660b36c6c03afafca027b910b4fecf99801834c62a5e6006f27d978de234f (5DbKjhNL...): 100.00% (21/21 blocks)    
2026-02-20 11:03:30 DCF Finality Sync: Client at block #56, DCF finalized up to #59, syncing...    
2026-02-20 11:03:30 DCF Finality Sync: Sync complete. Client finalized head now at block #59    
2026-02-20 11:03:30 💤 Idle (2 peers), best: #60 (0x91d1…82b6), finalized #59 (0xffae…0434), ⬇ 0.3kiB/s ⬆ 0.3kiB/s    
2026-02-20 11:03:31 Producing block #61 with author d17c2d7823ebf260fd138f2d7e27d114c0145d968b5ff5006125f2414fadae69 (5GoNkf6W...)    
2026-02-20 11:03:31 DCF: Finality advanced from 59 to 60 in epoch 0    
2026-02-20 11:03:31 DCF: Progressive finalization advanced to block 60    
2026-02-20 11:03:31 ProposerFactory: Successfully created block #61 with 1 extrinsics    
2026-02-20 11:03:31 DCF: Finality advanced from 59 to 60 in epoch 0    
2026-02-20 11:03:31 DCF: Progressive finalization advanced to block 60    
2026-02-20 11:03:31 🏆 Imported #61 (0x91d1…82b6 → 0x7440…ef70)    
2026-02-20 11:03:32 DCF Verifier: Block #62 verification passed    
2026-02-20 11:03:32 DCF: Finality advanced from 60 to 61 in epoch 0    
2026-02-20 11:03:32 DCF: Progressive finalization advanced to block 61    
2026-02-20 11:03:32 🏆 Imported #62 (0x7440…ef70 → 0x41cc…c65c)    
2026-02-20 11:03:34 DCF Verifier: Block #63 verification passed    
2026-02-20 11:03:34 DCF: Finality advanced from 61 to 62 in epoch 0    
2026-02-20 11:03:34 DCF: Progressive finalization advanced to block 62    
2026-02-20 11:03:34 🏆 Imported #63 (0x41cc…c65c → 0xe896…b2d4)    
2026-02-20 11:03:35 💤 Idle (2 peers), best: #63 (0xe896…b2d4), finalized #59 (0xffae…0434), ⬇ 0.6kiB/s ⬆ 0.4kiB/s    
2026-02-20 11:03:36 DCF Finality Sync: Client at block #59, DCF finalized up to #62, syncing...    
2026-02-20 11:03:36 DCF Finality Sync: Sync complete. Client finalized head now at block #62    
2026-02-20 11:03:37 DCF: Finality advanced from 62 to 63 in epoch 0    
2026-02-20 11:03:37 DCF: Progressive finalization advanced to block 63    
2026-02-20 11:03:37 ProposerFactory: Successfully created block #64 with 1 extrinsics    
2026-02-20 11:03:37 DCF: Finality advanced from 62 to 63 in epoch 0    
2026-02-20 11:03:37 DCF: Progressive finalization advanced to block 63    
2026-02-20 11:03:37 🏆 Imported #64 (0xe896…b2d4 → 0x2388…e40f)    
2026-02-20 11:03:38 DCF Verifier: Block #65 verification passed    
2026-02-20 11:03:38 DCF: Finality advanced from 63 to 64 in epoch 0    
2026-02-20 11:03:38 DCF: Progressive finalization advanced to block 64    
2026-02-20 11:03:38 🏆 Imported #65 (0x2388…e40f → 0x09c2…9dee)    
2026-02-20 11:03:38 DCF: Computed PoI score for validator=88dc3417d5058ec4b4503e0c12ea1a0a89be200fe98922423d4334014fa6b0ee (5FA9nQDV...), score=0, block=65    
2026-02-20 11:03:38 DCF: Computed PoI score for validator=d17c2d7823ebf260fd138f2d7e27d114c0145d968b5ff5006125f2414fadae69 (5GoNkf6W...), score=0, block=65    
2026-02-20 11:03:38 DCF: Computed PoI score for validator=439660b36c6c03afafca027b910b4fecf99801834c62a5e6006f27d978de234f (5DbKjhNL...), score=0, block=65    
2026-02-20 11:03:38 DCF off-chain worker completed computation    
2026-02-20 11:03:40 DCF Verifier: Block #66 verification passed    
2026-02-20 11:03:40 DCF: Finality advanced from 64 to 65 in epoch 0    
2026-02-20 11:03:40 DCF: Progressive finalization advanced to block 65    
2026-02-20 11:03:40 🏆 Imported #66 (0x09c2…9dee → 0x7b72…a281)    
2026-02-20 11:03:40 💤 Idle (2 peers), best: #66 (0x7b72…a281), finalized #62 (0x41cc…c65c), ⬇ 0.3kiB/s ⬆ 0.3kiB/s    
2026-02-20 11:03:42 DCF Finality Sync: Client at block #62, DCF finalized up to #65, syncing...    
2026-02-20 11:03:42 DCF Finality Sync: Sync complete. Client finalized head now at block #65    
2026-02-20 11:03:43 DCF: Finality advanced from 65 to 66 in epoch 0    
2026-02-20 11:03:43 DCF: Progressive finalization advanced to block 66    
2026-02-20 11:03:43 ProposerFactory: Successfully created block #67 with 1 extrinsics    
2026-02-20 11:03:43 DCF: Finality advanced from 65 to 66 in epoch 0    
2026-02-20 11:03:43 DCF: Progressive finalization advanced to block 66    
2026-02-20 11:03:43 🏆 Imported #67 (0x7b72…a281 → 0x153f…df01)    
2026-02-20 11:03:44 DCF Verifier: Block #68 verification passed    
2026-02-20 11:03:44 DCF: Finality advanced from 66 to 67 in epoch 0    
2026-02-20 11:03:44 DCF: Progressive finalization advanced to block 67    
2026-02-20 11:03:44 🏆 Imported #68 (0x153f…df01 → 0x1087…4e38)    
2026-02-20 11:03:45 💤 Idle (2 peers), best: #68 (0x1087…4e38), finalized #65 (0x09c2…9dee), ⬇ 0.2kiB/s ⬆ 0.2kiB/s    
2026-02-20 11:03:46 DCF Verifier: Block #69 verification passed    
2026-02-20 11:03:46 DCF: Finality advanced from 67 to 68 in epoch 0    
2026-02-20 11:03:46 DCF: Progressive finalization advanced to block 68    
2026-02-20 11:03:46 🏆 Imported #69 (0x1087…4e38 → 0xc203…ae4e)    
2026-02-20 11:03:48 DCF Finality Sync: Client at block #65, DCF finalized up to #68, syncing...    
2026-02-20 11:03:48 DCF Finality Sync: Sync complete. Client finalized head now at block #68    
2026-02-20 11:03:49 DCF: Finality advanced from 68 to 69 in epoch 0    
2026-02-20 11:03:49 DCF: Progressive finalization advanced to block 69    
2026-02-20 11:03:49 ProposerFactory: Successfully created block #70 with 1 extrinsics    
2026-02-20 11:03:49 DCF: Finality advanced from 68 to 69 in epoch 0    
2026-02-20 11:03:49 DCF: Progressive finalization advanced to block 69    
2026-02-20 11:03:49 🏆 Imported #70 (0xc203…ae4e → 0x8a8b…0e39)    
2026-02-20 11:03:49 DCF: Computed PoI score for validator=88dc3417d5058ec4b4503e0c12ea1a0a89be200fe98922423d4334014fa6b0ee (5FA9nQDV...), score=0, block=70    
2026-02-20 11:03:49 DCF: Computed PoI score for validator=d17c2d7823ebf260fd138f2d7e27d114c0145d968b5ff5006125f2414fadae69 (5GoNkf6W...), score=0, block=70    
2026-02-20 11:03:49 DCF: Computed PoI score for validator=439660b36c6c03afafca027b910b4fecf99801834c62a5e6006f27d978de234f (5DbKjhNL...), score=0, block=70    
2026-02-20 11:03:49 DCF off-chain worker completed computation    
2026-02-20 11:03:49 PoS+PoI: Consensus Health - Block: 70, Slot: 24, Validators: 3, Healthy: 3, Avg Score: 100    
2026-02-20 11:03:50 DCF Verifier: Block #71 verification passed    
2026-02-20 11:03:50 DCF: Finality advanced from 69 to 70 in epoch 0    
2026-02-20 11:03:50 DCF: Progressive finalization advanced to block 70    
2026-02-20 11:03:50 🏆 Imported #71 (0x8a8b…0e39 → 0x437d…3a4a)    
2026-02-20 11:03:50 💤 Idle (2 peers), best: #71 (0x437d…3a4a), finalized #68 (0x1087…4e38), ⬇ 0.3kiB/s ⬆ 0.3kiB/s    
2026-02-20 11:03:52 DCF Verifier: Block #72 verification passed    
2026-02-20 11:03:52 DCF: Finality advanced from 70 to 71 in epoch 0    
2026-02-20 11:03:52 DCF: Progressive finalization advanced to block 71    
2026-02-20 11:03:52 🏆 Imported #72 (0x437d…3a4a → 0xa5a0…2e10)    
2026-02-20 11:03:54 DCF Finality Sync: Client at block #68, DCF finalized up to #71, syncing...    
2026-02-20 11:03:54 DCF Finality Sync: Sync complete. Client finalized head now at block #71    
2026-02-20 11:03:55 DCF: Finality advanced from 71 to 72 in epoch 0    
2026-02-20 11:03:55 DCF: Progressive finalization advanced to block 72    
2026-02-20 11:03:55 ProposerFactory: Successfully created block #73 with 1 extrinsics    
2026-02-20 11:03:55 DCF: Finality advanced from 71 to 72 in epoch 0    
2026-02-20 11:03:55 DCF: Progressive finalization advanced to block 72    
2026-02-20 11:03:55 🏆 Imported #73 (0xa5a0…2e10 → 0x2c40…3cd4)    
2026-02-20 11:03:55 💤 Idle (2 peers), best: #73 (0x2c40…3cd4), finalized #71 (0x437d…3a4a), ⬇ 0.2kiB/s ⬆ 0.2kiB/s    
2026-02-20 11:03:56 DCF Verifier: Block #74 verification passed    
2026-02-20 11:03:56 DCF: Finality advanced from 72 to 73 in epoch 0    
2026-02-20 11:03:56 DCF: Progressive finalization advanced to block 73    
2026-02-20 11:03:56 🏆 Imported #74 (0x2c40…3cd4 → 0x61dc…3bd0)    
2026-02-20 11:03:58 DCF Verifier: Block #75 verification passed    
2026-02-20 11:03:58 DCF: Finality advanced from 73 to 74 in epoch 0    
2026-02-20 11:03:58 DCF: Progressive finalization advanced to block 74    
2026-02-20 11:03:58 🏆 Imported #75 (0x61dc…3bd0 → 0x5144…17d5)    
2026-02-20 11:03:58 DCF: Computed PoI score for validator=88dc3417d5058ec4b4503e0c12ea1a0a89be200fe98922423d4334014fa6b0ee (5FA9nQDV...), score=0, block=75    
2026-02-20 11:03:58 DCF: Computed PoI score for validator=d17c2d7823ebf260fd138f2d7e27d114c0145d968b5ff5006125f2414fadae69 (5GoNkf6W...), score=0, block=75    
2026-02-20 11:03:58 DCF: Computed PoI score for validator=439660b36c6c03afafca027b910b4fecf99801834c62a5e6006f27d978de234f (5DbKjhNL...), score=0, block=75    
2026-02-20 11:03:58 DCF off-chain worker completed computation    
2026-02-20 11:04:00 DCF Finality Sync: Client at block #71, DCF finalized up to #74, syncing...    
2026-02-20 11:04:00 DCF Finality Sync: Sync complete. Client finalized head now at block #74    
2026-02-20 11:04:01 💤 Idle (2 peers), best: #75 (0x5144…17d5), finalized #74 (0x61dc…3bd0), ⬇ 0.2kiB/s ⬆ 0.1kiB/s    
2026-02-20 11:04:01 DCF: Finality advanced from 74 to 75 in epoch 0    
2026-02-20 11:04:01 DCF: Progressive finalization advanced to block 75    
2026-02-20 11:04:01 ProposerFactory: Successfully created block #76 with 1 extrinsics    
2026-02-20 11:04:01 DCF: Finality advanced from 74 to 75 in epoch 0    
2026-02-20 11:04:01 DCF: Progressive finalization advanced to block 75    
2026-02-20 11:04:01 🏆 Imported #76 (0x5144…17d5 → 0x0b95…31e2)    
2026-02-20 11:04:02 DCF Verifier: Block #77 verification passed    
2026-02-20 11:04:02 DCF: Finality advanced from 75 to 76 in epoch 0    
2026-02-20 11:04:02 DCF: Progressive finalization advanced to block 76    
2026-02-20 11:04:02 🏆 Imported #77 (0x0b95…31e2 → 0x315d…df71)    
2026-02-20 11:04:04 DCF Verifier: Block #78 verification passed    
2026-02-20 11:04:04 DCF: Finality advanced from 76 to 77 in epoch 0    
2026-02-20 11:04:04 DCF: Progressive finalization advanced to block 77    
2026-02-20 11:04:04 🏆 Imported #78 (0x315d…df71 → 0x2dfc…09c2)    
2026-02-20 11:04:06 💤 Idle (2 peers), best: #78 (0x2dfc…09c2), finalized #74 (0x61dc…3bd0), ⬇ 0.3kiB/s ⬆ 0.3kiB/s    
2026-02-20 11:04:06 DCF Finality Sync: Client at block #74, DCF finalized up to #77, syncing...    
2026-02-20 11:04:06 DCF Finality Sync: Sync complete. Client finalized head now at block #77    
2026-02-20 11:04:07 DCF: Finality advanced from 77 to 78 in epoch 0    
2026-02-20 11:04:07 DCF: Progressive finalization advanced to block 78    
2026-02-20 11:04:07 ProposerFactory: Successfully created block #79 with 1 extrinsics    
2026-02-20 11:04:07 DCF: Finality advanced from 77 to 78 in epoch 0    
2026-02-20 11:04:07 DCF: Progressive finalization advanced to block 78    
2026-02-20 11:04:07 🏆 Imported #79 (0x2dfc…09c2 → 0xb5d4…138b)    
2026-02-20 11:04:09 DCF Verifier: Block #80 verification passed    
2026-02-20 11:04:09 DCF: Finality advanced from 78 to 79 in epoch 0    
2026-02-20 11:04:09 DCF: Progressive finalization advanced to block 79    
2026-02-20 11:04:09 🏆 Imported #80 (0xb5d4…138b → 0x8230…b627)    
2026-02-20 11:04:09 DCF: Computed PoI score for validator=88dc3417d5058ec4b4503e0c12ea1a0a89be200fe98922423d4334014fa6b0ee (5FA9nQDV...), score=0, block=80    
2026-02-20 11:04:09 DCF: Computed PoI score for validator=d17c2d7823ebf260fd138f2d7e27d114c0145d968b5ff5006125f2414fadae69 (5GoNkf6W...), score=0, block=80    
2026-02-20 11:04:09 DCF: Computed PoI score for validator=439660b36c6c03afafca027b910b4fecf99801834c62a5e6006f27d978de234f (5DbKjhNL...), score=0, block=80    
2026-02-20 11:04:09 DCF off-chain worker completed computation    
2026-02-20 11:04:11 💤 Idle (2 peers), best: #80 (0x8230…b627), finalized #77 (0x315d…df71), ⬇ 0.2kiB/s ⬆ 0.2kiB/s    
2026-02-20 11:04:11 DCF Verifier: Block #81 verification passed    
2026-02-20 11:04:11 DCF: Finality advanced from 79 to 80 in epoch 0    
2026-02-20 11:04:11 DCF: Progressive finalization advanced to block 80    
2026-02-20 11:04:11 🏆 Imported #81 (0x8230…b627 → 0x0d71…c63d)    
2026-02-20 11:04:12 DCF Finality Sync: Client at block #77, DCF finalized up to #80, syncing...    
2026-02-20 11:04:12 DCF Finality Sync: Sync complete. Client finalized head now at block #80    
2026-02-20 11:04:14 DCF: Finality advanced from 80 to 81 in epoch 0    
2026-02-20 11:04:14 DCF: Progressive finalization advanced to block 81    
2026-02-20 11:04:14 ProposerFactory: Successfully created block #82 with 1 extrinsics    
2026-02-20 11:04:14 DCF: Finality advanced from 80 to 81 in epoch 0    
2026-02-20 11:04:14 DCF: Progressive finalization advanced to block 81    
2026-02-20 11:04:14 🏆 Imported #82 (0x0d71…c63d → 0xc1f8…8a14)    
2026-02-20 11:04:14 DCF Verifier: Block #83 verification passed    
2026-02-20 11:04:14 DCF: Finality advanced from 81 to 82 in epoch 0    
2026-02-20 11:04:14 DCF: Progressive finalization advanced to block 82    
2026-02-20 11:04:14 🏆 Imported #83 (0xc1f8…8a14 → 0x24c5…b01f)    
2026-02-20 11:04:16 💤 Idle (2 peers), best: #83 (0x24c5…b01f), finalized #80 (0x8230…b627), ⬇ 0.3kiB/s ⬆ 0.3kiB/s    
2026-02-20 11:04:17 DCF Verifier: Block #84 verification passed    
2026-02-20 11:04:17 DCF: Finality advanced from 82 to 83 in epoch 0    
2026-02-20 11:04:17 DCF: Progressive finalization advanced to block 83    
2026-02-20 11:04:17 🏆 Imported #84 (0x24c5…b01f → 0x702f…5884)    
2026-02-20 11:04:18 DCF Finality Sync: Client at block #80, DCF finalized up to #83, syncing...    
2026-02-20 11:04:18 DCF Finality Sync: Sync complete. Client finalized head now at block #83    
2026-02-20 11:04:20 DCF: Finality advanced from 83 to 84 in epoch 0    
2026-02-20 11:04:20 DCF: Progressive finalization advanced to block 84    
2026-02-20 11:04:20 ProposerFactory: Successfully created block #85 with 1 extrinsics    
2026-02-20 11:04:20 DCF: Finality advanced from 83 to 84 in epoch 0    
2026-02-20 11:04:20 DCF: Progressive finalization advanced to block 84    
2026-02-20 11:04:20 🏆 Imported #85 (0x702f…5884 → 0xd108…249c)    
2026-02-20 11:04:20 DCF: Computed PoI score for validator=88dc3417d5058ec4b4503e0c12ea1a0a89be200fe98922423d4334014fa6b0ee (5FA9nQDV...), score=0, block=85    
2026-02-20 11:04:20 DCF: Computed PoI score for validator=d17c2d7823ebf260fd138f2d7e27d114c0145d968b5ff5006125f2414fadae69 (5GoNkf6W...), score=0, block=85    
2026-02-20 11:04:20 DCF: Computed PoI score for validator=439660b36c6c03afafca027b910b4fecf99801834c62a5e6006f27d978de234f (5DbKjhNL...), score=0, block=85    
2026-02-20 11:04:20 DCF off-chain worker completed computation    
2026-02-20 11:04:20 DCF Verifier: Block #86 verification passed    
2026-02-20 11:04:20 DCF: Finality advanced from 84 to 85 in epoch 0    
2026-02-20 11:04:20 DCF: Progressive finalization advanced to block 85    
2026-02-20 11:04:20 🏆 Imported #86 (0xd108…249c → 0x570b…7f2c)    
2026-02-20 11:04:21 💤 Idle (2 peers), best: #86 (0x570b…7f2c), finalized #83 (0x24c5…b01f), ⬇ 0.3kiB/s ⬆ 0.2kiB/s    
2026-02-20 11:04:23 DCF Verifier: Block #87 verification passed    
2026-02-20 11:04:23 DCF: Finality advanced from 85 to 86 in epoch 0    
2026-02-20 11:04:23 DCF: Progressive finalization advanced to block 86    
2026-02-20 11:04:23 🏆 Imported #87 (0x570b…7f2c → 0x3433…154c)    
2026-02-20 11:04:24 DCF Finality Sync: Client at block #83, DCF finalized up to #86, syncing...    
2026-02-20 11:04:24 DCF Finality Sync: Sync complete. Client finalized head now at block #86    
2026-02-20 11:04:26 💤 Idle (2 peers), best: #87 (0x3433…154c), finalized #86 (0x570b…7f2c), ⬇ 0.1kiB/s ⬆ 0.2kiB/s    
2026-02-20 11:04:26 DCF: Finality advanced from 86 to 87 in epoch 0    
2026-02-20 11:04:26 DCF: Progressive finalization advanced to block 87    
2026-02-20 11:04:26 ProposerFactory: Successfully created block #88 with 1 extrinsics    
2026-02-20 11:04:26 DCF: Finality advanced from 86 to 87 in epoch 0    
2026-02-20 11:04:26 DCF: Progressive finalization advanced to block 87    
2026-02-20 11:04:26 🏆 Imported #88 (0x3433…154c → 0xa198…1217)    
2026-02-20 11:04:26 DCF Verifier: Block #89 verification passed    
2026-02-20 11:04:26 DCF: Finality advanced from 87 to 88 in epoch 0    
2026-02-20 11:04:26 DCF: Progressive finalization advanced to block 88    
2026-02-20 11:04:26 🏆 Imported #89 (0xa198…1217 → 0x2c8f…43c0)    
2026-02-20 11:04:29 DCF Verifier: Block #90 verification passed    
2026-02-20 11:04:29 DCF: Finality advanced from 88 to 89 in epoch 0    
2026-02-20 11:04:29 DCF: Progressive finalization advanced to block 89    
2026-02-20 11:04:29 🏆 Imported #90 (0x2c8f…43c0 → 0xe14c…aa8a)    
2026-02-20 11:04:29 DCF: Computed PoI score for validator=88dc3417d5058ec4b4503e0c12ea1a0a89be200fe98922423d4334014fa6b0ee (5FA9nQDV...), score=0, block=90    
2026-02-20 11:04:29 DCF: Computed PoI score for validator=d17c2d7823ebf260fd138f2d7e27d114c0145d968b5ff5006125f2414fadae69 (5GoNkf6W...), score=0, block=90    
2026-02-20 11:04:29 DCF: Computed PoI score for validator=439660b36c6c03afafca027b910b4fecf99801834c62a5e6006f27d978de234f (5DbKjhNL...), score=0, block=90    
2026-02-20 11:04:29 DCF off-chain worker completed computation    
2026-02-20 11:04:30 DCF Finality Sync: Client at block #86, DCF finalized up to #89, syncing...    
2026-02-20 11:04:30 DCF Finality Sync: Sync complete. Client finalized head now at block #89    
2026-02-20 11:04:31 💤 Idle (2 peers), best: #90 (0xe14c…aa8a), finalized #89 (0x2c8f…43c0), ⬇ 0.3kiB/s ⬆ 0.4kiB/s    
2026-02-20 11:04:32 Producing block #91 with author 88dc3417d5058ec4b4503e0c12ea1a0a89be200fe98922423d4334014fa6b0ee (5FA9nQDV...)    
2026-02-20 11:04:32 DCF: Finality advanced from 89 to 90 in epoch 0    
2026-02-20 11:04:32 DCF: Progressive finalization advanced to block 90    
2026-02-20 11:04:32 ProposerFactory: Successfully created block #91 with 1 extrinsics    
2026-02-20 11:04:32 DCF: Finality advanced from 89 to 90 in epoch 0    
2026-02-20 11:04:32 DCF: Progressive finalization advanced to block 90    
2026-02-20 11:04:32 🏆 Imported #91 (0xe14c…aa8a → 0x1458…0d4f)    
2026-02-20 11:04:32 DCF Verifier: Block #92 verification passed    
2026-02-20 11:04:32 DCF: Finality advanced from 90 to 91 in epoch 0    
2026-02-20 11:04:32 DCF: Progressive finalization advanced to block 91    
2026-02-20 11:04:32 🏆 Imported #92 (0x1458…0d4f → 0x7b6c…9ec0)    
2026-02-20 11:04:35 DCF Verifier: Block #93 verification passed    
2026-02-20 11:04:35 DCF: Finality advanced from 91 to 92 in epoch 0    
2026-02-20 11:04:35 DCF: Progressive finalization advanced to block 92    
2026-02-20 11:04:35 🏆 Imported #93 (0x7b6c…9ec0 → 0xb562…50ff)    
2026-02-20 11:04:36 💤 Idle (2 peers), best: #93 (0xb562…50ff), finalized #89 (0x2c8f…43c0), ⬇ 0.6kiB/s ⬆ 0.3kiB/s    
2026-02-20 11:04:36 DCF Finality Sync: Client at block #89, DCF finalized up to #92, syncing...    
2026-02-20 11:04:36 DCF Finality Sync: Sync complete. Client finalized head now at block #92    
2026-02-20 11:04:38 DCF: Finality advanced from 92 to 93 in epoch 0    
2026-02-20 11:04:38 DCF: Progressive finalization advanced to block 93    
2026-02-20 11:04:38 ProposerFactory: Successfully created block #94 with 1 extrinsics    
2026-02-20 11:04:38 DCF: Finality advanced from 92 to 93 in epoch 0    
2026-02-20 11:04:38 DCF: Progressive finalization advanced to block 93    
2026-02-20 11:04:38 🏆 Imported #94 (0xb562…50ff → 0xa41a…1406)    
2026-02-20 11:04:38 DCF Verifier: Block #95 verification passed    
2026-02-20 11:04:38 DCF: Finality advanced from 93 to 94 in epoch 0    
2026-02-20 11:04:38 DCF: Progressive finalization advanced to block 94    
2026-02-20 11:04:38 🏆 Imported #95 (0xa41a…1406 → 0xb84d…2cb7)    
2026-02-20 11:04:38 DCF: Computed PoI score for validator=88dc3417d5058ec4b4503e0c12ea1a0a89be200fe98922423d4334014fa6b0ee (5FA9nQDV...), score=0, block=95    
2026-02-20 11:04:38 DCF: Computed PoI score for validator=d17c2d7823ebf260fd138f2d7e27d114c0145d968b5ff5006125f2414fadae69 (5GoNkf6W...), score=0, block=95    
2026-02-20 11:04:38 DCF: Computed PoI score for validator=439660b36c6c03afafca027b910b4fecf99801834c62a5e6006f27d978de234f (5DbKjhNL...), score=0, block=95    
2026-02-20 11:04:38 DCF off-chain worker completed computation    
2026-02-20 11:04:41 💤 Idle (2 peers), best: #95 (0xb84d…2cb7), finalized #92 (0x7b6c…9ec0), ⬇ 0.2kiB/s ⬆ 0.2kiB/s    
2026-02-20 11:04:41 DCF Verifier: Block #96 verification passed    
2026-02-20 11:04:41 DCF: Finality advanced from 94 to 95 in epoch 0    
2026-02-20 11:04:41 DCF: Progressive finalization advanced to block 95    
2026-02-20 11:04:41 🏆 Imported #96 (0xb84d…2cb7 → 0x03a2…47a7)    
2026-02-20 11:04:42 DCF Finality Sync: Client at block #92, DCF finalized up to #95, syncing...    
2026-02-20 11:04:42 DCF Finality Sync: Sync complete. Client finalized head now at block #95    
2026-02-20 11:04:44 DCF: Finality advanced from 95 to 96 in epoch 0    
2026-02-20 11:04:44 DCF: Progressive finalization advanced to block 96    
2026-02-20 11:04:44 ProposerFactory: Successfully created block #97 with 1 extrinsics    
2026-02-20 11:04:44 DCF: Finality advanced from 95 to 96 in epoch 0    
2026-02-20 11:04:44 DCF: Progressive finalization advanced to block 96    
2026-02-20 11:04:44 🏆 Imported #97 (0x03a2…47a7 → 0x82af…9355)    
2026-02-20 11:04:44 DCF Verifier: Block #98 verification passed    
2026-02-20 11:04:44 DCF: Finality advanced from 96 to 97 in epoch 0    
2026-02-20 11:04:44 DCF: Progressive finalization advanced to block 97    
2026-02-20 11:04:44 🏆 Imported #98 (0x82af…9355 → 0x0956…2931)    
2026-02-20 11:04:46 💤 Idle (2 peers), best: #98 (0x0956…2931), finalized #95 (0xb84d…2cb7), ⬇ 0.3kiB/s ⬆ 0.4kiB/s    
2026-02-20 11:04:47 DCF Verifier: Block #99 verification passed    
2026-02-20 11:04:47 DCF: Finality advanced from 97 to 98 in epoch 0    
2026-02-20 11:04:47 DCF: Progressive finalization advanced to block 98    
2026-02-20 11:04:47 🏆 Imported #99 (0x0956…2931 → 0x828d…9b24)    
2026-02-20 11:04:48 DCF Finality Sync: Client at block #95, DCF finalized up to #98, syncing...    
2026-02-20 11:04:48 DCF Finality Sync: Sync complete. Client finalized head now at block #98    
2026-02-20 11:04:50 DCF: Finality advanced from 98 to 99 in epoch 0    
2026-02-20 11:04:50 DCF: Progressive finalization advanced to block 99    
2026-02-20 11:04:50 Failed to emit EVM-compatible event: ContainsNullBytes    
2026-02-20 11:04:50 Failed to emit EVM-compatible event: ContainsNullBytes    
2026-02-20 11:04:50 Failed to emit EVM-compatible event: ContainsNullBytes    
2026-02-20 11:04:50 DCF: Score aggregation completed - updated 3 validators    
2026-02-20 11:04:50 DCF: Performance analysis - 0 high performers, 0 low performers    
2026-02-20 11:04:50 DCF: Governance proposal generation completed    
2026-02-20 11:04:50 DCF: Epoch proposal generation completed    
2026-02-20 11:04:50 DCF: Processed 0 epoch proposals    
2026-02-20 11:04:50 DCF: Auto epoch transition 0 -> 1 (standard mode) - 3 active validators    
2026-02-20 11:04:50 Failed to emit EVM-compatible event: ContainsNullBytes    
2026-02-20 11:04:50 DCF: Deterministic epoch transition completed for epoch 1 at block 100 with 100 authors    
2026-02-20 11:04:50 DCF Health: epoch=1, validators=3/3, avg_score=32    
2026-02-20 11:04:50 DCF: Epoch metrics updated at block 100    
2026-02-20 11:04:50 ProposerFactory: Successfully created block #100 with 1 extrinsics    
2026-02-20 11:04:50 DCF: Finality advanced from 98 to 99 in epoch 0    
2026-02-20 11:04:50 DCF: Progressive finalization advanced to block 99    
2026-02-20 11:04:50 Failed to emit EVM-compatible event: ContainsNullBytes    
2026-02-20 11:04:50 Failed to emit EVM-compatible event: ContainsNullBytes    
2026-02-20 11:04:50 Failed to emit EVM-compatible event: ContainsNullBytes    
2026-02-20 11:04:50 DCF: Score aggregation completed - updated 3 validators    
2026-02-20 11:04:50 DCF: Performance analysis - 0 high performers, 0 low performers    
2026-02-20 11:04:50 DCF: Governance proposal generation completed    
2026-02-20 11:04:50 DCF: Epoch proposal generation completed    
2026-02-20 11:04:50 DCF: Processed 0 epoch proposals    
2026-02-20 11:04:50 DCF: Auto epoch transition 0 -> 1 (standard mode) - 3 active validators    
2026-02-20 11:04:50 Failed to emit EVM-compatible event: ContainsNullBytes    
2026-02-20 11:04:50 DCF: Deterministic epoch transition completed for epoch 1 at block 100 with 100 authors    
2026-02-20 11:04:50 DCF Health: epoch=1, validators=3/3, avg_score=32    
2026-02-20 11:04:50 DCF: Epoch metrics updated at block 100    
2026-02-20 11:04:50 🏆 Imported #100 (0x828d…9b24 → 0x8444…8dbe)    
2026-02-20 11:04:50 DCF: Computed PoI score for validator=88dc3417d5058ec4b4503e0c12ea1a0a89be200fe98922423d4334014fa6b0ee (5FA9nQDV...), score=0, block=100    
2026-02-20 11:04:50 DCF: Computed PoI score for validator=d17c2d7823ebf260fd138f2d7e27d114c0145d968b5ff5006125f2414fadae69 (5GoNkf6W...), score=0, block=100    
2026-02-20 11:04:50 DCF: Computed PoI score for validator=439660b36c6c03afafca027b910b4fecf99801834c62a5e6006f27d978de234f (5DbKjhNL...), score=0, block=100    
2026-02-20 11:04:50 DCF off-chain worker completed computation    
2026-02-20 11:04:50 PoS+PoI: Consensus Health - Block: 100, Slot: 34, Validators: 3, Healthy: 0, Avg Score: 32    
2026-02-20 11:04:50 DCF: Detected epoch boundary at block 100 - triggering transition check    
2026-02-20 11:04:50 DCF: Auto-detected epoch transition needed at block 100 (epoch 0 -> 1)    
2026-02-20 11:04:50 DCF: Confirmed epoch transition 0 -> 1 at block 100    
2026-02-20 11:04:50 DCF: Performing post-transition maintenance for epoch 1    
2026-02-20 11:04:50 DCF: New epoch 1 has 3 active validators    
2026-02-20 11:04:50 DCF: Top validators for epoch 1:    
2026-02-20 11:04:50   1. 88dc3417d5058ec4b4503e0c12ea1a0a89be200fe98922423d4334014fa6b0ee (5FA9nQDV...) - Combined: 32, PoS: 0, PoI: 80    
2026-02-20 11:04:50   2. d17c2d7823ebf260fd138f2d7e27d114c0145d968b5ff5006125f2414fadae69 (5GoNkf6W...) - Combined: 32, PoS: 0, PoI: 80    
2026-02-20 11:04:50   3. 439660b36c6c03afafca027b910b4fecf99801834c62a5e6006f27d978de234f (5DbKjhNL...) - Combined: 32, PoS: 0, PoI: 80    
2026-02-20 11:04:50 DCF: Generating validator management proposals for epoch 1    
2026-02-20 11:04:50 DCF: Analyzing validator performance for epoch 1 proposals    
2026-02-20 11:04:50 DCF: Found 3 underperforming validators for epoch 1    
2026-02-20 11:04:50   - 88dc3417d5058ec4b4503e0c12ea1a0a89be200fe98922423d4334014fa6b0ee (5FA9nQDV...): Combined=32, PoS=0, PoI=80    
2026-02-20 11:04:50   - d17c2d7823ebf260fd138f2d7e27d114c0145d968b5ff5006125f2414fadae69 (5GoNkf6W...): Combined=32, PoS=0, PoI=80    
2026-02-20 11:04:50   - 439660b36c6c03afafca027b910b4fecf99801834c62a5e6006f27d978de234f (5DbKjhNL...): Combined=32, PoS=0, PoI=80    
2026-02-20 11:04:51 DCF Verifier: Block #101 verification passed    
2026-02-20 11:04:51 DCF: Finality advanced from 99 to 100 in epoch 1    
2026-02-20 11:04:51 DCF: Progressive finalization advanced to block 100    
2026-02-20 11:04:51 🏆 Imported #101 (0x8444…8dbe → 0xb48d…82a3)    
2026-02-20 11:04:51 💤 Idle (2 peers), best: #101 (0xb48d…82a3), finalized #98 (0x0956…2931), ⬇ 0.2kiB/s ⬆ 0.3kiB/s    
2026-02-20 11:04:53 DCF Verifier: Block #102 verification passed    
2026-02-20 11:04:53 DCF: Finality advanced from 100 to 101 in epoch 1    
2026-02-20 11:04:53 DCF: Progressive finalization advanced to block 101    
2026-02-20 11:04:53 🏆 Imported #102 (0xb48d…82a3 → 0xd75b…5442)    
2026-02-20 11:04:54 DCF Finality Sync: Client at block #98, DCF finalized up to #101, syncing...    
2026-02-20 11:04:54 DCF Finality Sync: Sync complete. Client finalized head now at block #101    
2026-02-20 11:04:56 💤 Idle (2 peers), best: #102 (0xd75b…5442), finalized #101 (0xb48d…82a3), ⬇ 85 B/s ⬆ 56 B/s    
2026-02-20 11:04:56 DCF: Finality advanced from 101 to 102 in epoch 1    
2026-02-20 11:04:56 DCF: Progressive finalization advanced to block 102    
2026-02-20 11:04:56 ProposerFactory: Successfully created block #103 with 1 extrinsics    
2026-02-20 11:04:56 DCF: Finality advanced from 101 to 102 in epoch 1    
2026-02-20 11:04:56 DCF: Progressive finalization advanced to block 102    
2026-02-20 11:04:56 🏆 Imported #103 (0xd75b…5442 → 0xc66b…1922)    
2026-02-20 11:04:57 DCF Verifier: Block #104 verification passed    
2026-02-20 11:04:57 DCF: Finality advanced from 102 to 103 in epoch 1    
2026-02-20 11:04:57 DCF: Progressive finalization advanced to block 103    
2026-02-20 11:04:57 🏆 Imported #104 (0xc66b…1922 → 0xcb6f…470c)    
2026-02-20 11:04:59 DCF Verifier: Block #105 verification passed    
2026-02-20 11:04:59 DCF: Finality advanced from 103 to 104 in epoch 1    
2026-02-20 11:04:59 DCF: Progressive finalization advanced to block 104    
2026-02-20 11:04:59 🏆 Imported #105 (0xcb6f…470c → 0x6797…f962)    
2026-02-20 11:04:59 DCF: Computed PoI score for validator=88dc3417d5058ec4b4503e0c12ea1a0a89be200fe98922423d4334014fa6b0ee (5FA9nQDV...), score=0, block=105    
2026-02-20 11:04:59 DCF: Computed PoI score for validator=d17c2d7823ebf260fd138f2d7e27d114c0145d968b5ff5006125f2414fadae69 (5GoNkf6W...), score=0, block=105    
2026-02-20 11:04:59 DCF: Computed PoI score for validator=439660b36c6c03afafca027b910b4fecf99801834c62a5e6006f27d978de234f (5DbKjhNL...), score=0, block=105    
2026-02-20 11:04:59 DCF off-chain worker completed computation    
2026-02-20 11:05:00 DCF Finality Sync: Client at block #101, DCF finalized up to #104, syncing...    
2026-02-20 11:05:00 DCF Finality Sync: Sync complete. Client finalized head now at block #104    
2026-02-20 11:05:01 💤 Idle (2 peers), best: #105 (0x6797…f962), finalized #104 (0xcb6f…470c), ⬇ 0.4kiB/s ⬆ 0.3kiB/s    
2026-02-20 11:05:02 DCF: Finality advanced from 104 to 105 in epoch 1    
2026-02-20 11:05:02 DCF: Progressive finalization advanced to block 105    
2026-02-20 11:05:02 ProposerFactory: Successfully created block #106 with 1 extrinsics    
2026-02-20 11:05:02 DCF: Finality advanced from 104 to 105 in epoch 1    
2026-02-20 11:05:02 DCF: Progressive finalization advanced to block 105    
2026-02-20 11:05:02 🏆 Imported #106 (0x6797…f962 → 0xcd2f…6c1f)    
2026-02-20 11:05:03 DCF Verifier: Block #107 verification passed    
2026-02-20 11:05:03 DCF: Finality advanced from 105 to 106 in epoch 1    
2026-02-20 11:05:03 DCF: Progressive finalization advanced to block 106    
2026-02-20 11:05:03 🏆 Imported #107 (0xcd2f…6c1f → 0x72a1…0634)    
2026-02-20 11:05:05 DCF Verifier: Block #108 verification passed    
2026-02-20 11:05:05 DCF: Finality advanced from 106 to 107 in epoch 1    
2026-02-20 11:05:05 DCF: Progressive finalization advanced to block 107    
2026-02-20 11:05:05 🏆 Imported #108 (0x72a1…0634 → 0x92ed…4a04)    
2026-02-20 11:05:06 💤 Idle (2 peers), best: #108 (0x92ed…4a04), finalized #104 (0xcb6f…470c), ⬇ 0.2kiB/s ⬆ 0.3kiB/s    
2026-02-20 11:05:06 DCF Finality Sync: Client at block #104, DCF finalized up to #107, syncing...    
2026-02-20 11:05:06 DCF Finality Sync: Sync complete. Client finalized head now at block #107    
2026-02-20 11:05:08 DCF: Finality advanced from 107 to 108 in epoch 1    
2026-02-20 11:05:08 DCF: Progressive finalization advanced to block 108    
2026-02-20 11:05:08 ProposerFactory: Successfully created block #109 with 1 extrinsics    
2026-02-20 11:05:08 DCF: Finality advanced from 107 to 108 in epoch 1    
2026-02-20 11:05:08 DCF: Progressive finalization advanced to block 108    
2026-02-20 11:05:08 🏆 Imported #109 (0x92ed…4a04 → 0xbf38…5f98)    
2026-02-20 11:05:09 DCF Verifier: Block #110 verification passed    
2026-02-20 11:05:09 DCF: Finality advanced from 108 to 109 in epoch 1    
2026-02-20 11:05:09 DCF: Progressive finalization advanced to block 109    
2026-02-20 11:05:09 🏆 Imported #110 (0xbf38…5f98 → 0x07a0…6e53)    
2026-02-20 11:05:09 DCF: Computed PoI score for validator=88dc3417d5058ec4b4503e0c12ea1a0a89be200fe98922423d4334014fa6b0ee (5FA9nQDV...), score=0, block=110    
2026-02-20 11:05:09 DCF: Computed PoI score for validator=d17c2d7823ebf260fd138f2d7e27d114c0145d968b5ff5006125f2414fadae69 (5GoNkf6W...), score=0, block=110    
2026-02-20 11:05:09 DCF: Computed PoI score for validator=439660b36c6c03afafca027b910b4fecf99801834c62a5e6006f27d978de234f (5DbKjhNL...), score=0, block=110    
2026-02-20 11:05:09 DCF off-chain worker completed computation    
2026-02-20 11:05:11 💤 Idle (2 peers), best: #110 (0x07a0…6e53), finalized #107 (0x72a1…0634), ⬇ 0.2kiB/s ⬆ 0.2kiB/s    
2026-02-20 11:05:11 DCF Verifier: Block #111 verification passed    
2026-02-20 11:05:11 DCF: Finality advanced from 109 to 110 in epoch 1    
2026-02-20 11:05:11 DCF: Progressive finalization advanced to block 110    
2026-02-20 11:05:11 🏆 Imported #111 (0x07a0…6e53 → 0x7541…7d0c)    
2026-02-20 11:05:12 DCF Finality Sync: Client at block #107, DCF finalized up to #110, syncing...    
2026-02-20 11:05:12 DCF Finality Sync: Sync complete. Client finalized head now at block #110    
2026-02-20 11:05:15 DCF: Finality advanced from 110 to 111 in epoch 1    
2026-02-20 11:05:15 DCF: Progressive finalization advanced to block 111    
2026-02-20 11:05:15 ProposerFactory: Successfully created block #112 with 1 extrinsics    
2026-02-20 11:05:15 DCF: Finality advanced from 110 to 111 in epoch 1    
2026-02-20 11:05:15 DCF: Progressive finalization advanced to block 111    
2026-02-20 11:05:15 🏆 Imported #112 (0x7541…7d0c → 0xc0ae…de72)    
2026-02-20 11:05:15 DCF Verifier: Block #113 verification passed    
2026-02-20 11:05:15 DCF: Finality advanced from 111 to 112 in epoch 1    
2026-02-20 11:05:15 DCF: Progressive finalization advanced to block 112    
2026-02-20 11:05:15 🏆 Imported #113 (0xc0ae…de72 → 0x5112…7f39)    
2026-02-20 11:05:16 💤 Idle (2 peers), best: #113 (0x5112…7f39), finalized #110 (0x07a0…6e53), ⬇ 0.3kiB/s ⬆ 0.2kiB/s    
2026-02-20 11:05:17 DCF Verifier: Block #114 verification passed    
2026-02-20 11:05:18 DCF: Finality advanced from 112 to 113 in epoch 1    
2026-02-20 11:05:18 DCF: Progressive finalization advanced to block 113    
2026-02-20 11:05:18 🏆 Imported #114 (0x5112…7f39 → 0xaef8…ac7a)    
2026-02-20 11:05:18 DCF Finality Sync: Client at block #110, DCF finalized up to #113, syncing...    
2026-02-20 11:05:18 DCF Finality Sync: Sync complete. Client finalized head now at block #113    
2026-02-20 11:05:21 DCF: Finality advanced from 113 to 114 in epoch 1    
2026-02-20 11:05:21 DCF: Progressive finalization advanced to block 114    
2026-02-20 11:05:21 ProposerFactory: Successfully created block #115 with 1 extrinsics    
2026-02-20 11:05:21 DCF: Finality advanced from 113 to 114 in epoch 1    
2026-02-20 11:05:21 DCF: Progressive finalization advanced to block 114    
2026-02-20 11:05:21 🏆 Imported #115 (0xaef8…ac7a → 0x4202…79c0)    
2026-02-20 11:05:21 DCF: Computed PoI score for validator=88dc3417d5058ec4b4503e0c12ea1a0a89be200fe98922423d4334014fa6b0ee (5FA9nQDV...), score=0, block=115    
2026-02-20 11:05:21 DCF: Computed PoI score for validator=d17c2d7823ebf260fd138f2d7e27d114c0145d968b5ff5006125f2414fadae69 (5GoNkf6W...), score=0, block=115    
2026-02-20 11:05:21 DCF: Computed PoI score for validator=439660b36c6c03afafca027b910b4fecf99801834c62a5e6006f27d978de234f (5DbKjhNL...), score=0, block=115    
2026-02-20 11:05:21 DCF off-chain worker completed computation    
2026-02-20 11:05:21 💤 Idle (2 peers), best: #115 (0x4202…79c0), finalized #113 (0x5112…7f39), ⬇ 0.2kiB/s ⬆ 0.2kiB/s    
2026-02-20 11:05:21 DCF Verifier: Block #116 verification passed    
2026-02-20 11:05:21 DCF: Finality advanced from 114 to 115 in epoch 1    
2026-02-20 11:05:21 DCF: Progressive finalization advanced to block 115    
2026-02-20 11:05:21 🏆 Imported #116 (0x4202…79c0 → 0xfbfa…38da)    
2026-02-20 11:05:24 DCF Verifier: Block #117 verification passed    
2026-02-20 11:05:24 DCF: Finality advanced from 115 to 116 in epoch 1    
2026-02-20 11:05:24 DCF: Progressive finalization advanced to block 116    
2026-02-20 11:05:24 🏆 Imported #117 (0xfbfa…38da → 0xcf41…df95)    
2026-02-20 11:05:24 DCF Finality Sync: Client at block #113, DCF finalized up to #116, syncing...    
2026-02-20 11:05:24 DCF Finality Sync: Sync complete. Client finalized head now at block #116    
2026-02-20 11:05:26 💤 Idle (2 peers), best: #117 (0xcf41…df95), finalized #116 (0xfbfa…38da), ⬇ 0.2kiB/s ⬆ 0.3kiB/s    
2026-02-20 11:05:27 DCF: Finality advanced from 116 to 117 in epoch 1    
2026-02-20 11:05:27 DCF: Progressive finalization advanced to block 117    
2026-02-20 11:05:27 ProposerFactory: Successfully created block #118 with 1 extrinsics    
2026-02-20 11:05:27 DCF: Finality advanced from 116 to 117 in epoch 1    
2026-02-20 11:05:27 DCF: Progressive finalization advanced to block 117    
2026-02-20 11:05:27 🏆 Imported #118 (0xcf41…df95 → 0xbac0…d2aa)    
2026-02-20 11:05:27 DCF Verifier: Block #119 verification passed    
2026-02-20 11:05:27 DCF: Finality advanced from 117 to 118 in epoch 1    
2026-02-20 11:05:27 DCF: Progressive finalization advanced to block 118    
2026-02-20 11:05:27 🏆 Imported #119 (0xbac0…d2aa → 0x465e…b809)    
2026-02-20 11:05:30 DCF Verifier: Block #120 verification passed    
2026-02-20 11:05:30 DCF: Finality advanced from 118 to 119 in epoch 1    
2026-02-20 11:05:30 DCF: Progressive finalization advanced to block 119    
2026-02-20 11:05:30 🏆 Imported #120 (0x465e…b809 → 0x317e…d67e)    
2026-02-20 11:05:30 DCF: Computed PoI score for validator=88dc3417d5058ec4b4503e0c12ea1a0a89be200fe98922423d4334014fa6b0ee (5FA9nQDV...), score=0, block=120    
2026-02-20 11:05:30 DCF: Computed PoI score for validator=d17c2d7823ebf260fd138f2d7e27d114c0145d968b5ff5006125f2414fadae69 (5GoNkf6W...), score=0, block=120    
2026-02-20 11:05:30 DCF: Computed PoI score for validator=439660b36c6c03afafca027b910b4fecf99801834c62a5e6006f27d978de234f (5DbKjhNL...), score=0, block=120    
2026-02-20 11:05:30 DCF off-chain worker completed computation    
2026-02-20 11:05:30 Block Tracker: Statistics Report    
2026-02-20 11:05:30   Service uptime: 240.206704951s    
2026-02-20 11:05:30   Total blocks tracked: 120    
2026-02-20 11:05:30   Active validators monitored: 3    
2026-02-20 11:05:30   Overall participation rate: 100.00%    
2026-02-20 11:05:30   Total blocks authored: 119    
2026-02-20 11:05:30   Total blocks missed: 0    
2026-02-20 11:05:30   Top performers:    
2026-02-20 11:05:30     d17c2d7823ebf260fd138f2d7e27d114c0145d968b5ff5006125f2414fadae69 (5GoNkf6W...): 100.00% (34/34 blocks)    
2026-02-20 11:05:30     88dc3417d5058ec4b4503e0c12ea1a0a89be200fe98922423d4334014fa6b0ee (5FA9nQDV...): 100.00% (45/45 blocks)    
2026-02-20 11:05:30     439660b36c6c03afafca027b910b4fecf99801834c62a5e6006f27d978de234f (5DbKjhNL...): 100.00% (40/40 blocks)    
2026-02-20 11:05:30 DCF Finality Sync: Client at block #116, DCF finalized up to #119, syncing...    
2026-02-20 11:05:30 DCF Finality Sync: Sync complete. Client finalized head now at block #119    
2026-02-20 11:05:31 💤 Idle (2 peers), best: #120 (0x317e…d67e), finalized #119 (0x465e…b809), ⬇ 0.3kiB/s ⬆ 0.4kiB/s    
2026-02-20 11:05:33 Producing block #121 with author 439660b36c6c03afafca027b910b4fecf99801834c62a5e6006f27d978de234f (5DbKjhNL...)    
2026-02-20 11:05:33 DCF: Finality advanced from 119 to 120 in epoch 1    
2026-02-20 11:05:33 DCF: Progressive finalization advanced to block 120    
2026-02-20 11:05:33 ProposerFactory: Successfully created block #121 with 1 extrinsics    
2026-02-20 11:05:33 DCF: Finality advanced from 119 to 120 in epoch 1    
2026-02-20 11:05:33 DCF: Progressive finalization advanced to block 120    
2026-02-20 11:05:33 🏆 Imported #121 (0x317e…d67e → 0xc150…170b)    
2026-02-20 11:05:33 DCF Verifier: Block #122 verification passed    
2026-02-20 11:05:33 DCF: Finality advanced from 120 to 121 in epoch 1    
2026-02-20 11:05:33 DCF: Progressive finalization advanced to block 121    
2026-02-20 11:05:33 🏆 Imported #122 (0xc150…170b → 0x1a89…2d47)    
2026-02-20 11:05:36 💤 Idle (2 peers), best: #122 (0x1a89…2d47), finalized #119 (0x465e…b809), ⬇ 0.5kiB/s ⬆ 0.3kiB/s    
2026-02-20 11:05:36 DCF Verifier: Block #123 verification passed    
2026-02-20 11:05:36 DCF: Finality advanced from 121 to 122 in epoch 1    
2026-02-20 11:05:36 DCF: Progressive finalization advanced to block 122    
2026-02-20 11:05:36 🏆 Imported #123 (0x1a89…2d47 → 0xcf8a…a2cc)    
2026-02-20 11:05:36 DCF Finality Sync: Client at block #119, DCF finalized up to #122, syncing...    
2026-02-20 11:05:36 DCF Finality Sync: Sync complete. Client finalized head now at block #122    
2026-02-20 11:05:39 DCF: Finality advanced from 122 to 123 in epoch 1    
2026-02-20 11:05:39 DCF: Progressive finalization advanced to block 123    
2026-02-20 11:05:39 ProposerFactory: Successfully created block #124 with 1 extrinsics    
2026-02-20 11:05:39 DCF: Finality advanced from 122 to 123 in epoch 1    
2026-02-20 11:05:39 DCF: Progressive finalization advanced to block 123    
2026-02-20 11:05:39 🏆 Imported #124 (0xcf8a…a2cc → 0xa104…4b8b)    
2026-02-20 11:05:39 DCF Verifier: Block #125 verification passed    
2026-02-20 11:05:39 DCF: Finality advanced from 123 to 124 in epoch 1    
2026-02-20 11:05:39 DCF: Progressive finalization advanced to block 124    
2026-02-20 11:05:39 🏆 Imported #125 (0xa104…4b8b → 0x701c…ee76)    
2026-02-20 11:05:39 DCF: Computed PoI score for validator=88dc3417d5058ec4b4503e0c12ea1a0a89be200fe98922423d4334014fa6b0ee (5FA9nQDV...), score=0, block=125    
2026-02-20 11:05:39 DCF: Computed PoI score for validator=d17c2d7823ebf260fd138f2d7e27d114c0145d968b5ff5006125f2414fadae69 (5GoNkf6W...), score=0, block=125    
2026-02-20 11:05:39 DCF: Computed PoI score for validator=439660b36c6c03afafca027b910b4fecf99801834c62a5e6006f27d978de234f (5DbKjhNL...), score=0, block=125    
2026-02-20 11:05:39 DCF off-chain worker completed computation    
2026-02-20 11:05:41 💤 Idle (2 peers), best: #125 (0x701c…ee76), finalized #122 (0x1a89…2d47), ⬇ 0.3kiB/s ⬆ 0.2kiB/s    
2026-02-20 11:05:42 DCF Verifier: Block #126 verification passed    
2026-02-20 11:05:42 DCF: Finality advanced from 124 to 125 in epoch 1    
2026-02-20 11:05:42 DCF: Progressive finalization advanced to block 125    
2026-02-20 11:05:42 🏆 Imported #126 (0x701c…ee76 → 0xaaf0…2317)    
2026-02-20 11:05:42 DCF Finality Sync: Client at block #122, DCF finalized up to #125, syncing...    
2026-02-20 11:05:42 DCF Finality Sync: Sync complete. Client finalized head now at block #125    
2026-02-20 11:05:45 DCF: Finality advanced from 125 to 126 in epoch 1    
2026-02-20 11:05:45 DCF: Progressive finalization advanced to block 126    
2026-02-20 11:05:45 ProposerFactory: Successfully created block #127 with 1 extrinsics    
2026-02-20 11:05:45 DCF: Finality advanced from 125 to 126 in epoch 1    
2026-02-20 11:05:45 DCF: Progressive finalization advanced to block 126    
2026-02-20 11:05:45 🏆 Imported #127 (0xaaf0…2317 → 0x061a…7314)    
2026-02-20 11:05:45 DCF Verifier: Block #128 verification passed    
2026-02-20 11:05:45 DCF: Finality advanced from 126 to 127 in epoch 1    
2026-02-20 11:05:45 DCF: Progressive finalization advanced to block 127    
2026-02-20 11:05:45 🏆 Imported #128 (0x061a…7314 → 0xa0f3…a920)    
2026-02-20 11:05:46 💤 Idle (2 peers), best: #128 (0xa0f3…a920), finalized #125 (0x701c…ee76), ⬇ 0.3kiB/s ⬆ 0.3kiB/s    
2026-02-20 11:05:48 DCF Verifier: Block #129 verification passed    
2026-02-20 11:05:48 DCF: Finality advanced from 127 to 128 in epoch 1    
2026-02-20 11:05:48 DCF: Progressive finalization advanced to block 128    
2026-02-20 11:05:48 🏆 Imported #129 (0xa0f3…a920 → 0x4a9e…9057)    
2026-02-20 11:05:48 DCF Finality Sync: Client at block #125, DCF finalized up to #128, syncing...    
2026-02-20 11:05:48 DCF Finality Sync: Sync complete. Client finalized head now at block #128    
2026-02-20 11:05:51 💤 Idle (2 peers), best: #129 (0x4a9e…9057), finalized #128 (0xa0f3…a920), ⬇ 0.1kiB/s ⬆ 56 B/s    
2026-02-20 11:05:51 DCF: Finality advanced from 128 to 129 in epoch 1    
2026-02-20 11:05:51 DCF: Progressive finalization advanced to block 129    
2026-02-20 11:05:51 ProposerFactory: Successfully created block #130 with 1 extrinsics    
2026-02-20 11:05:51 DCF: Finality advanced from 128 to 129 in epoch 1    
2026-02-20 11:05:51 DCF: Progressive finalization advanced to block 129    
2026-02-20 11:05:51 🏆 Imported #130 (0x4a9e…9057 → 0x6672…2fec)    
2026-02-20 11:05:51 PoS+PoI: Consensus Health - Block: 130, Slot: 44, Validators: 3, Healthy: 3, Avg Score: 97    
2026-02-20 11:05:51 DCF: Computed PoI score for validator=88dc3417d5058ec4b4503e0c12ea1a0a89be200fe98922423d4334014fa6b0ee (5FA9nQDV...), score=0, block=130    
2026-02-20 11:05:51 DCF: Computed PoI score for validator=d17c2d7823ebf260fd138f2d7e27d114c0145d968b5ff5006125f2414fadae69 (5GoNkf6W...), score=0, block=130    
2026-02-20 11:05:51 DCF: Computed PoI score for validator=439660b36c6c03afafca027b910b4fecf99801834c62a5e6006f27d978de234f (5DbKjhNL...), score=0, block=130    
2026-02-20 11:05:51 DCF off-chain worker completed computation    
2026-02-20 11:05:51 DCF Verifier: Block #131 verification passed    
2026-02-20 11:05:51 DCF: Finality advanced from 129 to 130 in epoch 1    
2026-02-20 11:05:51 DCF: Progressive finalization advanced to block 130    
2026-02-20 11:05:51 🏆 Imported #131 (0x6672…2fec → 0x998b…4f51)    
2026-02-20 11:05:54 DCF Verifier: Block #132 verification passed    
2026-02-20 11:05:54 DCF: Finality advanced from 130 to 131 in epoch 1    
2026-02-20 11:05:54 DCF: Progressive finalization advanced to block 131    
2026-02-20 11:05:54 🏆 Imported #132 (0x998b…4f51 → 0x9b5d…88c3)    
2026-02-20 11:05:54 DCF Finality Sync: Client at block #128, DCF finalized up to #131, syncing...    
2026-02-20 11:05:54 DCF Finality Sync: Sync complete. Client finalized head now at block #131    
2026-02-20 11:05:56 💤 Idle (2 peers), best: #132 (0x9b5d…88c3), finalized #131 (0x998b…4f51), ⬇ 0.3kiB/s ⬆ 0.3kiB/s    
2026-02-20 11:05:57 DCF: Finality advanced from 131 to 132 in epoch 1    
2026-02-20 11:05:57 DCF: Progressive finalization advanced to block 132    
2026-02-20 11:05:57 ProposerFactory: Successfully created block #133 with 1 extrinsics    
2026-02-20 11:05:57 DCF: Finality advanced from 131 to 132 in epoch 1    
2026-02-20 11:05:57 DCF: Progressive finalization advanced to block 132    
2026-02-20 11:05:57 🏆 Imported #133 (0x9b5d…88c3 → 0xede2…c7ac)    
2026-02-20 11:05:57 DCF Verifier: Block #134 verification passed    
2026-02-20 11:05:57 DCF: Finality advanced from 132 to 133 in epoch 1    
2026-02-20 11:05:57 DCF: Progressive finalization advanced to block 133    
2026-02-20 11:05:57 🏆 Imported #134 (0xede2…c7ac → 0x35aa…1d45)    
2026-02-20 11:06:00 DCF Verifier: Block #135 verification passed    
2026-02-20 11:06:00 DCF: Finality advanced from 133 to 134 in epoch 1    
2026-02-20 11:06:00 DCF: Progressive finalization advanced to block 134    
2026-02-20 11:06:00 🏆 Imported #135 (0x35aa…1d45 → 0x69c1…56fb)    
2026-02-20 11:06:00 DCF: Computed PoI score for validator=88dc3417d5058ec4b4503e0c12ea1a0a89be200fe98922423d4334014fa6b0ee (5FA9nQDV...), score=0, block=135    
2026-02-20 11:06:00 DCF: Computed PoI score for validator=d17c2d7823ebf260fd138f2d7e27d114c0145d968b5ff5006125f2414fadae69 (5GoNkf6W...), score=0, block=135    
2026-02-20 11:06:00 DCF: Computed PoI score for validator=439660b36c6c03afafca027b910b4fecf99801834c62a5e6006f27d978de234f (5DbKjhNL...), score=0, block=135    
2026-02-20 11:06:00 DCF off-chain worker completed computation    
2026-02-20 11:06:00 DCF Finality Sync: Client at block #131, DCF finalized up to #134, syncing...    
2026-02-20 11:06:00 DCF Finality Sync: Sync complete. Client finalized head now at block #134    
2026-02-20 11:06:01 💤 Idle (2 peers), best: #135 (0x69c1…56fb), finalized #134 (0x35aa…1d45), ⬇ 0.3kiB/s ⬆ 0.3kiB/s    
2026-02-20 11:06:03 DCF: Finality advanced from 134 to 135 in epoch 1    
2026-02-20 11:06:03 DCF: Progressive finalization advanced to block 135    
2026-02-20 11:06:03 ProposerFactory: Successfully created block #136 with 1 extrinsics    
2026-02-20 11:06:03 DCF: Finality advanced from 134 to 135 in epoch 1    
2026-02-20 11:06:03 DCF: Progressive finalization advanced to block 135    
2026-02-20 11:06:03 🏆 Imported #136 (0x69c1…56fb → 0x52ab…43dd)    
2026-02-20 11:06:03 DCF Verifier: Block #137 verification passed    
2026-02-20 11:06:03 DCF: Finality advanced from 135 to 136 in epoch 1    
2026-02-20 11:06:03 DCF: Progressive finalization advanced to block 136    
2026-02-20 11:06:03 🏆 Imported #137 (0x52ab…43dd → 0xd852…5f21)    
2026-02-20 11:06:06 💤 Idle (2 peers), best: #137 (0xd852…5f21), finalized #134 (0x35aa…1d45), ⬇ 0.2kiB/s ⬆ 0.2kiB/s    
2026-02-20 11:06:06 DCF Verifier: Block #138 verification passed    
2026-02-20 11:06:06 DCF: Finality advanced from 136 to 137 in epoch 1    
2026-02-20 11:06:06 DCF: Progressive finalization advanced to block 137    
2026-02-20 11:06:06 🏆 Imported #138 (0xd852…5f21 → 0xaa09…df00)    
2026-02-20 11:06:06 DCF Finality Sync: Client at block #134, DCF finalized up to #137, syncing...    
2026-02-20 11:06:06 DCF Finality Sync: Sync complete. Client finalized head now at block #137    
2026-02-20 11:06:09 DCF: Finality advanced from 137 to 138 in epoch 1    
2026-02-20 11:06:09 DCF: Progressive finalization advanced to block 138    
2026-02-20 11:06:09 ProposerFactory: Successfully created block #139 with 1 extrinsics    
2026-02-20 11:06:09 DCF: Finality advanced from 137 to 138 in epoch 1    
2026-02-20 11:06:09 DCF: Progressive finalization advanced to block 138    
2026-02-20 11:06:09 🏆 Imported #139 (0xaa09…df00 → 0xb9f2…fd9f)    
2026-02-20 11:06:09 DCF Verifier: Block #140 verification passed    
2026-02-20 11:06:09 DCF: Finality advanced from 138 to 139 in epoch 1    
2026-02-20 11:06:09 DCF: Progressive finalization advanced to block 139    
2026-02-20 11:06:09 🏆 Imported #140 (0xb9f2…fd9f → 0x44cb…e212)    
2026-02-20 11:06:09 DCF: Computed PoI score for validator=88dc3417d5058ec4b4503e0c12ea1a0a89be200fe98922423d4334014fa6b0ee (5FA9nQDV...), score=0, block=140    
2026-02-20 11:06:09 DCF: Computed PoI score for validator=d17c2d7823ebf260fd138f2d7e27d114c0145d968b5ff5006125f2414fadae69 (5GoNkf6W...), score=0, block=140    
2026-02-20 11:06:09 DCF: Computed PoI score for validator=439660b36c6c03afafca027b910b4fecf99801834c62a5e6006f27d978de234f (5DbKjhNL...), score=0, block=140    
2026-02-20 11:06:09 DCF off-chain worker completed computation    
2026-02-20 11:06:11 💤 Idle (2 peers), best: #140 (0x44cb…e212), finalized #137 (0xd852…5f21), ⬇ 0.3kiB/s ⬆ 0.2kiB/s    
2026-02-20 11:06:12 DCF Verifier: Block #141 verification passed    
2026-02-20 11:06:12 DCF: Finality advanced from 139 to 140 in epoch 1    
2026-02-20 11:06:12 DCF: Progressive finalization advanced to block 140    
2026-02-20 11:06:12 🏆 Imported #141 (0x44cb…e212 → 0x3d22…b24b)    
2026-02-20 11:06:12 DCF Finality Sync: Client at block #137, DCF finalized up to #140, syncing...    
2026-02-20 11:06:12 DCF Finality Sync: Sync complete. Client finalized head now at block #140    
2026-02-20 11:06:15 DCF: Finality advanced from 140 to 141 in epoch 1    
2026-02-20 11:06:15 DCF: Progressive finalization advanced to block 141    
2026-02-20 11:06:15 ProposerFactory: Successfully created block #142 with 1 extrinsics    
2026-02-20 11:06:15 DCF: Finality advanced from 140 to 141 in epoch 1    
2026-02-20 11:06:15 DCF: Progressive finalization advanced to block 141    
2026-02-20 11:06:15 🏆 Imported #142 (0x3d22…b24b → 0x3df1…f5a8)    
2026-02-20 11:06:15 DCF Verifier: Block #143 verification passed    
2026-02-20 11:06:15 DCF: Finality advanced from 141 to 142 in epoch 1    
2026-02-20 11:06:15 DCF: Progressive finalization advanced to block 142    
2026-02-20 11:06:15 🏆 Imported #143 (0x3df1…f5a8 → 0x1f76…f687)    
2026-02-20 11:06:16 💤 Idle (2 peers), best: #143 (0x1f76…f687), finalized #140 (0x44cb…e212), ⬇ 0.3kiB/s ⬆ 0.3kiB/s    
2026-02-20 11:06:18 DCF Verifier: Block #144 verification passed    
2026-02-20 11:06:18 DCF: Finality advanced from 142 to 143 in epoch 1    
2026-02-20 11:06:18 DCF: Progressive finalization advanced to block 143    
2026-02-20 11:06:18 🏆 Imported #144 (0x1f76…f687 → 0xc099…62de)    
2026-02-20 11:06:18 DCF Finality Sync: Client at block #140, DCF finalized up to #143, syncing...    
2026-02-20 11:06:18 DCF Finality Sync: Sync complete. Client finalized head now at block #143    
2026-02-20 11:06:21 💤 Idle (2 peers), best: #144 (0xc099…62de), finalized #143 (0x1f76…f687), ⬇ 85 B/s ⬆ 56 B/s    
2026-02-20 11:06:21 DCF: Finality advanced from 143 to 144 in epoch 1    
2026-02-20 11:06:21 DCF: Progressive finalization advanced to block 144    
2026-02-20 11:06:21 ProposerFactory: Successfully created block #145 with 1 extrinsics    
2026-02-20 11:06:21 DCF: Finality advanced from 143 to 144 in epoch 1    
2026-02-20 11:06:21 DCF: Progressive finalization advanced to block 144    
2026-02-20 11:06:21 🏆 Imported #145 (0xc099…62de → 0x1fd2…41c1)    
2026-02-20 11:06:21 DCF: Computed PoI score for validator=88dc3417d5058ec4b4503e0c12ea1a0a89be200fe98922423d4334014fa6b0ee (5FA9nQDV...), score=0, block=145    
2026-02-20 11:06:21 DCF: Computed PoI score for validator=d17c2d7823ebf260fd138f2d7e27d114c0145d968b5ff5006125f2414fadae69 (5GoNkf6W...), score=0, block=145    
2026-02-20 11:06:21 DCF: Computed PoI score for validator=439660b36c6c03afafca027b910b4fecf99801834c62a5e6006f27d978de234f (5DbKjhNL...), score=0, block=145    
2026-02-20 11:06:21 DCF off-chain worker completed computation    
2026-02-20 11:06:24 DCF Verifier: Block #146 verification passed    
2026-02-20 11:06:24 DCF: Finality advanced from 144 to 145 in epoch 1    
2026-02-20 11:06:24 DCF: Progressive finalization advanced to block 145    
2026-02-20 11:06:24 🏆 Imported #146 (0x1fd2…41c1 → 0x5e99…0a3c)    
2026-02-20 11:06:24 DCF Finality Sync: Client at block #143, DCF finalized up to #145, syncing...    
2026-02-20 11:06:24 DCF Finality Sync: Sync complete. Client finalized head now at block #145    
2026-02-20 11:06:26 💤 Idle (2 peers), best: #146 (0x5e99…0a3c), finalized #145 (0x1fd2…41c1), ⬇ 0.2kiB/s ⬆ 0.4kiB/s    
2026-02-20 11:06:27 DCF: Finality advanced from 145 to 146 in epoch 1    
2026-02-20 11:06:27 DCF: Progressive finalization advanced to block 146    
2026-02-20 11:06:27 ProposerFactory: Successfully created block #147 with 1 extrinsics    
2026-02-20 11:06:27 DCF: Finality advanced from 145 to 146 in epoch 1    
2026-02-20 11:06:27 DCF: Progressive finalization advanced to block 146    
2026-02-20 11:06:27 🏆 Imported #147 (0x5e99…0a3c → 0x724b…12ee)    
2026-02-20 11:06:27 DCF: Refreshed scores for 3 validators    
2026-02-20 11:06:28 DCF Verifier: Block #148 verification passed    
2026-02-20 11:06:28 DCF: Finality advanced from 146 to 147 in epoch 1    
2026-02-20 11:06:28 DCF: Progressive finalization advanced to block 147    
2026-02-20 11:06:28 🏆 Imported #148 (0x724b…12ee → 0xce74…c627)    
2026-02-20 11:06:28 DCF: Refreshed scores for 3 validators    
2026-02-20 11:06:29 DCF: Refreshed scores for 3 validators    
2026-02-20 11:06:30 DCF Finality Sync: Client at block #145, DCF finalized up to #147, syncing...    
2026-02-20 11:06:30 DCF Finality Sync: Sync complete. Client finalized head now at block #147    
2026-02-20 11:06:30 DCF Verifier: Block #149 verification passed    
2026-02-20 11:06:30 DCF: Finality advanced from 147 to 148 in epoch 1    
2026-02-20 11:06:30 DCF: Progressive finalization advanced to block 148    
2026-02-20 11:06:30 🏆 Imported #149 (0xce74…c627 → 0xa5e4…956b)    
2026-02-20 11:06:30 DCF: Refreshed scores for 3 validators    
2026-02-20 11:06:31 💤 Idle (2 peers), best: #149 (0xa5e4…956b), finalized #147 (0x724b…12ee), ⬇ 1.8kiB/s ⬆ 1.7kiB/s    
2026-02-20 11:06:31 DCF: Refreshed scores for 3 validators    
2026-02-20 11:06:32 DCF: Refreshed scores for 3 validators    
2026-02-20 11:06:33 DCF: Finality advanced from 148 to 149 in epoch 1    
2026-02-20 11:06:33 DCF: Progressive finalization advanced to block 149    
2026-02-20 11:06:33 ProposerFactory: Successfully created block #150 with 1 extrinsics    
2026-02-20 11:06:33 DCF: Finality advanced from 148 to 149 in epoch 1    
2026-02-20 11:06:33 DCF: Progressive finalization advanced to block 149    
2026-02-20 11:06:33 🏆 Imported #150 (0xa5e4…956b → 0xb285…6cb6)    
2026-02-20 11:06:33 DCF: Computed PoI score for validator=88dc3417d5058ec4b4503e0c12ea1a0a89be200fe98922423d4334014fa6b0ee (5FA9nQDV...), score=0, block=150    
2026-02-20 11:06:33 DCF: Computed PoI score for validator=d17c2d7823ebf260fd138f2d7e27d114c0145d968b5ff5006125f2414fadae69 (5GoNkf6W...), score=0, block=150    
2026-02-20 11:06:33 DCF: Computed PoI score for validator=439660b36c6c03afafca027b910b4fecf99801834c62a5e6006f27d978de234f (5DbKjhNL...), score=0, block=150    
2026-02-20 11:06:33 DCF off-chain worker completed computation    
2026-02-20 11:06:33 PoS+PoI: Consensus Health - Block: 150, Slot: 51, Validators: 3, Healthy: 3, Avg Score: 100    
2026-02-20 11:06:34 DCF Verifier: Block #151 verification passed    
2026-02-20 11:06:34 DCF: Finality advanced from 149 to 150 in epoch 1    
2026-02-20 11:06:34 DCF: Progressive finalization advanced to block 150    
2026-02-20 11:06:34 🏆 Imported #151 (0xb285…6cb6 → 0xb12a…110f)    
2026-02-20 11:06:36 💤 Idle (2 peers), best: #151 (0xb12a…110f), finalized #147 (0x724b…12ee), ⬇ 0.5kiB/s ⬆ 0.3kiB/s    
2026-02-20 11:06:36 DCF Finality Sync: Client at block #147, DCF finalized up to #150, syncing...    
2026-02-20 11:06:36 DCF Finality Sync: Sync complete. Client finalized head now at block #150    
2026-02-20 11:06:36 DCF Verifier: Block #152 verification passed    
2026-02-20 11:06:36 DCF: Finality advanced from 150 to 151 in epoch 1    
2026-02-20 11:06:36 DCF: Progressive finalization advanced to block 151    
2026-02-20 11:06:36 🏆 Imported #152 (0xb12a…110f → 0x16b8…17d7)    
2026-02-20 11:06:39 DCF: Finality advanced from 151 to 152 in epoch 1    
2026-02-20 11:06:39 DCF: Progressive finalization advanced to block 152    
2026-02-20 11:06:39 ProposerFactory: Successfully created block #153 with 1 extrinsics    
2026-02-20 11:06:39 DCF: Finality advanced from 151 to 152 in epoch 1    
2026-02-20 11:06:39 DCF: Progressive finalization advanced to block 152    
2026-02-20 11:06:39 🏆 Imported #153 (0x16b8…17d7 → 0x00cb…fcca)    
2026-02-20 11:06:40 DCF Verifier: Block #154 verification passed    
2026-02-20 11:06:40 DCF: Finality advanced from 152 to 153 in epoch 1    
2026-02-20 11:06:40 DCF: Progressive finalization advanced to block 153    
2026-02-20 11:06:40 🏆 Imported #154 (0x00cb…fcca → 0x6b3b…23fc)    
2026-02-20 11:06:41 💤 Idle (2 peers), best: #154 (0x6b3b…23fc), finalized #150 (0xb285…6cb6), ⬇ 0.2kiB/s ⬆ 0.3kiB/s    
2026-02-20 11:06:42 DCF Finality Sync: Client at block #150, DCF finalized up to #153, syncing...    
2026-02-20 11:06:42 DCF Finality Sync: Sync complete. Client finalized head now at block #153    
2026-02-20 11:06:42 DCF Verifier: Block #155 verification passed    
2026-02-20 11:06:42 DCF: Finality advanced from 153 to 154 in epoch 1    
2026-02-20 11:06:42 DCF: Progressive finalization advanced to block 154    
2026-02-20 11:06:42 🏆 Imported #155 (0x6b3b…23fc → 0xf37e…6210)    
2026-02-20 11:06:42 DCF: Computed PoI score for validator=88dc3417d5058ec4b4503e0c12ea1a0a89be200fe98922423d4334014fa6b0ee (5FA9nQDV...), score=0, block=155    
2026-02-20 11:06:42 DCF: Computed PoI score for validator=d17c2d7823ebf260fd138f2d7e27d114c0145d968b5ff5006125f2414fadae69 (5GoNkf6W...), score=0, block=155    
2026-02-20 11:06:42 DCF: Computed PoI score for validator=439660b36c6c03afafca027b910b4fecf99801834c62a5e6006f27d978de234f (5DbKjhNL...), score=0, block=155    
2026-02-20 11:06:42 DCF off-chain worker completed computation    
2026-02-20 11:06:46 DCF: Finality advanced from 154 to 155 in epoch 1    
2026-02-20 11:06:46 DCF: Progressive finalization advanced to block 155    
2026-02-20 11:06:46 ProposerFactory: Successfully created block #156 with 1 extrinsics    
2026-02-20 11:06:46 DCF: Finality advanced from 154 to 155 in epoch 1    
2026-02-20 11:06:46 DCF: Progressive finalization advanced to block 155    
2026-02-20 11:06:46 🏆 Imported #156 (0xf37e…6210 → 0xd1dd…2fb7)    
2026-02-20 11:06:46 💤 Idle (2 peers), best: #156 (0xd1dd…2fb7), finalized #153 (0x00cb…fcca), ⬇ 0.2kiB/s ⬆ 0.2kiB/s    
2026-02-20 11:06:46 DCF Verifier: Block #157 verification passed    
2026-02-20 11:06:46 DCF: Finality advanced from 155 to 156 in epoch 1    
2026-02-20 11:06:46 DCF: Progressive finalization advanced to block 156    
2026-02-20 11:06:46 🏆 Imported #157 (0xd1dd…2fb7 → 0xfb32…a03e)    
2026-02-20 11:06:48 DCF Finality Sync: Client at block #153, DCF finalized up to #156, syncing...    
2026-02-20 11:06:48 DCF Finality Sync: Sync complete. Client finalized head now at block #156    
2026-02-20 11:06:49 DCF Verifier: Block #158 verification passed    
2026-02-20 11:06:49 DCF: Finality advanced from 156 to 157 in epoch 1    
2026-02-20 11:06:49 DCF: Progressive finalization advanced to block 157    
2026-02-20 11:06:49 🏆 Imported #158 (0xfb32…a03e → 0x45c2…96bf)    
2026-02-20 11:06:51 💤 Idle (2 peers), best: #158 (0x45c2…96bf), finalized #156 (0xd1dd…2fb7), ⬇ 0.2kiB/s ⬆ 0.2kiB/s    
2026-02-20 11:06:52 DCF: Finality advanced from 157 to 158 in epoch 1    
2026-02-20 11:06:52 DCF: Progressive finalization advanced to block 158    
2026-02-20 11:06:52 ProposerFactory: Successfully created block #159 with 1 extrinsics    
2026-02-20 11:06:52 DCF: Finality advanced from 157 to 158 in epoch 1    
2026-02-20 11:06:52 DCF: Progressive finalization advanced to block 158    
2026-02-20 11:06:52 🏆 Imported #159 (0x45c2…96bf → 0x7424…8243)    
2026-02-20 11:06:52 DCF Verifier: Block #160 verification passed    
2026-02-20 11:06:52 DCF: Finality advanced from 158 to 159 in epoch 1    
2026-02-20 11:06:52 DCF: Progressive finalization advanced to block 159    
2026-02-20 11:06:52 🏆 Imported #160 (0x7424…8243 → 0x3675…6e7b)    
2026-02-20 11:06:52 DCF: Computed PoI score for validator=88dc3417d5058ec4b4503e0c12ea1a0a89be200fe98922423d4334014fa6b0ee (5FA9nQDV...), score=0, block=160    
2026-02-20 11:06:52 DCF: Computed PoI score for validator=d17c2d7823ebf260fd138f2d7e27d114c0145d968b5ff5006125f2414fadae69 (5GoNkf6W...), score=0, block=160    
2026-02-20 11:06:52 DCF: Computed PoI score for validator=439660b36c6c03afafca027b910b4fecf99801834c62a5e6006f27d978de234f (5DbKjhNL...), score=0, block=160    
2026-02-20 11:06:52 DCF off-chain worker completed computation    
2026-02-20 11:06:54 DCF Finality Sync: Client at block #156, DCF finalized up to #159, syncing...    
2026-02-20 11:06:54 DCF Finality Sync: Sync complete. Client finalized head now at block #159    
2026-02-20 11:06:55 DCF Verifier: Block #161 verification passed    
2026-02-20 11:06:55 DCF: Finality advanced from 159 to 160 in epoch 1    
2026-02-20 11:06:55 DCF: Progressive finalization advanced to block 160    
2026-02-20 11:06:55 🏆 Imported #161 (0x3675…6e7b → 0x6474…fa32)    
2026-02-20 11:06:56 💤 Idle (2 peers), best: #161 (0x6474…fa32), finalized #159 (0x7424…8243), ⬇ 0.3kiB/s ⬆ 0.3kiB/s    
2026-02-20 11:06:58 DCF: Finality advanced from 160 to 161 in epoch 1    
2026-02-20 11:06:58 DCF: Progressive finalization advanced to block 161    
2026-02-20 11:06:58 ProposerFactory: Successfully created block #162 with 1 extrinsics    
2026-02-20 11:06:58 DCF: Finality advanced from 160 to 161 in epoch 1    
2026-02-20 11:06:58 DCF: Progressive finalization advanced to block 161    
2026-02-20 11:06:58 🏆 Imported #162 (0x6474…fa32 → 0xd721…678c)    
2026-02-20 11:06:58 DCF Verifier: Block #163 verification passed    
2026-02-20 11:06:58 DCF: Finality advanced from 161 to 162 in epoch 1    
2026-02-20 11:06:58 DCF: Progressive finalization advanced to block 162    
2026-02-20 11:06:58 🏆 Imported #163 (0xd721…678c → 0x9681…68bb)    
2026-02-20 11:07:00 DCF Finality Sync: Client at block #159, DCF finalized up to #162, syncing...    
2026-02-20 11:07:00 DCF Finality Sync: Sync complete. Client finalized head now at block #162    
2026-02-20 11:07:01 DCF Verifier: Block #164 verification passed    
2026-02-20 11:07:01 DCF: Finality advanced from 162 to 163 in epoch 1    
2026-02-20 11:07:01 DCF: Progressive finalization advanced to block 163    
2026-02-20 11:07:01 🏆 Imported #164 (0x9681…68bb → 0x6b32…985d)    
2026-02-20 11:07:01 💤 Idle (2 peers), best: #164 (0x6b32…985d), finalized #162 (0xd721…678c), ⬇ 0.3kiB/s ⬆ 0.3kiB/s    
2026-02-20 11:07:04 DCF: Finality advanced from 163 to 164 in epoch 1    
2026-02-20 11:07:04 DCF: Progressive finalization advanced to block 164    
2026-02-20 11:07:04 ProposerFactory: Successfully created block #165 with 1 extrinsics    
2026-02-20 11:07:04 DCF: Finality advanced from 163 to 164 in epoch 1    
2026-02-20 11:07:04 DCF: Progressive finalization advanced to block 164    
2026-02-20 11:07:04 🏆 Imported #165 (0x6b32…985d → 0xa318…cdf2)    
2026-02-20 11:07:04 DCF: Computed PoI score for validator=88dc3417d5058ec4b4503e0c12ea1a0a89be200fe98922423d4334014fa6b0ee (5FA9nQDV...), score=0, block=165    
2026-02-20 11:07:04 DCF: Computed PoI score for validator=d17c2d7823ebf260fd138f2d7e27d114c0145d968b5ff5006125f2414fadae69 (5GoNkf6W...), score=0, block=165    
2026-02-20 11:07:04 DCF: Computed PoI score for validator=439660b36c6c03afafca027b910b4fecf99801834c62a5e6006f27d978de234f (5DbKjhNL...), score=0, block=165    
2026-02-20 11:07:04 DCF off-chain worker completed computation    
2026-02-20 11:07:04 DCF Verifier: Block #166 verification passed    
2026-02-20 11:07:04 DCF: Finality advanced from 164 to 165 in epoch 1    
2026-02-20 11:07:04 DCF: Progressive finalization advanced to block 165    
2026-02-20 11:07:04 🏆 Imported #166 (0xa318…cdf2 → 0x7ee3…0fd5)    
2026-02-20 11:07:06 💤 Idle (2 peers), best: #166 (0x7ee3…0fd5), finalized #162 (0xd721…678c), ⬇ 0.2kiB/s ⬆ 0.2kiB/s    
2026-02-20 11:07:06 DCF Finality Sync: Client at block #162, DCF finalized up to #165, syncing...    
2026-02-20 11:07:06 DCF Finality Sync: Sync complete. Client finalized head now at block #165    
2026-02-20 11:07:07 DCF Verifier: Block #167 verification passed    
2026-02-20 11:07:07 DCF: Finality advanced from 165 to 166 in epoch 1    
2026-02-20 11:07:07 DCF: Progressive finalization advanced to block 166    
2026-02-20 11:07:07 🏆 Imported #167 (0x7ee3…0fd5 → 0x96f0…ae2e)    
2026-02-20 11:07:10 DCF: Finality advanced from 166 to 167 in epoch 1    
2026-02-20 11:07:10 DCF: Progressive finalization advanced to block 167    
2026-02-20 11:07:10 ProposerFactory: Successfully created block #168 with 1 extrinsics    
2026-02-20 11:07:10 DCF: Finality advanced from 166 to 167 in epoch 1    
2026-02-20 11:07:10 DCF: Progressive finalization advanced to block 167    
2026-02-20 11:07:10 🏆 Imported #168 (0x96f0…ae2e → 0x94fd…2247)    
2026-02-20 11:07:11 💤 Idle (2 peers), best: #168 (0x94fd…2247), finalized #165 (0xa318…cdf2), ⬇ 0.1kiB/s ⬆ 0.2kiB/s    
2026-02-20 11:07:12 DCF Finality Sync: Client at block #165, DCF finalized up to #167, syncing...    
2026-02-20 11:07:12 DCF Finality Sync: Sync complete. Client finalized head now at block #167    
2026-02-20 11:07:13 DCF Verifier: Block #169 verification passed    
2026-02-20 11:07:13 DCF: Finality advanced from 167 to 168 in epoch 1    
2026-02-20 11:07:13 DCF: Progressive finalization advanced to block 168    
2026-02-20 11:07:13 🏆 Imported #169 (0x94fd…2247 → 0xd00b…c4ca)    
2026-02-20 11:07:16 💤 Idle (2 peers), best: #169 (0xd00b…c4ca), finalized #167 (0x96f0…ae2e), ⬇ 0.1kiB/s ⬆ 82 B/s    
2026-02-20 11:07:16 DCF: Finality advanced from 168 to 169 in epoch 1    
2026-02-20 11:07:16 DCF: Progressive finalization advanced to block 169    
2026-02-20 11:07:16 ProposerFactory: Successfully created block #170 with 1 extrinsics    
2026-02-20 11:07:16 DCF: Finality advanced from 168 to 169 in epoch 1    
2026-02-20 11:07:16 DCF: Progressive finalization advanced to block 169    
2026-02-20 11:07:16 🏆 Imported #170 (0xd00b…c4ca → 0x2d83…30f8)    
2026-02-20 11:07:16 PoS+PoI: Consensus Health - Block: 170, Slot: 58, Validators: 3, Healthy: 3, Avg Score: 100    
2026-02-20 11:07:16 DCF: Computed PoI score for validator=88dc3417d5058ec4b4503e0c12ea1a0a89be200fe98922423d4334014fa6b0ee (5FA9nQDV...), score=0, block=170    
2026-02-20 11:07:16 DCF: Computed PoI score for validator=d17c2d7823ebf260fd138f2d7e27d114c0145d968b5ff5006125f2414fadae69 (5GoNkf6W...), score=0, block=170    
2026-02-20 11:07:16 DCF: Computed PoI score for validator=439660b36c6c03afafca027b910b4fecf99801834c62a5e6006f27d978de234f (5DbKjhNL...), score=0, block=170    
2026-02-20 11:07:16 DCF off-chain worker completed computation    
2026-02-20 11:07:18 DCF Finality Sync: Client at block #167, DCF finalized up to #169, syncing...    
2026-02-20 11:07:18 DCF Finality Sync: Sync complete. Client finalized head now at block #169    
2026-02-20 11:07:19 DCF Verifier: Block #171 verification passed    
2026-02-20 11:07:19 DCF: Finality advanced from 169 to 170 in epoch 1    
2026-02-20 11:07:19 DCF: Progressive finalization advanced to block 170    
2026-02-20 11:07:19 🏆 Imported #171 (0x2d83…30f8 → 0x162e…06df)    
2026-02-20 11:07:21 💤 Idle (2 peers), best: #171 (0x162e…06df), finalized #169 (0xd00b…c4ca), ⬇ 0.2kiB/s ⬆ 0.1kiB/s    
2026-02-20 11:07:22 DCF Verifier: Block #172 verification passed    
2026-02-20 11:07:22 DCF: Finality advanced from 170 to 171 in epoch 1    
2026-02-20 11:07:22 DCF: Progressive finalization advanced to block 171    
2026-02-20 11:07:22 DCF: Finality advanced from 170 to 171 in epoch 1    
2026-02-20 11:07:22 DCF: Progressive finalization advanced to block 171    
2026-02-20 11:07:22 🏆 Imported #172 (0x162e…06df → 0x9cf0…5370)    
2026-02-20 11:07:22 ProposerFactory: Successfully created block #172 with 1 extrinsics    
2026-02-20 11:07:22 DCF: Finality advanced from 170 to 171 in epoch 1    
2026-02-20 11:07:22 DCF: Progressive finalization advanced to block 171    
2026-02-20 11:07:24 DCF Finality Sync: Client at block #169, DCF finalized up to #171, syncing...    
2026-02-20 11:07:24 DCF Finality Sync: Sync complete. Client finalized head now at block #171    
2026-02-20 11:07:25 DCF Verifier: Block #173 verification passed    
2026-02-20 11:07:25 DCF: Finality advanced from 171 to 172 in epoch 1    
2026-02-20 11:07:25 DCF: Progressive finalization advanced to block 172    
2026-02-20 11:07:25 🏆 Imported #173 (0x9cf0…5370 → 0xbd54…b89c)    
2026-02-20 11:07:26 💤 Idle (2 peers), best: #173 (0xbd54…b89c), finalized #171 (0x162e…06df), ⬇ 0.2kiB/s ⬆ 0.3kiB/s    
2026-02-20 11:07:28 DCF: Finality advanced from 172 to 173 in epoch 1    
2026-02-20 11:07:28 DCF: Progressive finalization advanced to block 173    
2026-02-20 11:07:28 ProposerFactory: Successfully created block #174 with 1 extrinsics    
2026-02-20 11:07:28 DCF: Finality advanced from 172 to 173 in epoch 1    
2026-02-20 11:07:28 DCF: Progressive finalization advanced to block 173    
2026-02-20 11:07:28 🏆 Imported #174 (0xbd54…b89c → 0x3380…0e7b)    
2026-02-20 11:07:28 DCF Verifier: Block #175 verification passed    
2026-02-20 11:07:28 DCF: Finality advanced from 173 to 174 in epoch 1    
2026-02-20 11:07:28 DCF: Progressive finalization advanced to block 174    
2026-02-20 11:07:28 🏆 Imported #175 (0x3380…0e7b → 0x9d95…8747)    
2026-02-20 11:07:28 DCF: Computed PoI score for validator=88dc3417d5058ec4b4503e0c12ea1a0a89be200fe98922423d4334014fa6b0ee (5FA9nQDV...), score=0, block=175    
2026-02-20 11:07:28 DCF: Computed PoI score for validator=d17c2d7823ebf260fd138f2d7e27d114c0145d968b5ff5006125f2414fadae69 (5GoNkf6W...), score=0, block=175    
2026-02-20 11:07:28 DCF: Computed PoI score for validator=439660b36c6c03afafca027b910b4fecf99801834c62a5e6006f27d978de234f (5DbKjhNL...), score=0, block=175    
2026-02-20 11:07:28 DCF off-chain worker completed computation    
2026-02-20 11:07:30 Block Tracker: Statistics Report    
2026-02-20 11:07:30   Service uptime: 360.484087452s    
2026-02-20 11:07:30   Total blocks tracked: 175    
2026-02-20 11:07:30   Active validators monitored: 3    
2026-02-20 11:07:30   Overall participation rate: 100.00%    
2026-02-20 11:07:30   Total blocks authored: 174    
2026-02-20 11:07:30   Total blocks missed: 0    
2026-02-20 11:07:30   Top performers:    
2026-02-20 11:07:30     d17c2d7823ebf260fd138f2d7e27d114c0145d968b5ff5006125f2414fadae69 (5GoNkf6W...): 100.00% (55/55 blocks)    
2026-02-20 11:07:30     88dc3417d5058ec4b4503e0c12ea1a0a89be200fe98922423d4334014fa6b0ee (5FA9nQDV...): 100.00% (66/66 blocks)    
2026-02-20 11:07:30     439660b36c6c03afafca027b910b4fecf99801834c62a5e6006f27d978de234f (5DbKjhNL...): 100.00% (53/53 blocks)    
2026-02-20 11:07:31 DCF Finality Sync: Client at block #171, DCF finalized up to #174, syncing...    
2026-02-20 11:07:31 DCF Finality Sync: Sync complete. Client finalized head now at block #174    
2026-02-20 11:07:31 💤 Idle (2 peers), best: #175 (0x9d95…8747), finalized #174 (0x3380…0e7b), ⬇ 0.2kiB/s ⬆ 0.4kiB/s    
2026-02-20 11:07:31 DCF Verifier: Block #176 verification passed    
2026-02-20 11:07:31 DCF: Finality advanced from 174 to 175 in epoch 1    
2026-02-20 11:07:31 DCF: Progressive finalization advanced to block 175    
2026-02-20 11:07:31 🏆 Imported #176 (0x9d95…8747 → 0x4fd6…4111)    
2026-02-20 11:07:34 DCF Verifier: Block #177 verification passed    
2026-02-20 11:07:34 DCF: Finality advanced from 175 to 176 in epoch 1    
2026-02-20 11:07:34 DCF: Progressive finalization advanced to block 176    
2026-02-20 11:07:34 🏆 Imported #177 (0x4fd6…4111 → 0x32a6…0193)    
2026-02-20 11:07:34 DCF: Finality advanced from 176 to 177 in epoch 1    
2026-02-20 11:07:34 DCF: Progressive finalization advanced to block 177    
2026-02-20 11:07:34 ProposerFactory: Successfully created block #178 with 1 extrinsics    
2026-02-20 11:07:34 DCF: Finality advanced from 176 to 177 in epoch 1    
2026-02-20 11:07:34 DCF: Progressive finalization advanced to block 177    
2026-02-20 11:07:34 🏆 Imported #178 (0x32a6…0193 → 0x9669…bee7)    
2026-02-20 11:07:36 💤 Idle (2 peers), best: #178 (0x9669…bee7), finalized #174 (0x3380…0e7b), ⬇ 0.6kiB/s ⬆ 0.3kiB/s    
2026-02-20 11:07:37 DCF Finality Sync: Client at block #174, DCF finalized up to #177, syncing...    
2026-02-20 11:07:37 DCF Finality Sync: Sync complete. Client finalized head now at block #177    
2026-02-20 11:07:37 DCF Verifier: Block #179 verification passed    
2026-02-20 11:07:37 DCF: Finality advanced from 177 to 178 in epoch 1    
2026-02-20 11:07:37 DCF: Progressive finalization advanced to block 178    
2026-02-20 11:07:37 🏆 Imported #179 (0x9669…bee7 → 0xdb23…ae3b)    
2026-02-20 11:07:40 DCF Verifier: Block #180 verification passed    
2026-02-20 11:07:40 DCF: Finality advanced from 178 to 179 in epoch 1    
2026-02-20 11:07:40 DCF: Progressive finalization advanced to block 179    
2026-02-20 11:07:40 🏆 Imported #180 (0xdb23…ae3b → 0x3b01…0e11)    
2026-02-20 11:07:40 DCF: Computed PoI score for validator=88dc3417d5058ec4b4503e0c12ea1a0a89be200fe98922423d4334014fa6b0ee (5FA9nQDV...), score=0, block=180    
2026-02-20 11:07:40 DCF: Computed PoI score for validator=d17c2d7823ebf260fd138f2d7e27d114c0145d968b5ff5006125f2414fadae69 (5GoNkf6W...), score=0, block=180    
2026-02-20 11:07:40 DCF: Computed PoI score for validator=439660b36c6c03afafca027b910b4fecf99801834c62a5e6006f27d978de234f (5DbKjhNL...), score=0, block=180    
2026-02-20 11:07:40 DCF off-chain worker completed computation    
2026-02-20 11:07:40 Producing block #181 with author 88dc3417d5058ec4b4503e0c12ea1a0a89be200fe98922423d4334014fa6b0ee (5FA9nQDV...)    
2026-02-20 11:07:40 DCF: Finality advanced from 179 to 180 in epoch 1    
2026-02-20 11:07:40 DCF: Progressive finalization advanced to block 180    
2026-02-20 11:07:40 ProposerFactory: Successfully created block #181 with 1 extrinsics    
2026-02-20 11:07:40 DCF: Finality advanced from 179 to 180 in epoch 1    
2026-02-20 11:07:40 DCF: Progressive finalization advanced to block 180    
2026-02-20 11:07:40 🏆 Imported #181 (0x3b01…0e11 → 0xba27…10d3)    
2026-02-20 11:07:41 💤 Idle (2 peers), best: #181 (0xba27…10d3), finalized #177 (0x32a6…0193), ⬇ 0.3kiB/s ⬆ 0.3kiB/s    
2026-02-20 11:07:43 DCF Finality Sync: Client at block #177, DCF finalized up to #180, syncing...    
2026-02-20 11:07:43 DCF Finality Sync: Sync complete. Client finalized head now at block #180    
2026-02-20 11:07:43 DCF Verifier: Block #182 verification passed    
2026-02-20 11:07:43 DCF: Finality advanced from 180 to 181 in epoch 1    
2026-02-20 11:07:43 DCF: Progressive finalization advanced to block 181    
2026-02-20 11:07:43 🏆 Imported #182 (0xba27…10d3 → 0x8fe1…0b47)    
2026-02-20 11:07:46 💤 Idle (2 peers), best: #182 (0x8fe1…0b47), finalized #180 (0x3b01…0e11), ⬇ 0.1kiB/s ⬆ 82 B/s    
2026-02-20 11:07:46 DCF Verifier: Block #183 verification passed    
2026-02-20 11:07:46 DCF: Finality advanced from 181 to 182 in epoch 1    
2026-02-20 11:07:46 DCF: Progressive finalization advanced to block 182    
2026-02-20 11:07:46 🏆 Imported #183 (0x8fe1…0b47 → 0xb92e…a806)    
2026-02-20 11:07:46 DCF: Finality advanced from 182 to 183 in epoch 1    
2026-02-20 11:07:46 DCF: Progressive finalization advanced to block 183    
2026-02-20 11:07:46 ProposerFactory: Successfully created block #184 with 1 extrinsics    
2026-02-20 11:07:46 DCF: Finality advanced from 182 to 183 in epoch 1    
2026-02-20 11:07:46 DCF: Progressive finalization advanced to block 183    
2026-02-20 11:07:46 🏆 Imported #184 (0xb92e…a806 → 0x2a03…d425)    
2026-02-20 11:07:49 DCF Finality Sync: Client at block #180, DCF finalized up to #183, syncing...    
2026-02-20 11:07:49 DCF Finality Sync: Sync complete. Client finalized head now at block #183    
2026-02-20 11:07:49 DCF Verifier: Block #185 verification passed    
2026-02-20 11:07:49 DCF: Finality advanced from 183 to 184 in epoch 1    
2026-02-20 11:07:49 DCF: Progressive finalization advanced to block 184    
2026-02-20 11:07:49 🏆 Imported #185 (0x2a03…d425 → 0xde1e…2b5b)    
2026-02-20 11:07:49 DCF: Computed PoI score for validator=88dc3417d5058ec4b4503e0c12ea1a0a89be200fe98922423d4334014fa6b0ee (5FA9nQDV...), score=0, block=185    
2026-02-20 11:07:49 DCF: Computed PoI score for validator=d17c2d7823ebf260fd138f2d7e27d114c0145d968b5ff5006125f2414fadae69 (5GoNkf6W...), score=0, block=185    
2026-02-20 11:07:49 DCF: Computed PoI score for validator=439660b36c6c03afafca027b910b4fecf99801834c62a5e6006f27d978de234f (5DbKjhNL...), score=0, block=185    
2026-02-20 11:07:49 DCF off-chain worker completed computation    
2026-02-20 11:07:51 💤 Idle (2 peers), best: #185 (0xde1e…2b5b), finalized #183 (0xb92e…a806), ⬇ 0.3kiB/s ⬆ 0.3kiB/s    
2026-02-20 11:07:52 DCF: Finality advanced from 184 to 185 in epoch 1    
2026-02-20 11:07:52 DCF: Progressive finalization advanced to block 185    
2026-02-20 11:07:52 ProposerFactory: Successfully created block #186 with 1 extrinsics    
2026-02-20 11:07:52 DCF: Finality advanced from 184 to 185 in epoch 1    
2026-02-20 11:07:52 DCF: Progressive finalization advanced to block 185    
2026-02-20 11:07:52 🏆 Imported #186 (0xde1e…2b5b → 0x6372…7a37)    
2026-02-20 11:07:55 DCF Finality Sync: Client at block #183, DCF finalized up to #185, syncing...    
2026-02-20 11:07:55 DCF Finality Sync: Sync complete. Client finalized head now at block #185    
2026-02-20 11:07:55 DCF Verifier: Block #187 verification passed    
2026-02-20 11:07:55 DCF: Finality advanced from 185 to 186 in epoch 1    
2026-02-20 11:07:55 DCF: Progressive finalization advanced to block 186    
2026-02-20 11:07:55 🏆 Imported #187 (0x6372…7a37 → 0xba88…42fe)    
2026-02-20 11:07:56 💤 Idle (2 peers), best: #187 (0xba88…42fe), finalized #185 (0xde1e…2b5b), ⬇ 0.2kiB/s ⬆ 0.2kiB/s    
2026-02-20 11:07:58 DCF: Finality advanced from 186 to 187 in epoch 1    
2026-02-20 11:07:58 DCF: Progressive finalization advanced to block 187    
2026-02-20 11:07:58 ProposerFactory: Successfully created block #188 with 1 extrinsics    
2026-02-20 11:07:58 DCF: Finality advanced from 186 to 187 in epoch 1    
2026-02-20 11:07:58 DCF: Progressive finalization advanced to block 187    
2026-02-20 11:07:58 🏆 Imported #188 (0xba88…42fe → 0x8e56…4f78)    
2026-02-20 11:07:59 DCF Verifier: Block #189 verification passed    
2026-02-20 11:07:59 DCF: Finality advanced from 187 to 188 in epoch 1    
2026-02-20 11:07:59 DCF: Progressive finalization advanced to block 188    
2026-02-20 11:07:59 🏆 Imported #189 (0x8e56…4f78 → 0xc8a5…54cf)    
2026-02-20 11:08:01 DCF Finality Sync: Client at block #185, DCF finalized up to #188, syncing...    
2026-02-20 11:08:01 DCF Finality Sync: Sync complete. Client finalized head now at block #188    
2026-02-20 11:08:01 💤 Idle (2 peers), best: #189 (0xc8a5…54cf), finalized #188 (0x8e56…4f78), ⬇ 0.2kiB/s ⬆ 0.2kiB/s    
2026-02-20 11:08:01 DCF Verifier: Block #190 verification passed    
2026-02-20 11:08:01 DCF: Finality advanced from 188 to 189 in epoch 1    
2026-02-20 11:08:01 DCF: Progressive finalization advanced to block 189    
2026-02-20 11:08:01 🏆 Imported #190 (0xc8a5…54cf → 0x818b…d3c2)    
2026-02-20 11:08:01 DCF: Computed PoI score for validator=88dc3417d5058ec4b4503e0c12ea1a0a89be200fe98922423d4334014fa6b0ee (5FA9nQDV...), score=0, block=190    
2026-02-20 11:08:01 DCF: Computed PoI score for validator=d17c2d7823ebf260fd138f2d7e27d114c0145d968b5ff5006125f2414fadae69 (5GoNkf6W...), score=0, block=190    
2026-02-20 11:08:01 DCF: Computed PoI score for validator=439660b36c6c03afafca027b910b4fecf99801834c62a5e6006f27d978de234f (5DbKjhNL...), score=0, block=190    
2026-02-20 11:08:01 DCF off-chain worker completed computation    
2026-02-20 11:08:04 Producing block #191 with author 439660b36c6c03afafca027b910b4fecf99801834c62a5e6006f27d978de234f (5DbKjhNL...)    
2026-02-20 11:08:04 DCF: Finality advanced from 189 to 190 in epoch 1    
2026-02-20 11:08:04 DCF: Progressive finalization advanced to block 190    
2026-02-20 11:08:04 ProposerFactory: Successfully created block #191 with 1 extrinsics    
2026-02-20 11:08:04 DCF: Finality advanced from 189 to 190 in epoch 1    
2026-02-20 11:08:04 DCF: Progressive finalization advanced to block 190    
2026-02-20 11:08:04 🏆 Imported #191 (0x818b…d3c2 → 0x3cf6…0216)    
2026-02-20 11:08:05 DCF Verifier: Block #192 verification passed    
2026-02-20 11:08:05 DCF: Finality advanced from 190 to 191 in epoch 1    
2026-02-20 11:08:05 DCF: Progressive finalization advanced to block 191    
2026-02-20 11:08:05 🏆 Imported #192 (0x3cf6…0216 → 0x1266…82bc)    
2026-02-20 11:08:06 💤 Idle (2 peers), best: #192 (0x1266…82bc), finalized #188 (0x8e56…4f78), ⬇ 0.3kiB/s ⬆ 0.2kiB/s    
2026-02-20 11:08:07 DCF Finality Sync: Client at block #188, DCF finalized up to #191, syncing...    
2026-02-20 11:08:07 DCF Finality Sync: Sync complete. Client finalized head now at block #191    
2026-02-20 11:08:08 DCF Verifier: Block #193 verification passed    
2026-02-20 11:08:08 DCF: Finality advanced from 191 to 192 in epoch 1    
2026-02-20 11:08:08 DCF: Progressive finalization advanced to block 192    
2026-02-20 11:08:08 🏆 Imported #193 (0x1266…82bc → 0xe417…14c0)    
2026-02-20 11:08:11 DCF: Finality advanced from 192 to 193 in epoch 1    
2026-02-20 11:08:11 DCF: Progressive finalization advanced to block 193    
2026-02-20 11:08:11 ProposerFactory: Successfully created block #194 with 1 extrinsics    
2026-02-20 11:08:11 DCF: Finality advanced from 192 to 193 in epoch 1    
2026-02-20 11:08:11 DCF: Progressive finalization advanced to block 193    
2026-02-20 11:08:11 🏆 Imported #194 (0xe417…14c0 → 0xc43d…731b)    
2026-02-20 11:08:11 DCF Verifier: Block #195 verification passed    
2026-02-20 11:08:11 DCF: Finality advanced from 193 to 194 in epoch 1    
2026-02-20 11:08:11 DCF: Progressive finalization advanced to block 194    
2026-02-20 11:08:11 🏆 Imported #195 (0xc43d…731b → 0xf686…f7ea)    
2026-02-20 11:08:11 DCF: Computed PoI score for validator=88dc3417d5058ec4b4503e0c12ea1a0a89be200fe98922423d4334014fa6b0ee (5FA9nQDV...), score=0, block=195    
2026-02-20 11:08:11 DCF: Computed PoI score for validator=d17c2d7823ebf260fd138f2d7e27d114c0145d968b5ff5006125f2414fadae69 (5GoNkf6W...), score=0, block=195    
2026-02-20 11:08:11 DCF: Computed PoI score for validator=439660b36c6c03afafca027b910b4fecf99801834c62a5e6006f27d978de234f (5DbKjhNL...), score=0, block=195    
2026-02-20 11:08:11 DCF off-chain worker completed computation    
2026-02-20 11:08:11 💤 Idle (2 peers), best: #195 (0xf686…f7ea), finalized #191 (0x3cf6…0216), ⬇ 0.3kiB/s ⬆ 0.3kiB/s    
2026-02-20 11:08:13 DCF Finality Sync: Client at block #191, DCF finalized up to #194, syncing...    
2026-02-20 11:08:13 DCF Finality Sync: Sync complete. Client finalized head now at block #194    
2026-02-20 11:08:14 DCF Verifier: Block #196 verification passed    
2026-02-20 11:08:14 DCF: Finality advanced from 194 to 195 in epoch 1    
2026-02-20 11:08:14 DCF: Progressive finalization advanced to block 195    
2026-02-20 11:08:14 🏆 Imported #196 (0xf686…f7ea → 0x8b98…23f5)    
2026-02-20 11:08:16 💤 Idle (2 peers), best: #196 (0x8b98…23f5), finalized #194 (0xc43d…731b), ⬇ 0.1kiB/s ⬆ 82 B/s    
2026-02-20 11:08:17 DCF: Finality advanced from 195 to 196 in epoch 1    
2026-02-20 11:08:17 DCF: Progressive finalization advanced to block 196    
2026-02-20 11:08:17 ProposerFactory: Successfully created block #197 with 1 extrinsics    
2026-02-20 11:08:17 DCF: Finality advanced from 195 to 196 in epoch 1    
2026-02-20 11:08:17 DCF: Progressive finalization advanced to block 196    
2026-02-20 11:08:17 🏆 Imported #197 (0x8b98…23f5 → 0x2501…981c)    
2026-02-20 11:08:17 DCF Verifier: Block #198 verification passed    
2026-02-20 11:08:17 DCF: Finality advanced from 196 to 197 in epoch 1    
2026-02-20 11:08:17 DCF: Progressive finalization advanced to block 197    
2026-02-20 11:08:17 🏆 Imported #198 (0x2501…981c → 0x7490…e7c3)    
2026-02-20 11:08:19 DCF Finality Sync: Client at block #194, DCF finalized up to #197, syncing...    
2026-02-20 11:08:19 DCF Finality Sync: Sync complete. Client finalized head now at block #197    
2026-02-20 11:08:20 DCF Verifier: Block #199 verification passed    
2026-02-20 11:08:20 DCF: Finality advanced from 197 to 198 in epoch 1    
2026-02-20 11:08:20 DCF: Progressive finalization advanced to block 198    
2026-02-20 11:08:20 🏆 Imported #199 (0x7490…e7c3 → 0xbc95…583c)    
2026-02-20 11:08:21 💤 Idle (2 peers), best: #199 (0xbc95…583c), finalized #197 (0x2501…981c), ⬇ 0.3kiB/s ⬆ 0.3kiB/s    
2026-02-20 11:08:23 DCF: Finality advanced from 198 to 199 in epoch 1    
2026-02-20 11:08:23 DCF: Progressive finalization advanced to block 199    
2026-02-20 11:08:23 Failed to emit EVM-compatible event: ContainsNullBytes    
2026-02-20 11:08:23 Failed to emit EVM-compatible event: ContainsNullBytes    
2026-02-20 11:08:23 Failed to emit EVM-compatible event: ContainsNullBytes    
2026-02-20 11:08:23 DCF: Score aggregation completed - updated 3 validators    
2026-02-20 11:08:23 DCF: Performance analysis - 0 high performers, 0 low performers    
2026-02-20 11:08:23 DCF: Governance proposal generation completed    
2026-02-20 11:08:23 DCF: Epoch proposal generation completed    
2026-02-20 11:08:23 DCF: Processed 0 epoch proposals    
2026-02-20 11:08:23 DCF: Auto epoch transition 1 -> 2 (standard mode) - 3 active validators    
2026-02-20 11:08:23 Failed to emit EVM-compatible event: ContainsNullBytes    
2026-02-20 11:08:23 DCF: Deterministic epoch transition completed for epoch 2 at block 200 with 100 authors    
2026-02-20 11:08:23 DCF: Epoch finalization already at 199 (>= 199), no advancement needed    
2026-02-20 11:08:23 DCF: Epoch transition completed: 1 -> 2    
2026-02-20 11:08:23 DCF Health: epoch=2, validators=3/3, avg_score=32    
2026-02-20 11:08:23 DCF: Epoch metrics updated at block 200    
2026-02-20 11:08:23 ProposerFactory: Successfully created block #200 with 1 extrinsics    
2026-02-20 11:08:23 DCF: Finality advanced from 198 to 199 in epoch 1    
2026-02-20 11:08:23 DCF: Progressive finalization advanced to block 199    
2026-02-20 11:08:23 Failed to emit EVM-compatible event: ContainsNullBytes    
2026-02-20 11:08:23 Failed to emit EVM-compatible event: ContainsNullBytes    
2026-02-20 11:08:23 Failed to emit EVM-compatible event: ContainsNullBytes    
2026-02-20 11:08:23 DCF: Score aggregation completed - updated 3 validators    
2026-02-20 11:08:23 DCF: Performance analysis - 0 high performers, 0 low performers    
2026-02-20 11:08:23 DCF: Governance proposal generation completed    
2026-02-20 11:08:23 DCF: Epoch proposal generation completed    
2026-02-20 11:08:23 DCF: Processed 0 epoch proposals    
2026-02-20 11:08:23 DCF: Auto epoch transition 1 -> 2 (standard mode) - 3 active validators    
2026-02-20 11:08:23 Failed to emit EVM-compatible event: ContainsNullBytes    
2026-02-20 11:08:23 DCF: Deterministic epoch transition completed for epoch 2 at block 200 with 100 authors    
2026-02-20 11:08:23 DCF: Epoch finalization already at 199 (>= 199), no advancement needed    
2026-02-20 11:08:23 DCF: Epoch transition completed: 1 -> 2    
2026-02-20 11:08:23 DCF Health: epoch=2, validators=3/3, avg_score=32    
2026-02-20 11:08:23 DCF: Epoch metrics updated at block 200    
2026-02-20 11:08:23 🏆 Imported #200 (0xbc95…583c → 0xb2b3…ab29)    
2026-02-20 11:08:23 DCF: Computed PoI score for validator=88dc3417d5058ec4b4503e0c12ea1a0a89be200fe98922423d4334014fa6b0ee (5FA9nQDV...), score=0, block=200    
2026-02-20 11:08:23 DCF: Computed PoI score for validator=d17c2d7823ebf260fd138f2d7e27d114c0145d968b5ff5006125f2414fadae69 (5GoNkf6W...), score=0, block=200    
2026-02-20 11:08:23 DCF: Computed PoI score for validator=439660b36c6c03afafca027b910b4fecf99801834c62a5e6006f27d978de234f (5DbKjhNL...), score=0, block=200    
2026-02-20 11:08:23 DCF off-chain worker completed computation    
2026-02-20 11:08:23 PoS+PoI: Consensus Health - Block: 200, Slot: 69, Validators: 3, Healthy: 0, Avg Score: 32    
2026-02-20 11:08:23 DCF: Detected epoch boundary at block 200 - triggering transition check    
2026-02-20 11:08:23 DCF: Auto-detected epoch transition needed at block 200 (epoch 1 -> 2)    
2026-02-20 11:08:23 DCF: Confirmed epoch transition 1 -> 2 at block 200    
2026-02-20 11:08:23 DCF: Performing post-transition maintenance for epoch 2    
2026-02-20 11:08:23 DCF: New epoch 2 has 3 active validators    
2026-02-20 11:08:23 DCF: Top validators for epoch 2:    
2026-02-20 11:08:23   1. 88dc3417d5058ec4b4503e0c12ea1a0a89be200fe98922423d4334014fa6b0ee (5FA9nQDV...) - Combined: 32, PoS: 0, PoI: 80    
2026-02-20 11:08:23   2. d17c2d7823ebf260fd138f2d7e27d114c0145d968b5ff5006125f2414fadae69 (5GoNkf6W...) - Combined: 32, PoS: 0, PoI: 80    
2026-02-20 11:08:23   3. 439660b36c6c03afafca027b910b4fecf99801834c62a5e6006f27d978de234f (5DbKjhNL...) - Combined: 32, PoS: 0, PoI: 80    
2026-02-20 11:08:23 DCF: Generating validator management proposals for epoch 2    
2026-02-20 11:08:23 DCF: Analyzing validator performance for epoch 2 proposals    
2026-02-20 11:08:23 DCF: Found 3 underperforming validators for epoch 2    
2026-02-20 11:08:23   - 88dc3417d5058ec4b4503e0c12ea1a0a89be200fe98922423d4334014fa6b0ee (5FA9nQDV...): Combined=32, PoS=0, PoI=80    
2026-02-20 11:08:23   - d17c2d7823ebf260fd138f2d7e27d114c0145d968b5ff5006125f2414fadae69 (5GoNkf6W...): Combined=32, PoS=0, PoI=80    
2026-02-20 11:08:23   - 439660b36c6c03afafca027b910b4fecf99801834c62a5e6006f27d978de234f (5DbKjhNL...): Combined=32, PoS=0, PoI=80    
2026-02-20 11:08:23 DCF Verifier: Block #201 verification passed    
2026-02-20 11:08:23 DCF: Finality advanced from 199 to 200 in epoch 2    
2026-02-20 11:08:23 DCF: Progressive finalization advanced to block 200    
2026-02-20 11:08:23 🏆 Imported #201 (0xb2b3…ab29 → 0x822b…3da3)    
2026-02-20 11:08:25 DCF Finality Sync: Client at block #197, DCF finalized up to #200, syncing...    
2026-02-20 11:08:25 DCF Finality Sync: Sync complete. Client finalized head now at block #200    
2026-02-20 11:08:26 DCF Verifier: Block #202 verification passed    
2026-02-20 11:08:26 DCF: Finality advanced from 200 to 201 in epoch 2    
2026-02-20 11:08:26 DCF: Progressive finalization advanced to block 201    
2026-02-20 11:08:26 🏆 Imported #202 (0x822b…3da3 → 0x4442…5c81)    
2026-02-20 11:08:26 💤 Idle (2 peers), best: #202 (0x4442…5c81), finalized #200 (0xb2b3…ab29), ⬇ 0.3kiB/s ⬆ 0.4kiB/s    
2026-02-20 11:08:29 DCF: Finality advanced from 201 to 202 in epoch 2    
2026-02-20 11:08:29 DCF: Progressive finalization advanced to block 202    
2026-02-20 11:08:29 ProposerFactory: Successfully created block #203 with 1 extrinsics    
2026-02-20 11:08:29 DCF: Finality advanced from 201 to 202 in epoch 2    
2026-02-20 11:08:29 DCF: Progressive finalization advanced to block 202    
2026-02-20 11:08:29 🏆 Imported #203 (0x4442…5c81 → 0x0378…9dc7)    
2026-02-20 11:08:29 DCF Verifier: Block #204 verification passed    
2026-02-20 11:08:29 DCF: Finality advanced from 202 to 203 in epoch 2    
2026-02-20 11:08:29 DCF: Progressive finalization advanced to block 203    
2026-02-20 11:08:29 🏆 Imported #204 (0x0378…9dc7 → 0x73b7…5921)    
2026-02-20 11:08:31 DCF Finality Sync: Client at block #200, DCF finalized up to #203, syncing...    
2026-02-20 11:08:31 DCF Finality Sync: Sync complete. Client finalized head now at block #203    
2026-02-20 11:08:31 💤 Idle (2 peers), best: #204 (0x73b7…5921), finalized #203 (0x0378…9dc7), ⬇ 0.3kiB/s ⬆ 0.4kiB/s    
2026-02-20 11:08:32 DCF Verifier: Block #205 verification passed    
2026-02-20 11:08:32 DCF: Finality advanced from 203 to 204 in epoch 2    
2026-02-20 11:08:32 DCF: Progressive finalization advanced to block 204    
2026-02-20 11:08:32 🏆 Imported #205 (0x73b7…5921 → 0xf19d…48d9)    
2026-02-20 11:08:32 DCF: Computed PoI score for validator=88dc3417d5058ec4b4503e0c12ea1a0a89be200fe98922423d4334014fa6b0ee (5FA9nQDV...), score=0, block=205    
2026-02-20 11:08:32 DCF: Computed PoI score for validator=d17c2d7823ebf260fd138f2d7e27d114c0145d968b5ff5006125f2414fadae69 (5GoNkf6W...), score=0, block=205    
2026-02-20 11:08:32 DCF: Computed PoI score for validator=439660b36c6c03afafca027b910b4fecf99801834c62a5e6006f27d978de234f (5DbKjhNL...), score=0, block=205    
2026-02-20 11:08:32 DCF off-chain worker completed computation    
2026-02-20 11:08:35 DCF: Finality advanced from 204 to 205 in epoch 2    
2026-02-20 11:08:35 DCF: Progressive finalization advanced to block 205    
2026-02-20 11:08:35 ProposerFactory: Successfully created block #206 with 1 extrinsics    
2026-02-20 11:08:35 DCF: Finality advanced from 204 to 205 in epoch 2    
2026-02-20 11:08:35 DCF: Progressive finalization advanced to block 205    
2026-02-20 11:08:35 🏆 Imported #206 (0xf19d…48d9 → 0xe149…f29c)    
2026-02-20 11:08:36 💤 Idle (2 peers), best: #206 (0xe149…f29c), finalized #203 (0x0378…9dc7), ⬇ 0.5kiB/s ⬆ 0.3kiB/s    
2026-02-20 11:08:37 DCF Finality Sync: Client at block #203, DCF finalized up to #205, syncing...    
2026-02-20 11:08:37 DCF Finality Sync: Sync complete. Client finalized head now at block #205    
2026-02-20 11:08:38 DCF Verifier: Block #207 verification passed    
2026-02-20 11:08:38 DCF: Finality advanced from 205 to 206 in epoch 2    
2026-02-20 11:08:38 DCF: Progressive finalization advanced to block 206    
2026-02-20 11:08:38 🏆 Imported #207 (0xe149…f29c → 0xd097…4ac5)    
2026-02-20 11:08:41 DCF: Finality advanced from 206 to 207 in epoch 2    
2026-02-20 11:08:41 DCF: Progressive finalization advanced to block 207    
2026-02-20 11:08:41 ProposerFactory: Successfully created block #208 with 1 extrinsics    
2026-02-20 11:08:41 DCF: Finality advanced from 206 to 207 in epoch 2    
2026-02-20 11:08:41 DCF: Progressive finalization advanced to block 207    
2026-02-20 11:08:41 🏆 Imported #208 (0xd097…4ac5 → 0x39c0…4bc4)    
2026-02-20 11:08:41 DCF Verifier: Block #209 verification passed    
2026-02-20 11:08:41 DCF: Finality advanced from 207 to 208 in epoch 2    
2026-02-20 11:08:41 DCF: Progressive finalization advanced to block 208    
2026-02-20 11:08:41 🏆 Imported #209 (0x39c0…4bc4 → 0xd47e…978b)    
2026-02-20 11:08:41 💤 Idle (2 peers), best: #209 (0xd47e…978b), finalized #205 (0xf19d…48d9), ⬇ 0.3kiB/s ⬆ 0.3kiB/s    
2026-02-20 11:08:43 DCF Finality Sync: Client at block #205, DCF finalized up to #208, syncing...    
2026-02-20 11:08:43 DCF Finality Sync: Sync complete. Client finalized head now at block #208    
2026-02-20 11:08:44 DCF Verifier: Block #210 verification passed    
2026-02-20 11:08:44 DCF: Finality advanced from 208 to 209 in epoch 2    
2026-02-20 11:08:44 DCF: Progressive finalization advanced to block 209    
2026-02-20 11:08:44 🏆 Imported #210 (0xd47e…978b → 0x4310…c72b)    
2026-02-20 11:08:44 DCF: Computed PoI score for validator=88dc3417d5058ec4b4503e0c12ea1a0a89be200fe98922423d4334014fa6b0ee (5FA9nQDV...), score=0, block=210    
2026-02-20 11:08:44 DCF: Computed PoI score for validator=d17c2d7823ebf260fd138f2d7e27d114c0145d968b5ff5006125f2414fadae69 (5GoNkf6W...), score=0, block=210    
2026-02-20 11:08:44 DCF: Computed PoI score for validator=439660b36c6c03afafca027b910b4fecf99801834c62a5e6006f27d978de234f (5DbKjhNL...), score=0, block=210    
2026-02-20 11:08:44 DCF off-chain worker completed computation    
2026-02-20 11:08:46 💤 Idle (2 peers), best: #210 (0x4310…c72b), finalized #208 (0x39c0…4bc4), ⬇ 0.1kiB/s ⬆ 82 B/s    
2026-02-20 11:08:47 Producing block #211 with author 439660b36c6c03afafca027b910b4fecf99801834c62a5e6006f27d978de234f (5DbKjhNL...)    
2026-02-20 11:08:47 DCF: Finality advanced from 209 to 210 in epoch 2    
2026-02-20 11:08:47 DCF: Progressive finalization advanced to block 210    
2026-02-20 11:08:47 ProposerFactory: Successfully created block #211 with 1 extrinsics    
2026-02-20 11:08:47 DCF: Finality advanced from 209 to 210 in epoch 2    
2026-02-20 11:08:47 DCF: Progressive finalization advanced to block 210    
2026-02-20 11:08:47 🏆 Imported #211 (0x4310…c72b → 0x55d5…65c9)    
2026-02-20 11:08:47 DCF Verifier: Block #212 verification passed    
2026-02-20 11:08:47 DCF: Finality advanced from 210 to 211 in epoch 2    
2026-02-20 11:08:47 DCF: Progressive finalization advanced to block 211    
2026-02-20 11:08:47 🏆 Imported #212 (0x55d5…65c9 → 0x88cc…52b2)    
2026-02-20 11:08:49 DCF Finality Sync: Client at block #208, DCF finalized up to #211, syncing...    
2026-02-20 11:08:49 DCF Finality Sync: Sync complete. Client finalized head now at block #211    
2026-02-20 11:08:50 DCF Verifier: Block #213 verification passed    
2026-02-20 11:08:50 DCF: Finality advanced from 211 to 212 in epoch 2    
2026-02-20 11:08:50 DCF: Progressive finalization advanced to block 212    
2026-02-20 11:08:50 🏆 Imported #213 (0x88cc…52b2 → 0x3188…905a)    
2026-02-20 11:08:51 💤 Idle (2 peers), best: #213 (0x3188…905a), finalized #211 (0x55d5…65c9), ⬇ 0.3kiB/s ⬆ 0.3kiB/s    
2026-02-20 11:08:53 DCF: Finality advanced from 212 to 213 in epoch 2    
2026-02-20 11:08:53 DCF: Progressive finalization advanced to block 213    
2026-02-20 11:08:53 ProposerFactory: Successfully created block #214 with 1 extrinsics    
2026-02-20 11:08:53 DCF: Finality advanced from 212 to 213 in epoch 2    
2026-02-20 11:08:53 DCF: Progressive finalization advanced to block 213    
2026-02-20 11:08:53 🏆 Imported #214 (0x3188…905a → 0x439c…8e10)    
2026-02-20 11:08:53 DCF Verifier: Block #215 verification passed    
2026-02-20 11:08:53 DCF: Finality advanced from 213 to 214 in epoch 2    
2026-02-20 11:08:53 DCF: Progressive finalization advanced to block 214    
2026-02-20 11:08:53 🏆 Imported #215 (0x439c…8e10 → 0x0358…28e0)    
2026-02-20 11:08:53 DCF: Computed PoI score for validator=88dc3417d5058ec4b4503e0c12ea1a0a89be200fe98922423d4334014fa6b0ee (5FA9nQDV...), score=0, block=215    
2026-02-20 11:08:53 DCF: Computed PoI score for validator=d17c2d7823ebf260fd138f2d7e27d114c0145d968b5ff5006125f2414fadae69 (5GoNkf6W...), score=0, block=215    
2026-02-20 11:08:53 DCF: Computed PoI score for validator=439660b36c6c03afafca027b910b4fecf99801834c62a5e6006f27d978de234f (5DbKjhNL...), score=0, block=215    
2026-02-20 11:08:53 DCF off-chain worker completed computation    
2026-02-20 11:08:55 DCF Finality Sync: Client at block #211, DCF finalized up to #214, syncing...    
2026-02-20 11:08:55 DCF Finality Sync: Sync complete. Client finalized head now at block #214    
2026-02-20 11:08:56 DCF Verifier: Block #216 verification passed    
2026-02-20 11:08:56 DCF: Finality advanced from 214 to 215 in epoch 2    
2026-02-20 11:08:56 DCF: Progressive finalization advanced to block 215    
2026-02-20 11:08:56 🏆 Imported #216 (0x0358…28e0 → 0x05e5…5de5)    
2026-02-20 11:08:56 💤 Idle (2 peers), best: #216 (0x05e5…5de5), finalized #214 (0x439c…8e10), ⬇ 0.2kiB/s ⬆ 0.3kiB/s    
2026-02-20 11:08:59 DCF: Finality advanced from 215 to 216 in epoch 2    
2026-02-20 11:08:59 DCF: Progressive finalization advanced to block 216    
2026-02-20 11:08:59 ProposerFactory: Successfully created block #217 with 1 extrinsics    
2026-02-20 11:08:59 DCF: Finality advanced from 215 to 216 in epoch 2    
2026-02-20 11:08:59 DCF: Progressive finalization advanced to block 216    
2026-02-20 11:08:59 🏆 Imported #217 (0x05e5…5de5 → 0x0ed8…13db)    
2026-02-20 11:09:01 DCF Finality Sync: Client at block #214, DCF finalized up to #216, syncing...    
2026-02-20 11:09:01 DCF Finality Sync: Sync complete. Client finalized head now at block #216    
2026-02-20 11:09:01 💤 Idle (2 peers), best: #217 (0x0ed8…13db), finalized #216 (0x05e5…5de5), ⬇ 82 B/s ⬆ 0.2kiB/s    
2026-02-20 11:09:02 DCF Verifier: Block #218 verification passed    
2026-02-20 11:09:02 DCF: Finality advanced from 216 to 217 in epoch 2    
2026-02-20 11:09:02 DCF: Progressive finalization advanced to block 217    
2026-02-20 11:09:02 🏆 Imported #218 (0x0ed8…13db → 0x86e8…3501)    
2026-02-20 11:09:05 DCF: Finality advanced from 217 to 218 in epoch 2    
2026-02-20 11:09:05 DCF: Progressive finalization advanced to block 218    
2026-02-20 11:09:05 ProposerFactory: Successfully created block #219 with 1 extrinsics    
2026-02-20 11:09:05 DCF: Finality advanced from 217 to 218 in epoch 2    
2026-02-20 11:09:05 DCF: Progressive finalization advanced to block 218    
2026-02-20 11:09:05 🏆 Imported #219 (0x86e8…3501 → 0x9e55…054e)    
2026-02-20 11:09:05 DCF Verifier: Block #220 verification passed    
2026-02-20 11:09:05 DCF: Finality advanced from 218 to 219 in epoch 2    
2026-02-20 11:09:05 DCF: Progressive finalization advanced to block 219    
2026-02-20 11:09:05 🏆 Imported #220 (0x9e55…054e → 0xbc14…775b)    
2026-02-20 11:09:05 DCF: Computed PoI score for validator=88dc3417d5058ec4b4503e0c12ea1a0a89be200fe98922423d4334014fa6b0ee (5FA9nQDV...), score=0, block=220    
2026-02-20 11:09:05 DCF: Computed PoI score for validator=d17c2d7823ebf260fd138f2d7e27d114c0145d968b5ff5006125f2414fadae69 (5GoNkf6W...), score=0, block=220    
2026-02-20 11:09:05 DCF: Computed PoI score for validator=439660b36c6c03afafca027b910b4fecf99801834c62a5e6006f27d978de234f (5DbKjhNL...), score=0, block=220    
2026-02-20 11:09:05 DCF off-chain worker completed computation    
2026-02-20 11:09:07 DCF Finality Sync: Client at block #216, DCF finalized up to #219, syncing...    
2026-02-20 11:09:07 DCF Finality Sync: Sync complete. Client finalized head now at block #219    
2026-02-20 11:09:07 💤 Idle (2 peers), best: #220 (0xbc14…775b), finalized #219 (0x9e55…054e), ⬇ 0.3kiB/s ⬆ 0.2kiB/s    
2026-02-20 11:09:09 DCF Verifier: Block #221 verification passed    
2026-02-20 11:09:09 DCF: Finality advanced from 219 to 220 in epoch 2    
2026-02-20 11:09:09 DCF: Progressive finalization advanced to block 220    
2026-02-20 11:09:09 🏆 Imported #221 (0xbc14…775b → 0xe930…7f2b)    
2026-02-20 11:09:11 DCF: Finality advanced from 220 to 221 in epoch 2    
2026-02-20 11:09:11 DCF: Progressive finalization advanced to block 221    
2026-02-20 11:09:11 ProposerFactory: Successfully created block #222 with 1 extrinsics    
2026-02-20 11:09:11 DCF: Finality advanced from 220 to 221 in epoch 2    
2026-02-20 11:09:11 DCF: Progressive finalization advanced to block 221    
2026-02-20 11:09:11 🏆 Imported #222 (0xe930…7f2b → 0x738b…6455)    
2026-02-20 11:09:12 💤 Idle (2 peers), best: #222 (0x738b…6455), finalized #219 (0x9e55…054e), ⬇ 0.2kiB/s ⬆ 0.2kiB/s    
2026-02-20 11:09:13 DCF Finality Sync: Client at block #219, DCF finalized up to #221, syncing...    
2026-02-20 11:09:13 DCF Finality Sync: Sync complete. Client finalized head now at block #221    
2026-02-20 11:09:15 DCF Verifier: Block #223 verification passed    
2026-02-20 11:09:15 DCF: Finality advanced from 221 to 222 in epoch 2    
2026-02-20 11:09:15 DCF: Progressive finalization advanced to block 222    
2026-02-20 11:09:15 🏆 Imported #223 (0x738b…6455 → 0x4fcc…0b28)    
2026-02-20 11:09:17 💤 Idle (2 peers), best: #223 (0x4fcc…0b28), finalized #221 (0xe930…7f2b), ⬇ 0.1kiB/s ⬆ 53 B/s    
2026-02-20 11:09:17 DCF: Finality advanced from 222 to 223 in epoch 2    
2026-02-20 11:09:17 DCF: Progressive finalization advanced to block 223    
2026-02-20 11:09:17 ProposerFactory: Successfully created block #224 with 1 extrinsics    
2026-02-20 11:09:17 DCF: Finality advanced from 222 to 223 in epoch 2    
2026-02-20 11:09:17 DCF: Progressive finalization advanced to block 223    
2026-02-20 11:09:17 🏆 Imported #224 (0x4fcc…0b28 → 0xd35e…1de2)    
2026-02-20 11:09:17 DCF Verifier: Block #225 verification passed    
2026-02-20 11:09:17 DCF: Finality advanced from 223 to 224 in epoch 2    
2026-02-20 11:09:17 DCF: Progressive finalization advanced to block 224    
2026-02-20 11:09:17 🏆 Imported #225 (0xd35e…1de2 → 0xeaa6…eb74)    
2026-02-20 11:09:17 DCF: Computed PoI score for validator=88dc3417d5058ec4b4503e0c12ea1a0a89be200fe98922423d4334014fa6b0ee (5FA9nQDV...), score=0, block=225    
2026-02-20 11:09:17 DCF: Computed PoI score for validator=d17c2d7823ebf260fd138f2d7e27d114c0145d968b5ff5006125f2414fadae69 (5GoNkf6W...), score=0, block=225    
2026-02-20 11:09:17 DCF: Computed PoI score for validator=439660b36c6c03afafca027b910b4fecf99801834c62a5e6006f27d978de234f (5DbKjhNL...), score=0, block=225    
2026-02-20 11:09:17 DCF off-chain worker completed computation    
2026-02-20 11:09:19 DCF Finality Sync: Client at block #221, DCF finalized up to #224, syncing...    
2026-02-20 11:09:19 DCF Finality Sync: Sync complete. Client finalized head now at block #224    
2026-02-20 11:09:21 DCF Verifier: Block #226 verification passed    
2026-02-20 11:09:21 DCF: Finality advanced from 224 to 225 in epoch 2    
2026-02-20 11:09:21 DCF: Progressive finalization advanced to block 225    
2026-02-20 11:09:21 🏆 Imported #226 (0xeaa6…eb74 → 0x4714…e9a5)    
2026-02-20 11:09:22 💤 Idle (2 peers), best: #226 (0x4714…e9a5), finalized #224 (0xd35e…1de2), ⬇ 0.3kiB/s ⬆ 0.3kiB/s    
2026-02-20 11:09:23 DCF: Finality advanced from 225 to 226 in epoch 2    
2026-02-20 11:09:23 DCF: Progressive finalization advanced to block 226    
2026-02-20 11:09:23 ProposerFactory: Successfully created block #227 with 1 extrinsics    
2026-02-20 11:09:23 DCF: Finality advanced from 225 to 226 in epoch 2    
2026-02-20 11:09:23 DCF: Progressive finalization advanced to block 226    
2026-02-20 11:09:23 🏆 Imported #227 (0x4714…e9a5 → 0x772b…e4f3)    
2026-02-20 11:09:25 DCF Finality Sync: Client at block #224, DCF finalized up to #226, syncing...    
2026-02-20 11:09:25 DCF Finality Sync: Sync complete. Client finalized head now at block #226    
2026-02-20 11:09:27 💤 Idle (2 peers), best: #227 (0x772b…e4f3), finalized #226 (0x4714…e9a5), ⬇ 82 B/s ⬆ 0.3kiB/s    
2026-02-20 11:09:27 DCF Verifier: Block #228 verification passed    
2026-02-20 11:09:27 DCF: Finality advanced from 226 to 227 in epoch 2    
2026-02-20 11:09:27 DCF: Progressive finalization advanced to block 227    
2026-02-20 11:09:27 🏆 Imported #228 (0x772b…e4f3 → 0x6d1c…eea7)    
2026-02-20 11:09:30 DCF: Finality advanced from 227 to 228 in epoch 2    
2026-02-20 11:09:30 DCF: Progressive finalization advanced to block 228    
2026-02-20 11:09:30 ProposerFactory: Successfully created block #229 with 1 extrinsics    
2026-02-20 11:09:30 DCF: Finality advanced from 227 to 228 in epoch 2    
2026-02-20 11:09:30 DCF: Progressive finalization advanced to block 228    
2026-02-20 11:09:30 🏆 Imported #229 (0x6d1c…eea7 → 0xf052…c4c4)    
2026-02-20 11:09:30 DCF Verifier: Block #230 verification passed    
2026-02-20 11:09:30 DCF: Finality advanced from 228 to 229 in epoch 2    
2026-02-20 11:09:30 DCF: Progressive finalization advanced to block 229    
2026-02-20 11:09:30 🏆 Imported #230 (0xf052…c4c4 → 0x4bbd…4896)    
2026-02-20 11:09:30 DCF: Computed PoI score for validator=88dc3417d5058ec4b4503e0c12ea1a0a89be200fe98922423d4334014fa6b0ee (5FA9nQDV...), score=0, block=230    
2026-02-20 11:09:30 DCF: Computed PoI score for validator=d17c2d7823ebf260fd138f2d7e27d114c0145d968b5ff5006125f2414fadae69 (5GoNkf6W...), score=0, block=230    
2026-02-20 11:09:30 DCF: Computed PoI score for validator=439660b36c6c03afafca027b910b4fecf99801834c62a5e6006f27d978de234f (5DbKjhNL...), score=0, block=230    
2026-02-20 11:09:30 DCF off-chain worker completed computation    
2026-02-20 11:09:30 Block Tracker: Statistics Report    
2026-02-20 11:09:30   Service uptime: 480.54614938s    
2026-02-20 11:09:30   Total blocks tracked: 230    
2026-02-20 11:09:30   Active validators monitored: 3    
2026-02-20 11:09:30   Overall participation rate: 100.00%    
2026-02-20 11:09:30   Total blocks authored: 228    
2026-02-20 11:09:30   Total blocks missed: 0    
2026-02-20 11:09:30   Top performers:    
2026-02-20 11:09:30     d17c2d7823ebf260fd138f2d7e27d114c0145d968b5ff5006125f2414fadae69 (5GoNkf6W...): 100.00% (71/71 blocks)    
2026-02-20 11:09:30     88dc3417d5058ec4b4503e0c12ea1a0a89be200fe98922423d4334014fa6b0ee (5FA9nQDV...): 100.00% (82/82 blocks)    
2026-02-20 11:09:30     439660b36c6c03afafca027b910b4fecf99801834c62a5e6006f27d978de234f (5DbKjhNL...): 100.00% (75/75 blocks)    
2026-02-20 11:09:31 DCF Finality Sync: Client at block #226, DCF finalized up to #229, syncing...    
2026-02-20 11:09:31 DCF Finality Sync: Sync complete. Client finalized head now at block #229    
2026-02-20 11:09:32 💤 Idle (2 peers), best: #230 (0x4bbd…4896), finalized #229 (0xf052…c4c4), ⬇ 0.3kiB/s ⬆ 0.4kiB/s    
2026-02-20 11:09:33 DCF Verifier: Block #231 verification passed    
2026-02-20 11:09:33 DCF: Finality advanced from 229 to 230 in epoch 2    
2026-02-20 11:09:33 DCF: Progressive finalization advanced to block 230    
2026-02-20 11:09:33 🏆 Imported #231 (0x4bbd…4896 → 0xd669…98be)    
2026-02-20 11:09:36 DCF: Finality advanced from 230 to 231 in epoch 2    
2026-02-20 11:09:36 DCF: Progressive finalization advanced to block 231    
2026-02-20 11:09:36 ProposerFactory: Successfully created block #232 with 1 extrinsics    
2026-02-20 11:09:36 DCF: Finality advanced from 230 to 231 in epoch 2    
2026-02-20 11:09:36 DCF: Progressive finalization advanced to block 231    
2026-02-20 11:09:36 🏆 Imported #232 (0xd669…98be → 0x1d7a…7010)    
2026-02-20 11:09:37 DCF Finality Sync: Client at block #229, DCF finalized up to #231, syncing...    
2026-02-20 11:09:37 💤 Idle (2 peers), best: #232 (0x1d7a…7010), finalized #229 (0xf052…c4c4), ⬇ 0.5kiB/s ⬆ 0.3kiB/s    
2026-02-20 11:09:37 DCF Finality Sync: Sync complete. Client finalized head now at block #231    
2026-02-20 11:09:39 DCF Verifier: Block #233 verification passed    
2026-02-20 11:09:39 DCF: Finality advanced from 231 to 232 in epoch 2    
2026-02-20 11:09:39 DCF: Progressive finalization advanced to block 232    
2026-02-20 11:09:39 🏆 Imported #233 (0x1d7a…7010 → 0xde71…ab65)    
2026-02-20 11:09:42 DCF: Finality advanced from 232 to 233 in epoch 2    
2026-02-20 11:09:42 DCF: Progressive finalization advanced to block 233    
2026-02-20 11:09:42 ProposerFactory: Successfully created block #234 with 1 extrinsics    
2026-02-20 11:09:42 DCF: Finality advanced from 232 to 233 in epoch 2    
2026-02-20 11:09:42 DCF: Progressive finalization advanced to block 233    
2026-02-20 11:09:42 🏆 Imported #234 (0xde71…ab65 → 0x9e19…1b60)    
2026-02-20 11:09:42 💤 Idle (2 peers), best: #234 (0x9e19…1b60), finalized #231 (0xd669…98be), ⬇ 0.2kiB/s ⬆ 0.2kiB/s    
2026-02-20 11:09:43 DCF Finality Sync: Client at block #231, DCF finalized up to #233, syncing...    
2026-02-20 11:09:43 DCF Finality Sync: Sync complete. Client finalized head now at block #233    
2026-02-20 11:09:45 DCF Verifier: Block #235 verification passed    
2026-02-20 11:09:45 DCF: Finality advanced from 233 to 234 in epoch 2    
2026-02-20 11:09:45 DCF: Progressive finalization advanced to block 234    
2026-02-20 11:09:45 🏆 Imported #235 (0x9e19…1b60 → 0x6d8f…351b)    
2026-02-20 11:09:45 DCF: Computed PoI score for validator=88dc3417d5058ec4b4503e0c12ea1a0a89be200fe98922423d4334014fa6b0ee (5FA9nQDV...), score=0, block=235    
2026-02-20 11:09:45 DCF: Computed PoI score for validator=d17c2d7823ebf260fd138f2d7e27d114c0145d968b5ff5006125f2414fadae69 (5GoNkf6W...), score=0, block=235    
2026-02-20 11:09:45 DCF: Computed PoI score for validator=439660b36c6c03afafca027b910b4fecf99801834c62a5e6006f27d978de234f (5DbKjhNL...), score=0, block=235    
2026-02-20 11:09:45 DCF off-chain worker completed computation    
2026-02-20 11:09:47 💤 Idle (2 peers), best: #235 (0x6d8f…351b), finalized #233 (0xde71…ab65), ⬇ 0.1kiB/s ⬆ 82 B/s    
2026-02-20 11:09:48 DCF: Finality advanced from 234 to 235 in epoch 2    
2026-02-20 11:09:48 DCF: Progressive finalization advanced to block 235    
2026-02-20 11:09:48 ProposerFactory: Successfully created block #236 with 1 extrinsics    
2026-02-20 11:09:48 DCF: Finality advanced from 234 to 235 in epoch 2    
2026-02-20 11:09:48 DCF: Progressive finalization advanced to block 235    
2026-02-20 11:09:48 🏆 Imported #236 (0x6d8f…351b → 0x15f2…5b05)    
2026-02-20 11:09:49 DCF Finality Sync: Client at block #233, DCF finalized up to #235, syncing...    
2026-02-20 11:09:49 DCF Finality Sync: Sync complete. Client finalized head now at block #235    
2026-02-20 11:09:51 DCF Verifier: Block #237 verification passed    
2026-02-20 11:09:51 DCF: Finality advanced from 235 to 236 in epoch 2    
2026-02-20 11:09:51 DCF: Progressive finalization advanced to block 236    
2026-02-20 11:09:51 🏆 Imported #237 (0x15f2…5b05 → 0x2913…0095)    
2026-02-20 11:09:52 💤 Idle (2 peers), best: #237 (0x2913…0095), finalized #235 (0x6d8f…351b), ⬇ 0.2kiB/s ⬆ 0.2kiB/s    
2026-02-20 11:09:54 DCF Verifier: Block #238 verification passed    
2026-02-20 11:09:54 DCF: Finality advanced from 236 to 237 in epoch 2    
2026-02-20 11:09:54 DCF: Progressive finalization advanced to block 237    
2026-02-20 11:09:54 🏆 Imported #238 (0x2913…0095 → 0x6790…e32c)    
2026-02-20 11:09:54 DCF: Finality advanced from 237 to 238 in epoch 2    
2026-02-20 11:09:54 DCF: Progressive finalization advanced to block 238    
2026-02-20 11:09:54 ProposerFactory: Successfully created block #239 with 1 extrinsics    
2026-02-20 11:09:54 DCF: Finality advanced from 237 to 238 in epoch 2    
2026-02-20 11:09:54 DCF: Progressive finalization advanced to block 238    
2026-02-20 11:09:54 🏆 Imported #239 (0x6790…e32c → 0xab06…9446)    
2026-02-20 11:09:55 DCF Finality Sync: Client at block #235, DCF finalized up to #238, syncing...    
2026-02-20 11:09:55 DCF Finality Sync: Sync complete. Client finalized head now at block #238    
2026-02-20 11:09:57 💤 Idle (2 peers), best: #239 (0xab06…9446), finalized #238 (0x6790…e32c), ⬇ 0.2kiB/s ⬆ 0.2kiB/s    
2026-02-20 11:09:57 DCF Verifier: Block #240 verification passed    
2026-02-20 11:09:57 DCF: Finality advanced from 238 to 239 in epoch 2    
2026-02-20 11:09:57 DCF: Progressive finalization advanced to block 239    
2026-02-20 11:09:57 🏆 Imported #240 (0xab06…9446 → 0xf437…4c44)    
2026-02-20 11:09:57 DCF: Computed PoI score for validator=88dc3417d5058ec4b4503e0c12ea1a0a89be200fe98922423d4334014fa6b0ee (5FA9nQDV...), score=0, block=240    
2026-02-20 11:09:57 DCF: Computed PoI score for validator=d17c2d7823ebf260fd138f2d7e27d114c0145d968b5ff5006125f2414fadae69 (5GoNkf6W...), score=0, block=240    
2026-02-20 11:09:57 DCF: Computed PoI score for validator=439660b36c6c03afafca027b910b4fecf99801834c62a5e6006f27d978de234f (5DbKjhNL...), score=0, block=240    
2026-02-20 11:09:57 DCF off-chain worker completed computation    
2026-02-20 11:10:00 Producing block #241 with author 439660b36c6c03afafca027b910b4fecf99801834c62a5e6006f27d978de234f (5DbKjhNL...)    
2026-02-20 11:10:00 DCF: Finality advanced from 239 to 240 in epoch 2    
2026-02-20 11:10:00 DCF: Progressive finalization advanced to block 240    
2026-02-20 11:10:00 ProposerFactory: Successfully created block #241 with 1 extrinsics    
2026-02-20 11:10:00 DCF: Finality advanced from 239 to 240 in epoch 2    
2026-02-20 11:10:00 DCF: Progressive finalization advanced to block 240    
2026-02-20 11:10:00 🏆 Imported #241 (0xf437…4c44 → 0x90d8…ee10)    
2026-02-20 11:10:01 DCF Finality Sync: Client at block #238, DCF finalized up to #240, syncing...    
2026-02-20 11:10:01 DCF Finality Sync: Sync complete. Client finalized head now at block #240    
2026-02-20 11:10:02 💤 Idle (2 peers), best: #241 (0x90d8…ee10), finalized #240 (0xf437…4c44), ⬇ 0.2kiB/s ⬆ 0.2kiB/s    
2026-02-20 11:10:03 DCF Verifier: Block #242 verification passed    
2026-02-20 11:10:03 DCF: Finality advanced from 240 to 241 in epoch 2    
2026-02-20 11:10:03 DCF: Progressive finalization advanced to block 241    
2026-02-20 11:10:03 🏆 Imported #242 (0x90d8…ee10 → 0x04e6…556c)    
2026-02-20 11:10:06 DCF: Finality advanced from 241 to 242 in epoch 2    
2026-02-20 11:10:06 DCF: Progressive finalization advanced to block 242    
2026-02-20 11:10:06 ProposerFactory: Successfully created block #243 with 1 extrinsics    
2026-02-20 11:10:06 DCF: Finality advanced from 241 to 242 in epoch 2    
2026-02-20 11:10:06 DCF: Progressive finalization advanced to block 242    
2026-02-20 11:10:06 🏆 Imported #243 (0x04e6…556c → 0xc344…6885)    
2026-02-20 11:10:06 DCF Verifier: Block #244 verification passed    
2026-02-20 11:10:06 DCF: Finality advanced from 242 to 243 in epoch 2    
2026-02-20 11:10:06 DCF: Progressive finalization advanced to block 243    
2026-02-20 11:10:06 🏆 Imported #244 (0xc344…6885 → 0xb357…9712)    
2026-02-20 11:10:07 💤 Idle (2 peers), best: #244 (0xb357…9712), finalized #240 (0xf437…4c44), ⬇ 0.3kiB/s ⬆ 0.3kiB/s    
2026-02-20 11:10:07 DCF Finality Sync: Client at block #240, DCF finalized up to #243, syncing...    
2026-02-20 11:10:07 DCF Finality Sync: Sync complete. Client finalized head now at block #243    
2026-02-20 11:10:09 DCF Verifier: Block #245 verification passed    
2026-02-20 11:10:09 DCF: Finality advanced from 243 to 244 in epoch 2    
2026-02-20 11:10:09 DCF: Progressive finalization advanced to block 244    
2026-02-20 11:10:09 🏆 Imported #245 (0xb357…9712 → 0x70f2…e6a2)    
2026-02-20 11:10:09 DCF: Computed PoI score for validator=88dc3417d5058ec4b4503e0c12ea1a0a89be200fe98922423d4334014fa6b0ee (5FA9nQDV...), score=0, block=245    
2026-02-20 11:10:09 DCF: Computed PoI score for validator=d17c2d7823ebf260fd138f2d7e27d114c0145d968b5ff5006125f2414fadae69 (5GoNkf6W...), score=0, block=245    
2026-02-20 11:10:09 DCF: Computed PoI score for validator=439660b36c6c03afafca027b910b4fecf99801834c62a5e6006f27d978de234f (5DbKjhNL...), score=0, block=245    
2026-02-20 11:10:09 DCF off-chain worker completed computation    
2026-02-20 11:10:12 💤 Idle (2 peers), best: #245 (0x70f2…e6a2), finalized #243 (0xc344…6885), ⬇ 0.1kiB/s ⬆ 56 B/s    
2026-02-20 11:10:12 DCF: Finality advanced from 244 to 245 in epoch 2    
2026-02-20 11:10:12 DCF: Progressive finalization advanced to block 245    
2026-02-20 11:10:12 ProposerFactory: Successfully created block #246 with 1 extrinsics    
2026-02-20 11:10:12 DCF: Finality advanced from 244 to 245 in epoch 2    
2026-02-20 11:10:12 DCF: Progressive finalization advanced to block 245    
2026-02-20 11:10:12 🏆 Imported #246 (0x70f2…e6a2 → 0x9b9f…ff01)    
2026-02-20 11:10:12 DCF Verifier: Block #247 verification passed    
2026-02-20 11:10:12 DCF: Finality advanced from 245 to 246 in epoch 2    
2026-02-20 11:10:12 DCF: Progressive finalization advanced to block 246    
2026-02-20 11:10:12 🏆 Imported #247 (0x9b9f…ff01 → 0x671a…430f)    
2026-02-20 11:10:13 DCF Finality Sync: Client at block #243, DCF finalized up to #246, syncing...    
2026-02-20 11:10:13 DCF Finality Sync: Sync complete. Client finalized head now at block #246    
2026-02-20 11:10:16 DCF Verifier: Block #248 verification passed    
2026-02-20 11:10:16 DCF: Finality advanced from 246 to 247 in epoch 2    
2026-02-20 11:10:16 DCF: Progressive finalization advanced to block 247    
2026-02-20 11:10:16 🏆 Imported #248 (0x671a…430f → 0x3a06…1d02)    
2026-02-20 11:10:17 💤 Idle (2 peers), best: #248 (0x3a06…1d02), finalized #246 (0x9b9f…ff01), ⬇ 0.3kiB/s ⬆ 0.2kiB/s    
2026-02-20 11:10:18 DCF: Finality advanced from 247 to 248 in epoch 2    
2026-02-20 11:10:18 DCF: Progressive finalization advanced to block 248    
2026-02-20 11:10:18 ProposerFactory: Successfully created block #249 with 1 extrinsics    
2026-02-20 11:10:18 DCF: Finality advanced from 247 to 248 in epoch 2    
2026-02-20 11:10:18 DCF: Progressive finalization advanced to block 248    
2026-02-20 11:10:18 🏆 Imported #249 (0x3a06…1d02 → 0x4368…d5a3)    
2026-02-20 11:10:19 DCF Finality Sync: Client at block #246, DCF finalized up to #248, syncing...    
2026-02-20 11:10:19 DCF Finality Sync: Sync complete. Client finalized head now at block #248    
2026-02-20 11:10:22 DCF Verifier: Block #250 verification passed    
2026-02-20 11:10:22 DCF: Finality advanced from 248 to 249 in epoch 2    
2026-02-20 11:10:22 DCF: Progressive finalization advanced to block 249    
2026-02-20 11:10:22 🏆 Imported #250 (0x4368…d5a3 → 0x62cf…45e1)    
2026-02-20 11:10:22 DCF: Computed PoI score for validator=88dc3417d5058ec4b4503e0c12ea1a0a89be200fe98922423d4334014fa6b0ee (5FA9nQDV...), score=0, block=250    
2026-02-20 11:10:22 DCF: Computed PoI score for validator=d17c2d7823ebf260fd138f2d7e27d114c0145d968b5ff5006125f2414fadae69 (5GoNkf6W...), score=0, block=250    
2026-02-20 11:10:22 DCF: Computed PoI score for validator=439660b36c6c03afafca027b910b4fecf99801834c62a5e6006f27d978de234f (5DbKjhNL...), score=0, block=250    
2026-02-20 11:10:22 DCF off-chain worker completed computation    
2026-02-20 11:10:22 💤 Idle (2 peers), best: #250 (0x62cf…45e1), finalized #248 (0x3a06…1d02), ⬇ 0.2kiB/s ⬆ 0.2kiB/s    
2026-02-20 11:10:25 DCF Verifier: Block #251 verification passed    
2026-02-20 11:10:25 DCF: Finality advanced from 249 to 250 in epoch 2    
2026-02-20 11:10:25 DCF: Progressive finalization advanced to block 250    
2026-02-20 11:10:25 🏆 Imported #251 (0x62cf…45e1 → 0x38e3…7b9d)    
2026-02-20 11:10:25 DCF: Finality advanced from 250 to 251 in epoch 2    
2026-02-20 11:10:25 DCF: Progressive finalization advanced to block 251    
2026-02-20 11:10:25 ProposerFactory: Successfully created block #252 with 1 extrinsics    
2026-02-20 11:10:25 DCF: Finality advanced from 250 to 251 in epoch 2    
2026-02-20 11:10:25 DCF: Progressive finalization advanced to block 251    
2026-02-20 11:10:25 🏆 Imported #252 (0x38e3…7b9d → 0x78f1…24dd)    
2026-02-20 11:10:25 DCF Finality Sync: Client at block #248, DCF finalized up to #251, syncing...    
2026-02-20 11:10:25 DCF Finality Sync: Sync complete. Client finalized head now at block #251    
2026-02-20 11:10:27 💤 Idle (2 peers), best: #252 (0x78f1…24dd), finalized #251 (0x38e3…7b9d), ⬇ 0.2kiB/s ⬆ 0.4kiB/s    
2026-02-20 11:10:28 DCF Verifier: Block #253 verification passed    
2026-02-20 11:10:28 DCF: Finality advanced from 251 to 252 in epoch 2    
2026-02-20 11:10:28 DCF: Progressive finalization advanced to block 252    
2026-02-20 11:10:28 🏆 Imported #253 (0x78f1…24dd → 0xcabb…832e)    
2026-02-20 11:10:31 DCF Verifier: Block #254 verification passed    
2026-02-20 11:10:31 DCF: Finality advanced from 252 to 253 in epoch 2    
2026-02-20 11:10:31 DCF: Progressive finalization advanced to block 253    
2026-02-20 11:10:31 🏆 Imported #254 (0xcabb…832e → 0x1789…128c)    
2026-02-20 11:10:31 DCF: Finality advanced from 253 to 254 in epoch 2    
2026-02-20 11:10:31 DCF: Progressive finalization advanced to block 254    
2026-02-20 11:10:31 ProposerFactory: Successfully created block #255 with 1 extrinsics    
2026-02-20 11:10:31 DCF: Finality advanced from 253 to 254 in epoch 2    
2026-02-20 11:10:31 DCF: Progressive finalization advanced to block 254    
2026-02-20 11:10:31 🏆 Imported #255 (0x1789…128c → 0xf7bb…cd3c)    
2026-02-20 11:10:31 DCF: Computed PoI score for validator=88dc3417d5058ec4b4503e0c12ea1a0a89be200fe98922423d4334014fa6b0ee (5FA9nQDV...), score=0, block=255    
2026-02-20 11:10:31 DCF: Computed PoI score for validator=d17c2d7823ebf260fd138f2d7e27d114c0145d968b5ff5006125f2414fadae69 (5GoNkf6W...), score=0, block=255    
2026-02-20 11:10:31 DCF: Computed PoI score for validator=439660b36c6c03afafca027b910b4fecf99801834c62a5e6006f27d978de234f (5DbKjhNL...), score=0, block=255    
2026-02-20 11:10:31 DCF off-chain worker completed computation    
2026-02-20 11:10:31 DCF Finality Sync: Client at block #251, DCF finalized up to #254, syncing...    
2026-02-20 11:10:31 DCF Finality Sync: Sync complete. Client finalized head now at block #254    
2026-02-20 11:10:32 💤 Idle (2 peers), best: #255 (0xf7bb…cd3c), finalized #254 (0x1789…128c), ⬇ 0.3kiB/s ⬆ 0.4kiB/s    
2026-02-20 11:10:34 DCF Verifier: Block #256 verification passed    
2026-02-20 11:10:34 DCF: Finality advanced from 254 to 255 in epoch 2    
2026-02-20 11:10:34 DCF: Progressive finalization advanced to block 255    
2026-02-20 11:10:34 🏆 Imported #256 (0xf7bb…cd3c → 0x3f9a…7447)    
2026-02-20 11:10:37 DCF Verifier: Block #257 verification passed    
2026-02-20 11:10:37 DCF: Finality advanced from 255 to 256 in epoch 2    
2026-02-20 11:10:37 DCF: Progressive finalization advanced to block 256    
2026-02-20 11:10:37 🏆 Imported #257 (0x3f9a…7447 → 0xa70b…3a61)    
2026-02-20 11:10:37 DCF: Finality advanced from 256 to 257 in epoch 2    
2026-02-20 11:10:37 DCF: Progressive finalization advanced to block 257    
2026-02-20 11:10:37 ProposerFactory: Successfully created block #258 with 1 extrinsics    
2026-02-20 11:10:37 DCF: Finality advanced from 256 to 257 in epoch 2    
2026-02-20 11:10:37 DCF: Progressive finalization advanced to block 257    
2026-02-20 11:10:37 🏆 Imported #258 (0xa70b…3a61 → 0x1c98…f2e7)    
2026-02-20 11:10:37 💤 Idle (2 peers), best: #258 (0x1c98…f2e7), finalized #254 (0x1789…128c), ⬇ 0.6kiB/s ⬆ 0.3kiB/s    
2026-02-20 11:10:37 DCF Finality Sync: Client at block #254, DCF finalized up to #257, syncing...    
2026-02-20 11:10:37 DCF Finality Sync: Sync complete. Client finalized head now at block #257    
2026-02-20 11:10:40 DCF Verifier: Block #259 verification passed    
2026-02-20 11:10:40 DCF: Finality advanced from 257 to 258 in epoch 2    
2026-02-20 11:10:40 DCF: Progressive finalization advanced to block 258    
2026-02-20 11:10:40 🏆 Imported #259 (0x1c98…f2e7 → 0x3454…4e61)    
2026-02-20 11:10:42 💤 Idle (2 peers), best: #259 (0x3454…4e61), finalized #257 (0xa70b…3a61), ⬇ 0.1kiB/s ⬆ 28 B/s    
2026-02-20 11:10:43 DCF: Finality advanced from 258 to 259 in epoch 2    
2026-02-20 11:10:43 DCF: Progressive finalization advanced to block 259    
2026-02-20 11:10:43 ProposerFactory: Successfully created block #260 with 1 extrinsics    
2026-02-20 11:10:43 DCF: Finality advanced from 258 to 259 in epoch 2    
2026-02-20 11:10:43 DCF: Progressive finalization advanced to block 259    
2026-02-20 11:10:43 🏆 Imported #260 (0x3454…4e61 → 0xa6d6…1712)    
2026-02-20 11:10:43 DCF: Computed PoI score for validator=88dc3417d5058ec4b4503e0c12ea1a0a89be200fe98922423d4334014fa6b0ee (5FA9nQDV...), score=0, block=260    
2026-02-20 11:10:43 DCF: Computed PoI score for validator=d17c2d7823ebf260fd138f2d7e27d114c0145d968b5ff5006125f2414fadae69 (5GoNkf6W...), score=0, block=260    
2026-02-20 11:10:43 DCF: Computed PoI score for validator=439660b36c6c03afafca027b910b4fecf99801834c62a5e6006f27d978de234f (5DbKjhNL...), score=0, block=260    
2026-02-20 11:10:43 DCF off-chain worker completed computation    
2026-02-20 11:10:43 PoS+PoI: Consensus Health - Block: 260, Slot: 92, Validators: 3, Healthy: 3, Avg Score: 100    
2026-02-20 11:10:43 DCF Finality Sync: Client at block #257, DCF finalized up to #259, syncing...    
2026-02-20 11:10:43 DCF Finality Sync: Sync complete. Client finalized head now at block #259    
2026-02-20 11:10:46 DCF Verifier: Block #261 verification passed    
2026-02-20 11:10:46 DCF: Finality advanced from 259 to 260 in epoch 2    
2026-02-20 11:10:46 DCF: Progressive finalization advanced to block 260    
2026-02-20 11:10:46 🏆 Imported #261 (0xa6d6…1712 → 0x5df9…b37c)    
2026-02-20 11:10:47 💤 Idle (2 peers), best: #261 (0x5df9…b37c), finalized #259 (0x3454…4e61), ⬇ 0.2kiB/s ⬆ 0.1kiB/s    
2026-02-20 11:10:49 DCF: Finality advanced from 260 to 261 in epoch 2    
2026-02-20 11:10:49 DCF: Progressive finalization advanced to block 261    
2026-02-20 11:10:49 ProposerFactory: Successfully created block #262 with 1 extrinsics    
2026-02-20 11:10:49 DCF: Finality advanced from 260 to 261 in epoch 2    
2026-02-20 11:10:49 DCF: Progressive finalization advanced to block 261    
2026-02-20 11:10:49 🏆 Imported #262 (0x5df9…b37c → 0x5ae2…d4fb)    
2026-02-20 11:10:49 DCF Finality Sync: Client at block #259, DCF finalized up to #261, syncing...    
2026-02-20 11:10:49 DCF Finality Sync: Sync complete. Client finalized head now at block #261    
2026-02-20 11:10:52 DCF Verifier: Block #263 verification passed    
2026-02-20 11:10:52 DCF: Finality advanced from 261 to 262 in epoch 2    
2026-02-20 11:10:52 DCF: Progressive finalization advanced to block 262    
2026-02-20 11:10:52 🏆 Imported #263 (0x5ae2…d4fb → 0x7f22…fbcf)    
2026-02-20 11:10:52 💤 Idle (2 peers), best: #263 (0x7f22…fbcf), finalized #261 (0x5df9…b37c), ⬇ 0.2kiB/s ⬆ 0.2kiB/s    
2026-02-20 11:10:55 DCF: Finality advanced from 262 to 263 in epoch 2    
2026-02-20 11:10:55 DCF: Progressive finalization advanced to block 263    
2026-02-20 11:10:55 ProposerFactory: Successfully created block #264 with 1 extrinsics    
2026-02-20 11:10:55 DCF: Finality advanced from 262 to 263 in epoch 2    
2026-02-20 11:10:55 DCF: Progressive finalization advanced to block 263    
2026-02-20 11:10:55 🏆 Imported #264 (0x7f22…fbcf → 0xb2a2…3808)    
2026-02-20 11:10:55 DCF Verifier: Block #265 verification passed    
2026-02-20 11:10:55 DCF: Finality advanced from 263 to 264 in epoch 2    
2026-02-20 11:10:55 DCF: Progressive finalization advanced to block 264    
2026-02-20 11:10:55 🏆 Imported #265 (0xb2a2…3808 → 0x0aba…5804)    
2026-02-20 11:10:55 DCF: Computed PoI score for validator=88dc3417d5058ec4b4503e0c12ea1a0a89be200fe98922423d4334014fa6b0ee (5FA9nQDV...), score=0, block=265    
2026-02-20 11:10:55 DCF: Computed PoI score for validator=d17c2d7823ebf260fd138f2d7e27d114c0145d968b5ff5006125f2414fadae69 (5GoNkf6W...), score=0, block=265    
2026-02-20 11:10:55 DCF: Computed PoI score for validator=439660b36c6c03afafca027b910b4fecf99801834c62a5e6006f27d978de234f (5DbKjhNL...), score=0, block=265    
2026-02-20 11:10:55 DCF off-chain worker completed computation    
2026-02-20 11:10:55 DCF Finality Sync: Client at block #261, DCF finalized up to #264, syncing...    
2026-02-20 11:10:55 DCF Finality Sync: Sync complete. Client finalized head now at block #264    
2026-02-20 11:10:57 💤 Idle (2 peers), best: #265 (0x0aba…5804), finalized #264 (0xb2a2…3808), ⬇ 0.1kiB/s ⬆ 0.2kiB/s    
2026-02-20 11:10:58 DCF Verifier: Block #266 verification passed    
2026-02-20 11:10:58 DCF: Finality advanced from 264 to 265 in epoch 2    
2026-02-20 11:10:58 DCF: Progressive finalization advanced to block 265    
2026-02-20 11:10:58 🏆 Imported #266 (0x0aba…5804 → 0x77d5…26e5)    
2026-02-20 11:11:01 DCF: Finality advanced from 265 to 266 in epoch 2    
2026-02-20 11:11:01 DCF: Progressive finalization advanced to block 266    
2026-02-20 11:11:01 ProposerFactory: Successfully created block #267 with 1 extrinsics    
2026-02-20 11:11:01 DCF: Finality advanced from 265 to 266 in epoch 2    
2026-02-20 11:11:01 DCF: Progressive finalization advanced to block 266    
2026-02-20 11:11:01 🏆 Imported #267 (0x77d5…26e5 → 0x56cc…2b42)    
2026-02-20 11:11:01 DCF Verifier: Block #268 verification passed    
2026-02-20 11:11:01 DCF: Finality advanced from 266 to 267 in epoch 2    
2026-02-20 11:11:01 DCF: Progressive finalization advanced to block 267    
2026-02-20 11:11:01 🏆 Imported #268 (0x56cc…2b42 → 0x94d4…e660)    
2026-02-20 11:11:01 DCF Finality Sync: Client at block #264, DCF finalized up to #267, syncing...    
2026-02-20 11:11:01 DCF Finality Sync: Sync complete. Client finalized head now at block #267    
2026-02-20 11:11:02 💤 Idle (2 peers), best: #268 (0x94d4…e660), finalized #267 (0x56cc…2b42), ⬇ 0.3kiB/s ⬆ 0.3kiB/s    
2026-02-20 11:11:04 DCF Verifier: Block #269 verification passed    
2026-02-20 11:11:04 DCF: Finality advanced from 267 to 268 in epoch 2    
2026-02-20 11:11:04 DCF: Progressive finalization advanced to block 268    
2026-02-20 11:11:04 🏆 Imported #269 (0x94d4…e660 → 0x17b1…f172)    
2026-02-20 11:11:07 DCF: Finality advanced from 268 to 269 in epoch 2    
2026-02-20 11:11:07 DCF: Progressive finalization advanced to block 269    
2026-02-20 11:11:07 ProposerFactory: Successfully created block #270 with 1 extrinsics    
2026-02-20 11:11:07 DCF: Finality advanced from 268 to 269 in epoch 2    
2026-02-20 11:11:07 DCF: Progressive finalization advanced to block 269    
2026-02-20 11:11:07 🏆 Imported #270 (0x17b1…f172 → 0xe1ef…a9a4)    
2026-02-20 11:11:07 DCF: Computed PoI score for validator=88dc3417d5058ec4b4503e0c12ea1a0a89be200fe98922423d4334014fa6b0ee (5FA9nQDV...), score=0, block=270    
2026-02-20 11:11:07 DCF: Computed PoI score for validator=d17c2d7823ebf260fd138f2d7e27d114c0145d968b5ff5006125f2414fadae69 (5GoNkf6W...), score=0, block=270    
2026-02-20 11:11:07 DCF: Computed PoI score for validator=439660b36c6c03afafca027b910b4fecf99801834c62a5e6006f27d978de234f (5DbKjhNL...), score=0, block=270    
2026-02-20 11:11:07 💤 Idle (2 peers), best: #270 (0xe1ef…a9a4), finalized #267 (0x56cc…2b42), ⬇ 0.2kiB/s ⬆ 0.2kiB/s    
2026-02-20 11:11:07 DCF off-chain worker completed computation    
2026-02-20 11:11:07 PoS+PoI: Consensus Health - Block: 270, Slot: 96, Validators: 3, Healthy: 3, Avg Score: 100    
2026-02-20 11:11:07 DCF Verifier: Block #271 verification passed    
2026-02-20 11:11:07 DCF: Finality advanced from 269 to 270 in epoch 2    
2026-02-20 11:11:07 DCF: Progressive finalization advanced to block 270    
2026-02-20 11:11:07 🏆 Imported #271 (0xe1ef…a9a4 → 0xc7ce…bd18)    
2026-02-20 11:11:07 DCF Finality Sync: Client at block #267, DCF finalized up to #270, syncing...    
2026-02-20 11:11:07 DCF Finality Sync: Sync complete. Client finalized head now at block #270    
2026-02-20 11:11:10 DCF Verifier: Block #272 verification passed    
2026-02-20 11:11:10 DCF: Finality advanced from 270 to 271 in epoch 2    
2026-02-20 11:11:10 DCF: Progressive finalization advanced to block 271    
2026-02-20 11:11:10 🏆 Imported #272 (0xc7ce…bd18 → 0x2c83…7bee)    
2026-02-20 11:11:12 💤 Idle (2 peers), best: #272 (0x2c83…7bee), finalized #270 (0xe1ef…a9a4), ⬇ 0.2kiB/s ⬆ 0.1kiB/s    
2026-02-20 11:11:13 DCF: Finality advanced from 271 to 272 in epoch 2    
2026-02-20 11:11:13 DCF: Progressive finalization advanced to block 272    
2026-02-20 11:11:13 ProposerFactory: Successfully created block #273 with 1 extrinsics    
2026-02-20 11:11:13 DCF: Finality advanced from 271 to 272 in epoch 2    
2026-02-20 11:11:13 DCF: Progressive finalization advanced to block 272    
2026-02-20 11:11:13 🏆 Imported #273 (0x2c83…7bee → 0xf0a3…25ff)    
2026-02-20 11:11:14 DCF Finality Sync: Client at block #270, DCF finalized up to #272, syncing...    
2026-02-20 11:11:14 DCF Finality Sync: Sync complete. Client finalized head now at block #272    
2026-02-20 11:11:16 DCF Verifier: Block #274 verification passed    
2026-02-20 11:11:16 DCF: Finality advanced from 272 to 273 in epoch 2    
2026-02-20 11:11:16 DCF: Progressive finalization advanced to block 273    
2026-02-20 11:11:16 🏆 Imported #274 (0xf0a3…25ff → 0x98ca…8b55)    
2026-02-20 11:11:17 💤 Idle (2 peers), best: #274 (0x98ca…8b55), finalized #272 (0x2c83…7bee), ⬇ 0.2kiB/s ⬆ 0.2kiB/s    
2026-02-20 11:11:19 DCF: Finality advanced from 273 to 274 in epoch 2    
2026-02-20 11:11:19 DCF: Progressive finalization advanced to block 274    
2026-02-20 11:11:19 ProposerFactory: Successfully created block #275 with 1 extrinsics    
2026-02-20 11:11:19 DCF: Finality advanced from 273 to 274 in epoch 2    
2026-02-20 11:11:19 DCF: Progressive finalization advanced to block 274    
2026-02-20 11:11:19 🏆 Imported #275 (0x98ca…8b55 → 0x6316…fcee)    
2026-02-20 11:11:19 DCF: Computed PoI score for validator=88dc3417d5058ec4b4503e0c12ea1a0a89be200fe98922423d4334014fa6b0ee (5FA9nQDV...), score=0, block=275    
2026-02-20 11:11:19 DCF: Computed PoI score for validator=d17c2d7823ebf260fd138f2d7e27d114c0145d968b5ff5006125f2414fadae69 (5GoNkf6W...), score=0, block=275    
2026-02-20 11:11:19 DCF: Computed PoI score for validator=439660b36c6c03afafca027b910b4fecf99801834c62a5e6006f27d978de234f (5DbKjhNL...), score=0, block=275    
2026-02-20 11:11:19 DCF off-chain worker completed computation    
2026-02-20 11:11:19 DCF Verifier: Block #276 verification passed    
2026-02-20 11:11:19 DCF: Finality advanced from 274 to 275 in epoch 2    
2026-02-20 11:11:19 DCF: Progressive finalization advanced to block 275    
2026-02-20 11:11:19 🏆 Imported #276 (0x6316…fcee → 0xbbd6…4f02)    
2026-02-20 11:11:20 DCF Finality Sync: Client at block #272, DCF finalized up to #275, syncing...    
2026-02-20 11:11:20 DCF Finality Sync: Sync complete. Client finalized head now at block #275    
2026-02-20 11:11:22 💤 Idle (2 peers), best: #276 (0xbbd6…4f02), finalized #275 (0x6316…fcee), ⬇ 0.1kiB/s ⬆ 0.2kiB/s    
2026-02-20 11:11:22 DCF Verifier: Block #277 verification passed    
2026-02-20 11:11:22 DCF: Finality advanced from 275 to 276 in epoch 2    
2026-02-20 11:11:22 DCF: Progressive finalization advanced to block 276    
2026-02-20 11:11:22 🏆 Imported #277 (0xbbd6…4f02 → 0xb527…a59c)    
2026-02-20 11:11:25 DCF: Finality advanced from 276 to 277 in epoch 2    
2026-02-20 11:11:25 DCF: Progressive finalization advanced to block 277    
2026-02-20 11:11:25 ProposerFactory: Successfully created block #278 with 1 extrinsics    
2026-02-20 11:11:25 DCF: Finality advanced from 276 to 277 in epoch 2    
2026-02-20 11:11:25 DCF: Progressive finalization advanced to block 277    
2026-02-20 11:11:25 🏆 Imported #278 (0xb527…a59c → 0x76d8…ed4d)    
2026-02-20 11:11:26 DCF Finality Sync: Client at block #275, DCF finalized up to #277, syncing...    
2026-02-20 11:11:26 DCF Finality Sync: Sync complete. Client finalized head now at block #277    
2026-02-20 11:11:26 DCF Verifier: Block #279 verification passed    
2026-02-20 11:11:26 DCF: Finality advanced from 277 to 278 in epoch 2    
2026-02-20 11:11:26 DCF: Progressive finalization advanced to block 278    
2026-02-20 11:11:26 🏆 Imported #279 (0x76d8…ed4d → 0xa0a4…ca37)    
2026-02-20 11:11:27 💤 Idle (2 peers), best: #279 (0xa0a4…ca37), finalized #277 (0xb527…a59c), ⬇ 0.2kiB/s ⬆ 0.4kiB/s    
2026-02-20 11:11:28 DCF Verifier: Block #280 verification passed    
2026-02-20 11:11:28 DCF: Finality advanced from 278 to 279 in epoch 2    
2026-02-20 11:11:28 DCF: Progressive finalization advanced to block 279    
2026-02-20 11:11:28 🏆 Imported #280 (0xa0a4…ca37 → 0x38cb…addb)    
2026-02-20 11:11:28 DCF: Computed PoI score for validator=88dc3417d5058ec4b4503e0c12ea1a0a89be200fe98922423d4334014fa6b0ee (5FA9nQDV...), score=0, block=280    
2026-02-20 11:11:28 DCF: Computed PoI score for validator=d17c2d7823ebf260fd138f2d7e27d114c0145d968b5ff5006125f2414fadae69 (5GoNkf6W...), score=0, block=280    
2026-02-20 11:11:28 DCF: Computed PoI score for validator=439660b36c6c03afafca027b910b4fecf99801834c62a5e6006f27d978de234f (5DbKjhNL...), score=0, block=280    
2026-02-20 11:11:28 DCF off-chain worker completed computation    
2026-02-20 11:11:31 Block Tracker: Statistics Report    
2026-02-20 11:11:31   Service uptime: 600.710846723s    
2026-02-20 11:11:31   Total blocks tracked: 280    
2026-02-20 11:11:31   Active validators monitored: 3    
2026-02-20 11:11:31   Overall participation rate: 100.00%    
2026-02-20 11:11:31   Total blocks authored: 278    
2026-02-20 11:11:31   Total blocks missed: 0    
2026-02-20 11:11:31   Top performers:    
2026-02-20 11:11:31     d17c2d7823ebf260fd138f2d7e27d114c0145d968b5ff5006125f2414fadae69 (5GoNkf6W...): 100.00% (96/96 blocks)    
2026-02-20 11:11:31     88dc3417d5058ec4b4503e0c12ea1a0a89be200fe98922423d4334014fa6b0ee (5FA9nQDV...): 100.00% (90/90 blocks)    
2026-02-20 11:11:31     439660b36c6c03afafca027b910b4fecf99801834c62a5e6006f27d978de234f (5DbKjhNL...): 100.00% (92/92 blocks)    
2026-02-20 11:11:31 Producing block #281 with author 88dc3417d5058ec4b4503e0c12ea1a0a89be200fe98922423d4334014fa6b0ee (5FA9nQDV...)    
2026-02-20 11:11:31 DCF: Finality advanced from 279 to 280 in epoch 2    
2026-02-20 11:11:31 DCF: Progressive finalization advanced to block 280    
2026-02-20 11:11:31 ProposerFactory: Successfully created block #281 with 1 extrinsics    
2026-02-20 11:11:31 DCF: Finality advanced from 279 to 280 in epoch 2    
2026-02-20 11:11:31 DCF: Progressive finalization advanced to block 280    
2026-02-20 11:11:31 🏆 Imported #281 (0x38cb…addb → 0x450b…cafa)    
2026-02-20 11:11:31 DCF: Validator 88dc3417d5058ec4b4503e0c12ea1a0a89be200fe98922423d4334014fa6b0ee (5FA9nQDV...) - Combined: 100 (PoS: 0 @6000%, PoI: 80 @4000%), Participation: 100%, Missed: 0    
2026-02-20 11:11:31 DCF: Validator d17c2d7823ebf260fd138f2d7e27d114c0145d968b5ff5006125f2414fadae69 (5GoNkf6W...) - Combined: 100 (PoS: 0 @6000%, PoI: 80 @4000%), Participation: 100%, Missed: 0    
2026-02-20 11:11:31 DCF: Validator 439660b36c6c03afafca027b910b4fecf99801834c62a5e6006f27d978de234f (5DbKjhNL...) - Combined: 100 (PoS: 0 @6000%, PoI: 80 @4000%), Participation: 100%, Missed: 0    
2026-02-20 11:11:31 DCF: Refreshed scores for 3 validators    
2026-02-20 11:11:32 DCF Finality Sync: Client at block #277, DCF finalized up to #280, syncing...    
2026-02-20 11:11:32 DCF Finality Sync: Sync complete. Client finalized head now at block #280    
2026-02-20 11:11:32 DCF Verifier: Block #282 verification passed    
2026-02-20 11:11:32 DCF: Finality advanced from 280 to 281 in epoch 2    
2026-02-20 11:11:32 DCF: Progressive finalization advanced to block 281    
2026-02-20 11:11:32 🏆 Imported #282 (0x450b…cafa → 0xa51f…a7d6)    
2026-02-20 11:11:32 💤 Idle (2 peers), best: #282 (0xa51f…a7d6), finalized #280 (0x38cb…addb), ⬇ 1.8kiB/s ⬆ 1.7kiB/s    
2026-02-20 11:11:32 DCF: Validator 88dc3417d5058ec4b4503e0c12ea1a0a89be200fe98922423d4334014fa6b0ee (5FA9nQDV...) - Combined: 100 (PoS: 0 @6000%, PoI: 80 @4000%), Participation: 100%, Missed: 0    
2026-02-20 11:11:32 DCF: Validator d17c2d7823ebf260fd138f2d7e27d114c0145d968b5ff5006125f2414fadae69 (5GoNkf6W...) - Combined: 100 (PoS: 0 @6000%, PoI: 80 @4000%), Participation: 100%, Missed: 0    
2026-02-20 11:11:32 DCF: Validator 439660b36c6c03afafca027b910b4fecf99801834c62a5e6006f27d978de234f (5DbKjhNL...) - Combined: 100 (PoS: 0 @6000%, PoI: 80 @4000%), Participation: 100%, Missed: 0    
2026-02-20 11:11:32 DCF: Refreshed scores for 3 validators    
2026-02-20 11:11:33 DCF: Validator 88dc3417d5058ec4b4503e0c12ea1a0a89be200fe98922423d4334014fa6b0ee (5FA9nQDV...) - Combined: 100 (PoS: 0 @6000%, PoI: 80 @4000%), Participation: 100%, Missed: 0    
2026-02-20 11:11:33 DCF: Validator d17c2d7823ebf260fd138f2d7e27d114c0145d968b5ff5006125f2414fadae69 (5GoNkf6W...) - Combined: 100 (PoS: 0 @6000%, PoI: 80 @4000%), Participation: 100%, Missed: 0    
2026-02-20 11:11:33 DCF: Validator 439660b36c6c03afafca027b910b4fecf99801834c62a5e6006f27d978de234f (5DbKjhNL...) - Combined: 100 (PoS: 0 @6000%, PoI: 80 @4000%), Participation: 100%, Missed: 0    
2026-02-20 11:11:33 DCF: Refreshed scores for 3 validators    
2026-02-20 11:11:34 DCF: Validator 88dc3417d5058ec4b4503e0c12ea1a0a89be200fe98922423d4334014fa6b0ee (5FA9nQDV...) - Combined: 100 (PoS: 0 @6000%, PoI: 80 @4000%), Participation: 100%, Missed: 0    
2026-02-20 11:11:34 DCF: Validator d17c2d7823ebf260fd138f2d7e27d114c0145d968b5ff5006125f2414fadae69 (5GoNkf6W...) - Combined: 100 (PoS: 0 @6000%, PoI: 80 @4000%), Participation: 100%, Missed: 0    
2026-02-20 11:11:34 DCF: Validator 439660b36c6c03afafca027b910b4fecf99801834c62a5e6006f27d978de234f (5DbKjhNL...) - Combined: 100 (PoS: 0 @6000%, PoI: 80 @4000%), Participation: 100%, Missed: 0    
2026-02-20 11:11:34 DCF: Refreshed scores for 3 validators    
2026-02-20 11:11:34 DCF Verifier: Block #283 verification passed    
2026-02-20 11:11:34 DCF: Finality advanced from 281 to 282 in epoch 2    
2026-02-20 11:11:34 DCF: Progressive finalization advanced to block 282    
2026-02-20 11:11:34 🏆 Imported #283 (0xa51f…a7d6 → 0x109f…e7fa)    
2026-02-20 11:11:35 DCF: Validator 88dc3417d5058ec4b4503e0c12ea1a0a89be200fe98922423d4334014fa6b0ee (5FA9nQDV...) - Combined: 100 (PoS: 0 @6000%, PoI: 80 @4000%), Participation: 100%, Missed: 0    
2026-02-20 11:11:35 DCF: Validator d17c2d7823ebf260fd138f2d7e27d114c0145d968b5ff5006125f2414fadae69 (5GoNkf6W...) - Combined: 100 (PoS: 0 @6000%, PoI: 80 @4000%), Participation: 100%, Missed: 0    
2026-02-20 11:11:35 DCF: Validator 439660b36c6c03afafca027b910b4fecf99801834c62a5e6006f27d978de234f (5DbKjhNL...) - Combined: 100 (PoS: 0 @6000%, PoI: 80 @4000%), Participation: 100%, Missed: 0    
2026-02-20 11:11:35 DCF: Refreshed scores for 3 validators    
2026-02-20 11:11:36 DCF: Validator 88dc3417d5058ec4b4503e0c12ea1a0a89be200fe98922423d4334014fa6b0ee (5FA9nQDV...) - Combined: 100 (PoS: 0 @6000%, PoI: 80 @4000%), Participation: 100%, Missed: 0    
2026-02-20 11:11:36 DCF: Validator d17c2d7823ebf260fd138f2d7e27d114c0145d968b5ff5006125f2414fadae69 (5GoNkf6W...) - Combined: 100 (PoS: 0 @6000%, PoI: 80 @4000%), Participation: 100%, Missed: 0    
2026-02-20 11:11:36 DCF: Validator 439660b36c6c03afafca027b910b4fecf99801834c62a5e6006f27d978de234f (5DbKjhNL...) - Combined: 100 (PoS: 0 @6000%, PoI: 80 @4000%), Participation: 100%, Missed: 0    
2026-02-20 11:11:36 DCF: Refreshed scores for 3 validators    
2026-02-20 11:11:37 💤 Idle (2 peers), best: #283 (0x109f…e7fa), finalized #280 (0x38cb…addb), ⬇ 0.4kiB/s ⬆ 0.1kiB/s    
2026-02-20 11:11:37 DCF: Finality advanced from 282 to 283 in epoch 2    
2026-02-20 11:11:37 DCF: Progressive finalization advanced to block 283    
2026-02-20 11:11:37 ProposerFactory: Successfully created block #284 with 1 extrinsics    
2026-02-20 11:11:37 DCF: Finality advanced from 282 to 283 in epoch 2    
2026-02-20 11:11:37 DCF: Progressive finalization advanced to block 283    
2026-02-20 11:11:37 🏆 Imported #284 (0x109f…e7fa → 0x5418…9c41)    
2026-02-20 11:11:38 DCF Finality Sync: Client at block #280, DCF finalized up to #283, syncing...    
2026-02-20 11:11:38 DCF Finality Sync: Sync complete. Client finalized head now at block #283    
2026-02-20 11:11:38 DCF Verifier: Block #285 verification passed    
2026-02-20 11:11:38 DCF: Finality advanced from 283 to 284 in epoch 2    
2026-02-20 11:11:38 DCF: Progressive finalization advanced to block 284    
2026-02-20 11:11:38 🏆 Imported #285 (0x5418…9c41 → 0x2703…fbed)    
2026-02-20 11:11:38 DCF: Computed PoI score for validator=88dc3417d5058ec4b4503e0c12ea1a0a89be200fe98922423d4334014fa6b0ee (5FA9nQDV...), score=0, block=285    
2026-02-20 11:11:38 DCF: Computed PoI score for validator=d17c2d7823ebf260fd138f2d7e27d114c0145d968b5ff5006125f2414fadae69 (5GoNkf6W...), score=0, block=285    
2026-02-20 11:11:38 DCF: Computed PoI score for validator=439660b36c6c03afafca027b910b4fecf99801834c62a5e6006f27d978de234f (5DbKjhNL...), score=0, block=285    
2026-02-20 11:11:38 DCF off-chain worker completed computation    
2026-02-20 11:11:41 DCF Verifier: Block #286 verification passed    
2026-02-20 11:11:41 DCF: Finality advanced from 284 to 285 in epoch 2    
2026-02-20 11:11:41 DCF: Progressive finalization advanced to block 285    
2026-02-20 11:11:41 🏆 Imported #286 (0x2703…fbed → 0x735d…661a)    
2026-02-20 11:11:42 💤 Idle (2 peers), best: #286 (0x735d…661a), finalized #283 (0x109f…e7fa), ⬇ 0.3kiB/s ⬆ 0.3kiB/s    
2026-02-20 11:11:44 DCF: Finality advanced from 285 to 286 in epoch 2    
2026-02-20 11:11:44 DCF: Progressive finalization advanced to block 286    
2026-02-20 11:11:44 ProposerFactory: Successfully created block #287 with 1 extrinsics    
2026-02-20 11:11:44 DCF: Finality advanced from 285 to 286 in epoch 2    
2026-02-20 11:11:44 DCF: Progressive finalization advanced to block 286    
2026-02-20 11:11:44 🏆 Imported #287 (0x735d…661a → 0x950b…6520)    
2026-02-20 11:11:44 DCF Finality Sync: Client at block #283, DCF finalized up to #286, syncing...    
2026-02-20 11:11:44 DCF Finality Sync: Sync complete. Client finalized head now at block #286    
2026-02-20 11:11:44 DCF Verifier: Block #288 verification passed    
2026-02-20 11:11:44 DCF: Finality advanced from 286 to 287 in epoch 2    
2026-02-20 11:11:44 DCF: Progressive finalization advanced to block 287    
2026-02-20 11:11:44 🏆 Imported #288 (0x950b…6520 → 0x2da9…b3ae)    
2026-02-20 11:11:47 DCF Verifier: Block #289 verification passed    
2026-02-20 11:11:47 DCF: Finality advanced from 287 to 288 in epoch 2    
2026-02-20 11:11:47 DCF: Progressive finalization advanced to block 288    
2026-02-20 11:11:47 🏆 Imported #289 (0x2da9…b3ae → 0xbd16…f07c)    
2026-02-20 11:11:47 💤 Idle (2 peers), best: #289 (0xbd16…f07c), finalized #286 (0x735d…661a), ⬇ 0.3kiB/s ⬆ 0.4kiB/s    
2026-02-20 11:11:50 DCF: Finality advanced from 288 to 289 in epoch 2    
2026-02-20 11:11:50 DCF: Progressive finalization advanced to block 289    
2026-02-20 11:11:50 ProposerFactory: Successfully created block #290 with 1 extrinsics    
2026-02-20 11:11:50 DCF: Finality advanced from 288 to 289 in epoch 2    
2026-02-20 11:11:50 DCF: Progressive finalization advanced to block 289    
2026-02-20 11:11:50 🏆 Imported #290 (0xbd16…f07c → 0xb0d6…1650)    
2026-02-20 11:11:50 DCF: Computed PoI score for validator=88dc3417d5058ec4b4503e0c12ea1a0a89be200fe98922423d4334014fa6b0ee (5FA9nQDV...), score=0, block=290    
2026-02-20 11:11:50 DCF: Computed PoI score for validator=d17c2d7823ebf260fd138f2d7e27d114c0145d968b5ff5006125f2414fadae69 (5GoNkf6W...), score=0, block=290    
2026-02-20 11:11:50 DCF: Computed PoI score for validator=439660b36c6c03afafca027b910b4fecf99801834c62a5e6006f27d978de234f (5DbKjhNL...), score=0, block=290    
2026-02-20 11:11:50 DCF off-chain worker completed computation    
2026-02-20 11:11:50 PoS+PoI: Consensus Health - Block: 290, Slot: 103, Validators: 3, Healthy: 3, Avg Score: 100    
2026-02-20 11:11:50 DCF Finality Sync: Client at block #286, DCF finalized up to #289, syncing...    
2026-02-20 11:11:50 DCF Finality Sync: Sync complete. Client finalized head now at block #289    
2026-02-20 11:11:50 DCF Verifier: Block #291 verification passed    
2026-02-20 11:11:50 DCF: Finality advanced from 289 to 290 in epoch 2    
2026-02-20 11:11:50 DCF: Progressive finalization advanced to block 290    
2026-02-20 11:11:50 🏆 Imported #291 (0xb0d6…1650 → 0x01b5…785c)    
2026-02-20 11:11:52 💤 Idle (2 peers), best: #291 (0x01b5…785c), finalized #289 (0xbd16…f07c), ⬇ 0.2kiB/s ⬆ 0.2kiB/s    
2026-02-20 11:11:53 DCF Verifier: Block #292 verification passed    
2026-02-20 11:11:53 DCF: Finality advanced from 290 to 291 in epoch 2    
2026-02-20 11:11:53 DCF: Progressive finalization advanced to block 291    
2026-02-20 11:11:53 🏆 Imported #292 (0x01b5…785c → 0xb509…9692)    
2026-02-20 11:11:56 DCF: Finality advanced from 291 to 292 in epoch 2    
2026-02-20 11:11:56 DCF: Progressive finalization advanced to block 292    
2026-02-20 11:11:56 ProposerFactory: Successfully created block #293 with 1 extrinsics    
2026-02-20 11:11:56 DCF: Finality advanced from 291 to 292 in epoch 2    
2026-02-20 11:11:56 DCF: Progressive finalization advanced to block 292    
2026-02-20 11:11:56 🏆 Imported #293 (0xb509…9692 → 0x192b…4121)    
2026-02-20 11:11:56 DCF Finality Sync: Client at block #289, DCF finalized up to #292, syncing...    
2026-02-20 11:11:56 DCF Finality Sync: Sync complete. Client finalized head now at block #292    
2026-02-20 11:11:56 DCF Verifier: Block #294 verification passed    
2026-02-20 11:11:56 DCF: Finality advanced from 292 to 293 in epoch 2    
2026-02-20 11:11:56 DCF: Progressive finalization advanced to block 293    
2026-02-20 11:11:56 🏆 Imported #294 (0x192b…4121 → 0xc655…cd8e)    
2026-02-20 11:11:57 💤 Idle (2 peers), best: #294 (0xc655…cd8e), finalized #292 (0xb509…9692), ⬇ 0.3kiB/s ⬆ 0.2kiB/s    
2026-02-20 11:11:59 DCF Verifier: Block #295 verification passed    
2026-02-20 11:11:59 DCF: Finality advanced from 293 to 294 in epoch 2    
2026-02-20 11:11:59 DCF: Progressive finalization advanced to block 294    
2026-02-20 11:11:59 🏆 Imported #295 (0xc655…cd8e → 0x3a1c…2745)    
2026-02-20 11:11:59 DCF: Computed PoI score for validator=88dc3417d5058ec4b4503e0c12ea1a0a89be200fe98922423d4334014fa6b0ee (5FA9nQDV...), score=0, block=295    
2026-02-20 11:11:59 DCF: Computed PoI score for validator=d17c2d7823ebf260fd138f2d7e27d114c0145d968b5ff5006125f2414fadae69 (5GoNkf6W...), score=0, block=295    
2026-02-20 11:11:59 DCF: Computed PoI score for validator=439660b36c6c03afafca027b910b4fecf99801834c62a5e6006f27d978de234f (5DbKjhNL...), score=0, block=295    
2026-02-20 11:11:59 DCF off-chain worker completed computation    
2026-02-20 11:12:02 DCF: Finality advanced from 294 to 295 in epoch 2    
2026-02-20 11:12:02 DCF: Progressive finalization advanced to block 295    
2026-02-20 11:12:02 ProposerFactory: Successfully created block #296 with 1 extrinsics    
2026-02-20 11:12:02 DCF: Finality advanced from 294 to 295 in epoch 2    
2026-02-20 11:12:02 DCF: Progressive finalization advanced to block 295    
2026-02-20 11:12:02 🏆 Imported #296 (0x3a1c…2745 → 0xf259…8aed)    
2026-02-20 11:12:02 DCF Finality Sync: Client at block #292, DCF finalized up to #295, syncing...    
2026-02-20 11:12:02 DCF Finality Sync: Sync complete. Client finalized head now at block #295    
2026-02-20 11:12:02 DCF Verifier: Block #297 verification passed    
2026-02-20 11:12:02 DCF: Finality advanced from 295 to 296 in epoch 2    
2026-02-20 11:12:02 DCF: Progressive finalization advanced to block 296    
2026-02-20 11:12:02 🏆 Imported #297 (0xf259…8aed → 0x6905…88b9)    
2026-02-20 11:12:02 💤 Idle (2 peers), best: #297 (0x6905…88b9), finalized #295 (0x3a1c…2745), ⬇ 0.3kiB/s ⬆ 0.3kiB/s    
2026-02-20 11:12:05 DCF Verifier: Block #298 verification passed    
2026-02-20 11:12:05 DCF: Finality advanced from 296 to 297 in epoch 2    
2026-02-20 11:12:05 DCF: Progressive finalization advanced to block 297    
2026-02-20 11:12:05 🏆 Imported #298 (0x6905…88b9 → 0x8033…961d)    
2026-02-20 11:12:07 💤 Idle (2 peers), best: #298 (0x8033…961d), finalized #295 (0x3a1c…2745), ⬇ 0.1kiB/s ⬆ 56 B/s    
2026-02-20 11:12:08 DCF Finality Sync: Client at block #295, DCF finalized up to #297, syncing...    
2026-02-20 11:12:08 DCF Finality Sync: Sync complete. Client finalized head now at block #297    
2026-02-20 11:12:08 DCF: Finality advanced from 297 to 298 in epoch 2    
2026-02-20 11:12:08 DCF: Progressive finalization advanced to block 298    
2026-02-20 11:12:08 ProposerFactory: Successfully created block #299 with 1 extrinsics    
2026-02-20 11:12:08 DCF: Finality advanced from 297 to 298 in epoch 2    
2026-02-20 11:12:08 DCF: Progressive finalization advanced to block 298    
2026-02-20 11:12:08 🏆 Imported #299 (0x8033…961d → 0x431b…bb66)    
2026-02-20 11:12:08 DCF Verifier: Block #300 verification passed    
2026-02-20 11:12:08 DCF: Finality advanced from 298 to 299 in epoch 2    
2026-02-20 11:12:08 DCF: Progressive finalization advanced to block 299    
2026-02-20 11:12:08 Failed to emit EVM-compatible event: ContainsNullBytes    
2026-02-20 11:12:08 Failed to emit EVM-compatible event: ContainsNullBytes    
2026-02-20 11:12:08 Failed to emit EVM-compatible event: ContainsNullBytes    
2026-02-20 11:12:08 DCF: Score aggregation completed - updated 3 validators    
2026-02-20 11:12:08 DCF: Performance analysis - 0 high performers, 0 low performers    
2026-02-20 11:12:08 DCF: Governance proposal generation completed    
2026-02-20 11:12:08 DCF: Epoch proposal generation completed    
2026-02-20 11:12:08 DCF: Processed 0 epoch proposals    
2026-02-20 11:12:08 DCF: Auto epoch transition 2 -> 3 (standard mode) - 3 active validators    
2026-02-20 11:12:08 Failed to emit EVM-compatible event: ContainsNullBytes    
2026-02-20 11:12:08 DCF: Deterministic epoch transition completed for epoch 3 at block 300 with 100 authors    
2026-02-20 11:12:08 DCF: Epoch finalization already at 299 (>= 299), no advancement needed    
2026-02-20 11:12:08 DCF: Epoch transition completed: 2 -> 3    
2026-02-20 11:12:08 DCF Health: epoch=3, validators=3/3, avg_score=32    
2026-02-20 11:12:08 DCF: Epoch metrics updated at block 300    
2026-02-20 11:12:08 🏆 Imported #300 (0x431b…bb66 → 0x5019…1566)    
2026-02-20 11:12:08 DCF: Computed PoI score for validator=88dc3417d5058ec4b4503e0c12ea1a0a89be200fe98922423d4334014fa6b0ee (5FA9nQDV...), score=0, block=300    
2026-02-20 11:12:08 DCF: Computed PoI score for validator=d17c2d7823ebf260fd138f2d7e27d114c0145d968b5ff5006125f2414fadae69 (5GoNkf6W...), score=0, block=300    
2026-02-20 11:12:08 DCF: Computed PoI score for validator=439660b36c6c03afafca027b910b4fecf99801834c62a5e6006f27d978de234f (5DbKjhNL...), score=0, block=300    
2026-02-20 11:12:08 DCF off-chain worker completed computation    
2026-02-20 11:12:11 DCF Verifier: Block #301 verification passed    
2026-02-20 11:12:11 DCF: Finality advanced from 299 to 300 in epoch 3    
2026-02-20 11:12:11 DCF: Progressive finalization advanced to block 300    
2026-02-20 11:12:11 🏆 Imported #301 (0x5019…1566 → 0x2a83…e57e)    
2026-02-20 11:12:12 💤 Idle (2 peers), best: #301 (0x2a83…e57e), finalized #297 (0x6905…88b9), ⬇ 0.3kiB/s ⬆ 0.3kiB/s    
2026-02-20 11:12:14 DCF Finality Sync: Client at block #297, DCF finalized up to #300, syncing...    
2026-02-20 11:12:14 DCF Finality Sync: Sync complete. Client finalized head now at block #300    
2026-02-20 11:12:14 DCF: Finality advanced from 300 to 301 in epoch 3    
2026-02-20 11:12:14 DCF: Progressive finalization advanced to block 301    
2026-02-20 11:12:14 ProposerFactory: Successfully created block #302 with 1 extrinsics    
2026-02-20 11:12:14 DCF: Finality advanced from 300 to 301 in epoch 3    
2026-02-20 11:12:14 DCF: Progressive finalization advanced to block 301    
2026-02-20 11:12:14 🏆 Imported #302 (0x2a83…e57e → 0x38d2…cb8d)    
2026-02-20 11:12:14 DCF Verifier: Block #303 verification passed    
2026-02-20 11:12:14 DCF: Finality advanced from 301 to 302 in epoch 3    
2026-02-20 11:12:14 DCF: Progressive finalization advanced to block 302    
2026-02-20 11:12:14 🏆 Imported #303 (0x38d2…cb8d → 0x4e11…837c)    
2026-02-20 11:12:17 DCF Verifier: Block #304 verification passed    
2026-02-20 11:12:17 DCF: Finality advanced from 302 to 303 in epoch 3    
2026-02-20 11:12:17 DCF: Progressive finalization advanced to block 303    
2026-02-20 11:12:17 🏆 Imported #304 (0x4e11…837c → 0x5a49…f209)    
2026-02-20 11:12:17 💤 Idle (2 peers), best: #304 (0x5a49…f209), finalized #300 (0x5019…1566), ⬇ 0.3kiB/s ⬆ 0.3kiB/s    
2026-02-20 11:12:20 DCF Finality Sync: Client at block #300, DCF finalized up to #303, syncing...    
2026-02-20 11:12:20 DCF Finality Sync: Sync complete. Client finalized head now at block #303    
2026-02-20 11:12:20 DCF: Finality advanced from 303 to 304 in epoch 3    
2026-02-20 11:12:20 DCF: Progressive finalization advanced to block 304    
2026-02-20 11:12:20 ProposerFactory: Successfully created block #305 with 1 extrinsics    
2026-02-20 11:12:20 DCF: Finality advanced from 303 to 304 in epoch 3    
2026-02-20 11:12:20 DCF: Progressive finalization advanced to block 304    
2026-02-20 11:12:20 🏆 Imported #305 (0x5a49…f209 → 0x119e…7820)    
2026-02-20 11:12:20 DCF: Computed PoI score for validator=88dc3417d5058ec4b4503e0c12ea1a0a89be200fe98922423d4334014fa6b0ee (5FA9nQDV...), score=0, block=305    
2026-02-20 11:12:20 DCF: Computed PoI score for validator=d17c2d7823ebf260fd138f2d7e27d114c0145d968b5ff5006125f2414fadae69 (5GoNkf6W...), score=0, block=305    
2026-02-20 11:12:20 DCF: Computed PoI score for validator=439660b36c6c03afafca027b910b4fecf99801834c62a5e6006f27d978de234f (5DbKjhNL...), score=0, block=305    
2026-02-20 11:12:20 DCF off-chain worker completed computation    
2026-02-20 11:12:21 DCF Verifier: Block #306 verification passed    
2026-02-20 11:12:21 DCF: Finality advanced from 304 to 305 in epoch 3    
2026-02-20 11:12:21 DCF: Progressive finalization advanced to block 305    
2026-02-20 11:12:21 🏆 Imported #306 (0x119e…7820 → 0xcc45…4ed0)    
2026-02-20 11:12:22 💤 Idle (2 peers), best: #306 (0xcc45…4ed0), finalized #303 (0x4e11…837c), ⬇ 0.2kiB/s ⬆ 0.2kiB/s    
2026-02-20 11:12:23 DCF Verifier: Block #307 verification passed    
2026-02-20 11:12:23 DCF: Finality advanced from 305 to 306 in epoch 3    
2026-02-20 11:12:23 DCF: Progressive finalization advanced to block 306    
2026-02-20 11:12:23 🏆 Imported #307 (0xcc45…4ed0 → 0x7e54…d8ba)    
2026-02-20 11:12:26 DCF Finality Sync: Client at block #303, DCF finalized up to #306, syncing...    
2026-02-20 11:12:26 DCF Finality Sync: Sync complete. Client finalized head now at block #306    
2026-02-20 11:12:26 DCF: Finality advanced from 306 to 307 in epoch 3    
2026-02-20 11:12:26 DCF: Progressive finalization advanced to block 307    
2026-02-20 11:12:26 ProposerFactory: Successfully created block #308 with 1 extrinsics    
2026-02-20 11:12:26 DCF: Finality advanced from 306 to 307 in epoch 3    
2026-02-20 11:12:26 DCF: Progressive finalization advanced to block 307    
2026-02-20 11:12:26 🏆 Imported #308 (0x7e54…d8ba → 0x64da…00ff)    
2026-02-20 11:12:26 DCF Verifier: Block #309 verification passed    
2026-02-20 11:12:26 DCF: Finality advanced from 307 to 308 in epoch 3    
2026-02-20 11:12:26 DCF: Progressive finalization advanced to block 308    
2026-02-20 11:12:26 🏆 Imported #309 (0x64da…00ff → 0x6914…50f1)    
2026-02-20 11:12:27 💤 Idle (2 peers), best: #309 (0x6914…50f1), finalized #306 (0xcc45…4ed0), ⬇ 0.3kiB/s ⬆ 0.4kiB/s    
2026-02-20 11:12:29 DCF Verifier: Block #310 verification passed    
2026-02-20 11:12:29 DCF: Finality advanced from 308 to 309 in epoch 3    
2026-02-20 11:12:29 DCF: Progressive finalization advanced to block 309    
2026-02-20 11:12:29 🏆 Imported #310 (0x6914…50f1 → 0xca40…856d)    
2026-02-20 11:12:29 DCF: Computed PoI score for validator=88dc3417d5058ec4b4503e0c12ea1a0a89be200fe98922423d4334014fa6b0ee (5FA9nQDV...), score=0, block=310    
2026-02-20 11:12:29 DCF: Computed PoI score for validator=d17c2d7823ebf260fd138f2d7e27d114c0145d968b5ff5006125f2414fadae69 (5GoNkf6W...), score=0, block=310    
2026-02-20 11:12:29 DCF: Computed PoI score for validator=439660b36c6c03afafca027b910b4fecf99801834c62a5e6006f27d978de234f (5DbKjhNL...), score=0, block=310    
2026-02-20 11:12:29 DCF off-chain worker completed computation    
2026-02-20 11:12:32 DCF Finality Sync: Client at block #306, DCF finalized up to #309, syncing...    
2026-02-20 11:12:32 DCF Finality Sync: Sync complete. Client finalized head now at block #309    
2026-02-20 11:12:32 Producing block #311 with author d17c2d7823ebf260fd138f2d7e27d114c0145d968b5ff5006125f2414fadae69 (5GoNkf6W...)    
2026-02-20 11:12:32 DCF: Finality advanced from 309 to 310 in epoch 3    
2026-02-20 11:12:32 DCF: Progressive finalization advanced to block 310    
2026-02-20 11:12:32 ProposerFactory: Successfully created block #311 with 1 extrinsics    
2026-02-20 11:12:32 DCF: Finality advanced from 309 to 310 in epoch 3    
2026-02-20 11:12:32 DCF: Progressive finalization advanced to block 310    
2026-02-20 11:12:32 🏆 Imported #311 (0xca40…856d → 0x0279…64fe)    
2026-02-20 11:12:32 💤 Idle (2 peers), best: #311 (0x0279…64fe), finalized #309 (0x6914…50f1), ⬇ 0.2kiB/s ⬆ 0.4kiB/s    
2026-02-20 11:12:33 DCF Verifier: Block #312 verification passed    
2026-02-20 11:12:33 DCF: Finality advanced from 310 to 311 in epoch 3    
2026-02-20 11:12:33 DCF: Progressive finalization advanced to block 311    
2026-02-20 11:12:33 🏆 Imported #312 (0x0279…64fe → 0x8ab5…5689)    
2026-02-20 11:12:35 DCF Verifier: Block #313 verification passed    
2026-02-20 11:12:35 DCF: Finality advanced from 311 to 312 in epoch 3    
2026-02-20 11:12:35 DCF: Progressive finalization advanced to block 312    
2026-02-20 11:12:35 🏆 Imported #313 (0x8ab5…5689 → 0x474a…fea9)    
2026-02-20 11:12:37 💤 Idle (2 peers), best: #313 (0x474a…fea9), finalized #309 (0x6914…50f1), ⬇ 0.5kiB/s ⬆ 0.2kiB/s    
2026-02-20 11:12:38 DCF Finality Sync: Client at block #309, DCF finalized up to #312, syncing...    
2026-02-20 11:12:38 DCF Finality Sync: Sync complete. Client finalized head now at block #312    
2026-02-20 11:12:38 DCF: Finality advanced from 312 to 313 in epoch 3    
2026-02-20 11:12:38 DCF: Progressive finalization advanced to block 313    
2026-02-20 11:12:38 ProposerFactory: Successfully created block #314 with 1 extrinsics    
2026-02-20 11:12:38 DCF: Finality advanced from 312 to 313 in epoch 3    
2026-02-20 11:12:38 DCF: Progressive finalization advanced to block 313    
2026-02-20 11:12:38 🏆 Imported #314 (0x474a…fea9 → 0x0343…f4ad)    
2026-02-20 11:12:39 DCF Verifier: Block #315 verification passed    
2026-02-20 11:12:39 DCF: Finality advanced from 313 to 314 in epoch 3    
2026-02-20 11:12:39 DCF: Progressive finalization advanced to block 314    
2026-02-20 11:12:39 🏆 Imported #315 (0x0343…f4ad → 0x5fd5…51ff)    
2026-02-20 11:12:39 DCF: Computed PoI score for validator=88dc3417d5058ec4b4503e0c12ea1a0a89be200fe98922423d4334014fa6b0ee (5FA9nQDV...), score=0, block=315    
2026-02-20 11:12:39 DCF: Computed PoI score for validator=d17c2d7823ebf260fd138f2d7e27d114c0145d968b5ff5006125f2414fadae69 (5GoNkf6W...), score=0, block=315    
2026-02-20 11:12:39 DCF: Computed PoI score for validator=439660b36c6c03afafca027b910b4fecf99801834c62a5e6006f27d978de234f (5DbKjhNL...), score=0, block=315    
2026-02-20 11:12:39 DCF off-chain worker completed computation    
2026-02-20 11:12:41 DCF Verifier: Block #316 verification passed    
2026-02-20 11:12:41 DCF: Finality advanced from 314 to 315 in epoch 3    
2026-02-20 11:12:41 DCF: Progressive finalization advanced to block 315    
2026-02-20 11:12:41 🏆 Imported #316 (0x5fd5…51ff → 0x0aa1…ff54)    
2026-02-20 11:12:42 💤 Idle (2 peers), best: #316 (0x0aa1…ff54), finalized #312 (0x8ab5…5689), ⬇ 0.3kiB/s ⬆ 0.2kiB/s    
2026-02-20 11:12:44 DCF Finality Sync: Client at block #312, DCF finalized up to #315, syncing...    
2026-02-20 11:12:44 DCF Finality Sync: Sync complete. Client finalized head now at block #315    
2026-02-20 11:12:44 DCF: Finality advanced from 315 to 316 in epoch 3    
2026-02-20 11:12:44 DCF: Progressive finalization advanced to block 316    
2026-02-20 11:12:44 ProposerFactory: Successfully created block #317 with 1 extrinsics    
2026-02-20 11:12:44 DCF: Finality advanced from 315 to 316 in epoch 3    
2026-02-20 11:12:44 DCF: Progressive finalization advanced to block 316    
2026-02-20 11:12:44 🏆 Imported #317 (0x0aa1…ff54 → 0x6b47…1e3c)    
2026-02-20 11:12:45 DCF Verifier: Block #318 verification passed    
2026-02-20 11:12:45 DCF: Finality advanced from 316 to 317 in epoch 3    
2026-02-20 11:12:45 DCF: Progressive finalization advanced to block 317    
2026-02-20 11:12:45 🏆 Imported #318 (0x6b47…1e3c → 0x4505…dfc7)    
2026-02-20 11:12:47 DCF Verifier: Block #319 verification passed    
2026-02-20 11:12:47 DCF: Finality advanced from 317 to 318 in epoch 3    
2026-02-20 11:12:47 DCF: Progressive finalization advanced to block 318    
2026-02-20 11:12:47 🏆 Imported #319 (0x4505…dfc7 → 0xfcb7…36de)    
2026-02-20 11:12:47 💤 Idle (2 peers), best: #319 (0xfcb7…36de), finalized #315 (0x5fd5…51ff), ⬇ 0.3kiB/s ⬆ 0.3kiB/s    
2026-02-20 11:12:50 DCF Finality Sync: Client at block #315, DCF finalized up to #318, syncing...    
2026-02-20 11:12:50 DCF Finality Sync: Sync complete. Client finalized head now at block #318    
2026-02-20 11:12:50 DCF: Finality advanced from 318 to 319 in epoch 3    
2026-02-20 11:12:50 DCF: Progressive finalization advanced to block 319    
2026-02-20 11:12:50 ProposerFactory: Successfully created block #320 with 1 extrinsics    
2026-02-20 11:12:50 DCF: Finality advanced from 318 to 319 in epoch 3    
2026-02-20 11:12:50 DCF: Progressive finalization advanced to block 319    
2026-02-20 11:12:50 🏆 Imported #320 (0xfcb7…36de → 0xb75d…edb9)    
2026-02-20 11:12:50 DCF: Computed PoI score for validator=88dc3417d5058ec4b4503e0c12ea1a0a89be200fe98922423d4334014fa6b0ee (5FA9nQDV...), score=0, block=320    
2026-02-20 11:12:50 DCF: Computed PoI score for validator=d17c2d7823ebf260fd138f2d7e27d114c0145d968b5ff5006125f2414fadae69 (5GoNkf6W...), score=0, block=320    
2026-02-20 11:12:50 DCF: Computed PoI score for validator=439660b36c6c03afafca027b910b4fecf99801834c62a5e6006f27d978de234f (5DbKjhNL...), score=0, block=320    
2026-02-20 11:12:50 DCF off-chain worker completed computation    
2026-02-20 11:12:50 PoS+PoI: Consensus Health - Block: 320, Slot: 113, Validators: 3, Healthy: 3, Avg Score: 94    
2026-02-20 11:12:51 DCF Verifier: Block #321 verification passed    
2026-02-20 11:12:51 DCF: Finality advanced from 319 to 320 in epoch 3    
2026-02-20 11:12:51 DCF: Progressive finalization advanced to block 320    
2026-02-20 11:12:51 🏆 Imported #321 (0xb75d…edb9 → 0x687c…1f93)    
2026-02-20 11:12:52 💤 Idle (2 peers), best: #321 (0x687c…1f93), finalized #318 (0x4505…dfc7), ⬇ 0.2kiB/s ⬆ 0.2kiB/s    
2026-02-20 11:12:53 DCF Verifier: Block #322 verification passed    
2026-02-20 11:12:53 DCF: Finality advanced from 320 to 321 in epoch 3    
2026-02-20 11:12:53 DCF: Progressive finalization advanced to block 321    
2026-02-20 11:12:53 🏆 Imported #322 (0x687c…1f93 → 0x6547…8462)    
2026-02-20 11:12:56 DCF Finality Sync: Client at block #318, DCF finalized up to #321, syncing...    
2026-02-20 11:12:56 DCF Finality Sync: Sync complete. Client finalized head now at block #321    
2026-02-20 11:12:56 DCF: Finality advanced from 321 to 322 in epoch 3    
2026-02-20 11:12:56 DCF: Progressive finalization advanced to block 322    
2026-02-20 11:12:56 ProposerFactory: Successfully created block #323 with 1 extrinsics    
2026-02-20 11:12:56 DCF: Finality advanced from 321 to 322 in epoch 3    
2026-02-20 11:12:56 DCF: Progressive finalization advanced to block 322    
2026-02-20 11:12:56 🏆 Imported #323 (0x6547…8462 → 0xe5a6…25fa)    
2026-02-20 11:12:57 DCF Verifier: Block #324 verification passed    
2026-02-20 11:12:57 DCF: Finality advanced from 322 to 323 in epoch 3    
2026-02-20 11:12:57 DCF: Progressive finalization advanced to block 323    
2026-02-20 11:12:57 🏆 Imported #324 (0xe5a6…25fa → 0x3806…659d)    
2026-02-20 11:12:57 💤 Idle (2 peers), best: #324 (0x3806…659d), finalized #321 (0x687c…1f93), ⬇ 0.3kiB/s ⬆ 0.3kiB/s    
2026-02-20 11:12:59 DCF Verifier: Block #325 verification passed    
2026-02-20 11:12:59 DCF: Finality advanced from 323 to 324 in epoch 3    
2026-02-20 11:12:59 DCF: Progressive finalization advanced to block 324    
2026-02-20 11:12:59 🏆 Imported #325 (0x3806…659d → 0xc51d…9d7f)    
2026-02-20 11:12:59 DCF: Computed PoI score for validator=88dc3417d5058ec4b4503e0c12ea1a0a89be200fe98922423d4334014fa6b0ee (5FA9nQDV...), score=0, block=325    
2026-02-20 11:12:59 DCF: Computed PoI score for validator=d17c2d7823ebf260fd138f2d7e27d114c0145d968b5ff5006125f2414fadae69 (5GoNkf6W...), score=0, block=325    
2026-02-20 11:12:59 DCF: Computed PoI score for validator=439660b36c6c03afafca027b910b4fecf99801834c62a5e6006f27d978de234f (5DbKjhNL...), score=0, block=325    
2026-02-20 11:12:59 DCF off-chain worker completed computation    
2026-02-20 11:13:02 DCF Finality Sync: Client at block #321, DCF finalized up to #324, syncing...    
2026-02-20 11:13:02 DCF Finality Sync: Sync complete. Client finalized head now at block #324    
2026-02-20 11:13:02 DCF: Finality advanced from 324 to 325 in epoch 3    
2026-02-20 11:13:02 DCF: Progressive finalization advanced to block 325    
2026-02-20 11:13:02 ProposerFactory: Successfully created block #326 with 1 extrinsics    
2026-02-20 11:13:02 DCF: Finality advanced from 324 to 325 in epoch 3    
2026-02-20 11:13:02 DCF: Progressive finalization advanced to block 325    
2026-02-20 11:13:02 🏆 Imported #326 (0xc51d…9d7f → 0x0982…aa6d)    
2026-02-20 11:13:02 💤 Idle (2 peers), best: #326 (0x0982…aa6d), finalized #324 (0x3806…659d), ⬇ 0.2kiB/s ⬆ 0.2kiB/s    
2026-02-20 11:13:03 DCF Verifier: Block #327 verification passed    
2026-02-20 11:13:03 DCF: Finality advanced from 325 to 326 in epoch 3    
2026-02-20 11:13:03 DCF: Progressive finalization advanced to block 326    
2026-02-20 11:13:03 🏆 Imported #327 (0x0982…aa6d → 0xb0b8…7130)    
2026-02-20 11:13:05 DCF Verifier: Block #328 verification passed    
2026-02-20 11:13:05 DCF: Finality advanced from 326 to 327 in epoch 3    
2026-02-20 11:13:05 DCF: Progressive finalization advanced to block 327    
2026-02-20 11:13:05 🏆 Imported #328 (0xb0b8…7130 → 0x0d06…2350)    
2026-02-20 11:13:07 💤 Idle (2 peers), best: #328 (0x0d06…2350), finalized #324 (0x3806…659d), ⬇ 0.2kiB/s ⬆ 0.1kiB/s    
2026-02-20 11:13:08 DCF Finality Sync: Client at block #324, DCF finalized up to #327, syncing...    
2026-02-20 11:13:08 DCF Finality Sync: Sync complete. Client finalized head now at block #327    
2026-02-20 11:13:08 DCF: Finality advanced from 327 to 328 in epoch 3    
2026-02-20 11:13:08 DCF: Progressive finalization advanced to block 328    
2026-02-20 11:13:08 ProposerFactory: Successfully created block #329 with 1 extrinsics    
2026-02-20 11:13:08 DCF: Finality advanced from 327 to 328 in epoch 3    
2026-02-20 11:13:08 DCF: Progressive finalization advanced to block 328    
2026-02-20 11:13:08 🏆 Imported #329 (0x0d06…2350 → 0xd336…e0e0)    
2026-02-20 11:13:09 DCF Verifier: Block #330 verification passed    
2026-02-20 11:13:09 DCF: Finality advanced from 328 to 329 in epoch 3    
2026-02-20 11:13:09 DCF: Progressive finalization advanced to block 329    
2026-02-20 11:13:09 🏆 Imported #330 (0xd336…e0e0 → 0xe5f3…e4ee)    
2026-02-20 11:13:09 DCF: Computed PoI score for validator=88dc3417d5058ec4b4503e0c12ea1a0a89be200fe98922423d4334014fa6b0ee (5FA9nQDV...), score=0, block=330    
2026-02-20 11:13:09 DCF: Computed PoI score for validator=d17c2d7823ebf260fd138f2d7e27d114c0145d968b5ff5006125f2414fadae69 (5GoNkf6W...), score=0, block=330    
2026-02-20 11:13:09 DCF: Computed PoI score for validator=439660b36c6c03afafca027b910b4fecf99801834c62a5e6006f27d978de234f (5DbKjhNL...), score=0, block=330    
2026-02-20 11:13:09 DCF off-chain worker completed computation    
2026-02-20 11:13:11 DCF Verifier: Block #331 verification passed    
2026-02-20 11:13:11 DCF: Finality advanced from 329 to 330 in epoch 3    
2026-02-20 11:13:11 DCF: Progressive finalization advanced to block 330    
2026-02-20 11:13:11 🏆 Imported #331 (0xe5f3…e4ee → 0x4153…3d5d)    
2026-02-20 11:13:12 💤 Idle (2 peers), best: #331 (0x4153…3d5d), finalized #327 (0xb0b8…7130), ⬇ 0.3kiB/s ⬆ 0.2kiB/s    
2026-02-20 11:13:14 DCF Finality Sync: Client at block #327, DCF finalized up to #330, syncing...    
2026-02-20 11:13:14 DCF Finality Sync: Sync complete. Client finalized head now at block #330    
2026-02-20 11:13:14 DCF: Finality advanced from 330 to 331 in epoch 3    
2026-02-20 11:13:14 DCF: Progressive finalization advanced to block 331    
2026-02-20 11:13:14 ProposerFactory: Successfully created block #332 with 1 extrinsics    
2026-02-20 11:13:14 DCF: Finality advanced from 330 to 331 in epoch 3    
2026-02-20 11:13:14 DCF: Progressive finalization advanced to block 331    
2026-02-20 11:13:14 🏆 Imported #332 (0x4153…3d5d → 0xc75a…9bf9)    
2026-02-20 11:13:15 DCF Verifier: Block #333 verification passed    
2026-02-20 11:13:15 DCF: Finality advanced from 331 to 332 in epoch 3    
2026-02-20 11:13:15 DCF: Progressive finalization advanced to block 332    
2026-02-20 11:13:15 🏆 Imported #333 (0xc75a…9bf9 → 0x512a…6b5c)    
2026-02-20 11:13:17 DCF Verifier: Block #334 verification passed    
2026-02-20 11:13:17 DCF: Finality advanced from 332 to 333 in epoch 3    
2026-02-20 11:13:17 DCF: Progressive finalization advanced to block 333    
2026-02-20 11:13:17 🏆 Imported #334 (0x512a…6b5c → 0x99e8…335f)    
2026-02-20 11:13:17 💤 Idle (2 peers), best: #334 (0x99e8…335f), finalized #330 (0xe5f3…e4ee), ⬇ 0.3kiB/s ⬆ 0.4kiB/s    
2026-02-20 11:13:20 DCF Finality Sync: Client at block #330, DCF finalized up to #333, syncing...    
2026-02-20 11:13:20 DCF Finality Sync: Sync complete. Client finalized head now at block #333    
2026-02-20 11:13:20 DCF: Finality advanced from 333 to 334 in epoch 3    
2026-02-20 11:13:20 DCF: Progressive finalization advanced to block 334    
2026-02-20 11:13:20 ProposerFactory: Successfully created block #335 with 1 extrinsics    
2026-02-20 11:13:20 DCF: Finality advanced from 333 to 334 in epoch 3    
2026-02-20 11:13:20 DCF: Progressive finalization advanced to block 334    
2026-02-20 11:13:20 🏆 Imported #335 (0x99e8…335f → 0xc8e6…408e)    
2026-02-20 11:13:20 DCF: Computed PoI score for validator=88dc3417d5058ec4b4503e0c12ea1a0a89be200fe98922423d4334014fa6b0ee (5FA9nQDV...), score=0, block=335    
2026-02-20 11:13:20 DCF: Computed PoI score for validator=d17c2d7823ebf260fd138f2d7e27d114c0145d968b5ff5006125f2414fadae69 (5GoNkf6W...), score=0, block=335    
2026-02-20 11:13:20 DCF: Computed PoI score for validator=439660b36c6c03afafca027b910b4fecf99801834c62a5e6006f27d978de234f (5DbKjhNL...), score=0, block=335    
2026-02-20 11:13:20 DCF off-chain worker completed computation    
2026-02-20 11:13:21 DCF Verifier: Block #336 verification passed    
2026-02-20 11:13:21 DCF: Finality advanced from 334 to 335 in epoch 3    
2026-02-20 11:13:21 DCF: Progressive finalization advanced to block 335    
2026-02-20 11:13:21 🏆 Imported #336 (0xc8e6…408e → 0x545d…465e)    
2026-02-20 11:13:22 💤 Idle (2 peers), best: #336 (0x545d…465e), finalized #333 (0x512a…6b5c), ⬇ 0.2kiB/s ⬆ 0.2kiB/s    
2026-02-20 11:13:23 DCF Verifier: Block #337 verification passed    
2026-02-20 11:13:23 DCF: Finality advanced from 335 to 336 in epoch 3    
2026-02-20 11:13:23 DCF: Progressive finalization advanced to block 336    
2026-02-20 11:13:23 🏆 Imported #337 (0x545d…465e → 0x30b8…30af)    
2026-02-20 11:13:26 DCF Finality Sync: Client at block #333, DCF finalized up to #336, syncing...    
2026-02-20 11:13:26 DCF Finality Sync: Sync complete. Client finalized head now at block #336    
2026-02-20 11:13:26 DCF: Finality advanced from 336 to 337 in epoch 3    
2026-02-20 11:13:26 DCF: Progressive finalization advanced to block 337    
2026-02-20 11:13:26 ProposerFactory: Successfully created block #338 with 1 extrinsics    
2026-02-20 11:13:26 DCF: Finality advanced from 336 to 337 in epoch 3    
2026-02-20 11:13:26 DCF: Progressive finalization advanced to block 337    
2026-02-20 11:13:26 🏆 Imported #338 (0x30b8…30af → 0x682a…091a)    
2026-02-20 11:13:27 DCF Verifier: Block #339 verification passed    
2026-02-20 11:13:27 DCF: Finality advanced from 337 to 338 in epoch 3    
2026-02-20 11:13:27 DCF: Progressive finalization advanced to block 338    
2026-02-20 11:13:27 🏆 Imported #339 (0x682a…091a → 0x1de0…aa29)    
2026-02-20 11:13:27 💤 Idle (2 peers), best: #339 (0x1de0…aa29), finalized #336 (0x545d…465e), ⬇ 0.3kiB/s ⬆ 0.4kiB/s    
2026-02-20 11:13:29 DCF Verifier: Block #340 verification passed    
2026-02-20 11:13:29 DCF: Finality advanced from 338 to 339 in epoch 3    
2026-02-20 11:13:29 DCF: Progressive finalization advanced to block 339    
2026-02-20 11:13:29 🏆 Imported #340 (0x1de0…aa29 → 0x8f8f…ed72)    
2026-02-20 11:13:29 DCF: Computed PoI score for validator=88dc3417d5058ec4b4503e0c12ea1a0a89be200fe98922423d4334014fa6b0ee (5FA9nQDV...), score=0, block=340    
2026-02-20 11:13:29 DCF: Computed PoI score for validator=d17c2d7823ebf260fd138f2d7e27d114c0145d968b5ff5006125f2414fadae69 (5GoNkf6W...), score=0, block=340    
2026-02-20 11:13:29 DCF: Computed PoI score for validator=439660b36c6c03afafca027b910b4fecf99801834c62a5e6006f27d978de234f (5DbKjhNL...), score=0, block=340    
2026-02-20 11:13:29 DCF off-chain worker completed computation    
2026-02-20 11:13:31 Block Tracker: Statistics Report    
2026-02-20 11:13:31   Service uptime: 720.935650675s    
2026-02-20 11:13:31   Total blocks tracked: 340    
2026-02-20 11:13:31   Active validators monitored: 3    
2026-02-20 11:13:31   Overall participation rate: 100.00%    
2026-02-20 11:13:31   Total blocks authored: 337    
2026-02-20 11:13:31   Total blocks missed: 0    
2026-02-20 11:13:31   Top performers:    
2026-02-20 11:13:31     d17c2d7823ebf260fd138f2d7e27d114c0145d968b5ff5006125f2414fadae69 (5GoNkf6W...): 100.00% (115/115 blocks)    
2026-02-20 11:13:31     88dc3417d5058ec4b4503e0c12ea1a0a89be200fe98922423d4334014fa6b0ee (5FA9nQDV...): 100.00% (108/108 blocks)    
2026-02-20 11:13:31     439660b36c6c03afafca027b910b4fecf99801834c62a5e6006f27d978de234f (5DbKjhNL...): 100.00% (114/114 blocks)    
2026-02-20 11:13:32 DCF Finality Sync: Client at block #336, DCF finalized up to #339, syncing...    
2026-02-20 11:13:32 DCF Finality Sync: Sync complete. Client finalized head now at block #339    
2026-02-20 11:13:32 💤 Idle (2 peers), best: #340 (0x8f8f…ed72), finalized #339 (0x1de0…aa29), ⬇ 0.2kiB/s ⬆ 0.2kiB/s    
2026-02-20 11:13:32 Producing block #341 with author 88dc3417d5058ec4b4503e0c12ea1a0a89be200fe98922423d4334014fa6b0ee (5FA9nQDV...)    
2026-02-20 11:13:32 DCF: Finality advanced from 339 to 340 in epoch 3    
2026-02-20 11:13:32 DCF: Progressive finalization advanced to block 340    
2026-02-20 11:13:32 ProposerFactory: Successfully created block #341 with 1 extrinsics    
2026-02-20 11:13:32 DCF: Finality advanced from 339 to 340 in epoch 3    
2026-02-20 11:13:32 DCF: Progressive finalization advanced to block 340    
2026-02-20 11:13:32 🏆 Imported #341 (0x8f8f…ed72 → 0x0806…120d)    
2026-02-20 11:13:33 DCF Verifier: Block #342 verification passed    
2026-02-20 11:13:33 DCF: Finality advanced from 340 to 341 in epoch 3    
2026-02-20 11:13:33 DCF: Progressive finalization advanced to block 341    
2026-02-20 11:13:33 🏆 Imported #342 (0x0806…120d → 0x6aa3…1443)    
2026-02-20 11:13:35 DCF Verifier: Block #343 verification passed    
2026-02-20 11:13:35 DCF: Finality advanced from 341 to 342 in epoch 3    
2026-02-20 11:13:35 DCF: Progressive finalization advanced to block 342    
2026-02-20 11:13:35 🏆 Imported #343 (0x6aa3…1443 → 0xe3e6…7b3c)    
2026-02-20 11:13:37 💤 Idle (2 peers), best: #343 (0xe3e6…7b3c), finalized #339 (0x1de0…aa29), ⬇ 0.6kiB/s ⬆ 0.3kiB/s    
2026-02-20 11:13:38 DCF Finality Sync: Client at block #339, DCF finalized up to #342, syncing...    
2026-02-20 11:13:38 DCF Finality Sync: Sync complete. Client finalized head now at block #342    
2026-02-20 11:13:39 DCF: Finality advanced from 342 to 343 in epoch 3    
2026-02-20 11:13:39 DCF: Progressive finalization advanced to block 343    
2026-02-20 11:13:39 ProposerFactory: Successfully created block #344 with 1 extrinsics    
2026-02-20 11:13:39 DCF: Finality advanced from 342 to 343 in epoch 3    
2026-02-20 11:13:39 DCF: Progressive finalization advanced to block 343    
2026-02-20 11:13:39 🏆 Imported #344 (0xe3e6…7b3c → 0x3e6d…fdc5)    
2026-02-20 11:13:40 DCF Verifier: Block #345 verification passed    
2026-02-20 11:13:40 DCF: Finality advanced from 343 to 344 in epoch 3    
2026-02-20 11:13:40 DCF: Progressive finalization advanced to block 344    
2026-02-20 11:13:40 🏆 Imported #345 (0x3e6d…fdc5 → 0x068e…2a1a)    
2026-02-20 11:13:40 DCF: Computed PoI score for validator=88dc3417d5058ec4b4503e0c12ea1a0a89be200fe98922423d4334014fa6b0ee (5FA9nQDV...), score=0, block=345    
2026-02-20 11:13:40 DCF: Computed PoI score for validator=d17c2d7823ebf260fd138f2d7e27d114c0145d968b5ff5006125f2414fadae69 (5GoNkf6W...), score=0, block=345    
2026-02-20 11:13:40 DCF: Computed PoI score for validator=439660b36c6c03afafca027b910b4fecf99801834c62a5e6006f27d978de234f (5DbKjhNL...), score=0, block=345    
2026-02-20 11:13:40 DCF off-chain worker completed computation    
2026-02-20 11:13:42 DCF Verifier: Block #346 verification passed    
2026-02-20 11:13:42 DCF: Finality advanced from 344 to 345 in epoch 3    
2026-02-20 11:13:42 DCF: Progressive finalization advanced to block 345    
2026-02-20 11:13:42 🏆 Imported #346 (0x068e…2a1a → 0xbe46…1a24)    
2026-02-20 11:13:42 💤 Idle (2 peers), best: #346 (0xbe46…1a24), finalized #342 (0x6aa3…1443), ⬇ 0.2kiB/s ⬆ 0.3kiB/s    
2026-02-20 11:13:44 DCF Finality Sync: Client at block #342, DCF finalized up to #345, syncing...    
2026-02-20 11:13:44 DCF Finality Sync: Sync complete. Client finalized head now at block #345    
2026-02-20 11:13:45 DCF: Finality advanced from 345 to 346 in epoch 3    
2026-02-20 11:13:45 DCF: Progressive finalization advanced to block 346    
2026-02-20 11:13:45 ProposerFactory: Successfully created block #347 with 1 extrinsics    
2026-02-20 11:13:45 DCF: Finality advanced from 345 to 346 in epoch 3    
2026-02-20 11:13:45 DCF: Progressive finalization advanced to block 346    
2026-02-20 11:13:45 🏆 Imported #347 (0xbe46…1a24 → 0xee7a…6f05)    
2026-02-20 11:13:46 DCF Verifier: Block #348 verification passed    
2026-02-20 11:13:46 DCF: Finality advanced from 346 to 347 in epoch 3    
2026-02-20 11:13:46 DCF: Progressive finalization advanced to block 347    
2026-02-20 11:13:46 🏆 Imported #348 (0xee7a…6f05 → 0x51b5…9d49)    
2026-02-20 11:13:47 💤 Idle (2 peers), best: #348 (0x51b5…9d49), finalized #345 (0x068e…2a1a), ⬇ 0.2kiB/s ⬆ 0.2kiB/s    
2026-02-20 11:13:48 DCF Verifier: Block #349 verification passed    
2026-02-20 11:13:48 DCF: Finality advanced from 347 to 348 in epoch 3    
2026-02-20 11:13:48 DCF: Progressive finalization advanced to block 348    
2026-02-20 11:13:48 🏆 Imported #349 (0x51b5…9d49 → 0x1b26…36eb)    
2026-02-20 11:13:50 DCF Finality Sync: Client at block #345, DCF finalized up to #348, syncing...    
2026-02-20 11:13:50 DCF Finality Sync: Sync complete. Client finalized head now at block #348    
2026-02-20 11:13:51 DCF: Finality advanced from 348 to 349 in epoch 3    
2026-02-20 11:13:51 DCF: Progressive finalization advanced to block 349    
2026-02-20 11:13:51 ProposerFactory: Successfully created block #350 with 1 extrinsics    
2026-02-20 11:13:51 DCF: Finality advanced from 348 to 349 in epoch 3    
2026-02-20 11:13:51 DCF: Progressive finalization advanced to block 349    
2026-02-20 11:13:51 🏆 Imported #350 (0x1b26…36eb → 0x98e5…305d)    
2026-02-20 11:13:51 DCF: Computed PoI score for validator=88dc3417d5058ec4b4503e0c12ea1a0a89be200fe98922423d4334014fa6b0ee (5FA9nQDV...), score=0, block=350    
2026-02-20 11:13:51 DCF: Computed PoI score for validator=d17c2d7823ebf260fd138f2d7e27d114c0145d968b5ff5006125f2414fadae69 (5GoNkf6W...), score=0, block=350    
2026-02-20 11:13:51 DCF: Computed PoI score for validator=439660b36c6c03afafca027b910b4fecf99801834c62a5e6006f27d978de234f (5DbKjhNL...), score=0, block=350    
2026-02-20 11:13:51 DCF off-chain worker completed computation    
2026-02-20 11:13:51 PoS+PoI: Consensus Health - Block: 350, Slot: 123, Validators: 3, Healthy: 3, Avg Score: 100    
2026-02-20 11:13:52 DCF Verifier: Block #351 verification passed    
2026-02-20 11:13:52 DCF: Finality advanced from 349 to 350 in epoch 3    
2026-02-20 11:13:52 DCF: Progressive finalization advanced to block 350    
2026-02-20 11:13:52 🏆 Imported #351 (0x98e5…305d → 0xf59e…5d94)    
2026-02-20 11:13:53 💤 Idle (2 peers), best: #351 (0xf59e…5d94), finalized #348 (0x51b5…9d49), ⬇ 0.2kiB/s ⬆ 0.3kiB/s    
2026-02-20 11:13:54 DCF Verifier: Block #352 verification passed    
2026-02-20 11:13:54 DCF: Finality advanced from 350 to 351 in epoch 3    
2026-02-20 11:13:54 DCF: Progressive finalization advanced to block 351    
2026-02-20 11:13:54 🏆 Imported #352 (0xf59e…5d94 → 0xa244…25ca)    
2026-02-20 11:13:56 DCF Finality Sync: Client at block #348, DCF finalized up to #351, syncing...    
2026-02-20 11:13:56 DCF Finality Sync: Sync complete. Client finalized head now at block #351    
2026-02-20 11:13:57 DCF: Finality advanced from 351 to 352 in epoch 3    
2026-02-20 11:13:57 DCF: Progressive finalization advanced to block 352    
2026-02-20 11:13:57 ProposerFactory: Successfully created block #353 with 1 extrinsics    
2026-02-20 11:13:57 DCF: Finality advanced from 351 to 352 in epoch 3    
2026-02-20 11:13:57 DCF: Progressive finalization advanced to block 352    
2026-02-20 11:13:57 🏆 Imported #353 (0xa244…25ca → 0xb465…9ae4)    
2026-02-20 11:13:58 DCF Verifier: Block #354 verification passed    
2026-02-20 11:13:58 DCF: Finality advanced from 352 to 353 in epoch 3    
2026-02-20 11:13:58 DCF: Progressive finalization advanced to block 353    
2026-02-20 11:13:58 🏆 Imported #354 (0xb465…9ae4 → 0x2fde…9603)    
2026-02-20 11:13:58 💤 Idle (2 peers), best: #354 (0x2fde…9603), finalized #351 (0xf59e…5d94), ⬇ 0.2kiB/s ⬆ 0.3kiB/s    
2026-02-20 11:14:00 DCF Verifier: Block #355 verification passed    
2026-02-20 11:14:00 DCF: Finality advanced from 353 to 354 in epoch 3    
2026-02-20 11:14:00 DCF: Progressive finalization advanced to block 354    
2026-02-20 11:14:00 🏆 Imported #355 (0x2fde…9603 → 0xd261…9551)    
2026-02-20 11:14:00 DCF: Computed PoI score for validator=88dc3417d5058ec4b4503e0c12ea1a0a89be200fe98922423d4334014fa6b0ee (5FA9nQDV...), score=0, block=355    
2026-02-20 11:14:00 DCF: Computed PoI score for validator=d17c2d7823ebf260fd138f2d7e27d114c0145d968b5ff5006125f2414fadae69 (5GoNkf6W...), score=0, block=355    
2026-02-20 11:14:00 DCF: Computed PoI score for validator=439660b36c6c03afafca027b910b4fecf99801834c62a5e6006f27d978de234f (5DbKjhNL...), score=0, block=355    
2026-02-20 11:14:00 DCF off-chain worker completed computation    
2026-02-20 11:14:02 DCF Finality Sync: Client at block #351, DCF finalized up to #354, syncing...    
2026-02-20 11:14:02 DCF Finality Sync: Sync complete. Client finalized head now at block #354    
2026-02-20 11:14:03 💤 Idle (2 peers), best: #355 (0xd261…9551), finalized #354 (0x2fde…9603), ⬇ 0.1kiB/s ⬆ 82 B/s    
2026-02-20 11:14:03 DCF: Finality advanced from 354 to 355 in epoch 3    
2026-02-20 11:14:03 DCF: Progressive finalization advanced to block 355    
2026-02-20 11:14:03 ProposerFactory: Successfully created block #356 with 1 extrinsics    
2026-02-20 11:14:03 DCF: Finality advanced from 354 to 355 in epoch 3    
2026-02-20 11:14:03 DCF: Progressive finalization advanced to block 355    
2026-02-20 11:14:03 🏆 Imported #356 (0xd261…9551 → 0x8c9b…01fd)    
2026-02-20 11:14:04 DCF Verifier: Block #357 verification passed    
2026-02-20 11:14:04 DCF: Finality advanced from 355 to 356 in epoch 3    
2026-02-20 11:14:04 DCF: Progressive finalization advanced to block 356    
2026-02-20 11:14:04 🏆 Imported #357 (0x8c9b…01fd → 0x16a3…70c1)    
2026-02-20 11:14:06 DCF Verifier: Block #358 verification passed    
2026-02-20 11:14:06 DCF: Finality advanced from 356 to 357 in epoch 3    
2026-02-20 11:14:06 DCF: Progressive finalization advanced to block 357    
2026-02-20 11:14:06 🏆 Imported #358 (0x16a3…70c1 → 0x35b3…9e21)    
2026-02-20 11:14:08 DCF Finality Sync: Client at block #354, DCF finalized up to #357, syncing...    
2026-02-20 11:14:08 DCF Finality Sync: Sync complete. Client finalized head now at block #357    
2026-02-20 11:14:08 💤 Idle (2 peers), best: #358 (0x35b3…9e21), finalized #357 (0x16a3…70c1), ⬇ 0.3kiB/s ⬆ 0.3kiB/s    
2026-02-20 11:14:09 DCF: Finality advanced from 357 to 358 in epoch 3    
2026-02-20 11:14:09 DCF: Progressive finalization advanced to block 358    
2026-02-20 11:14:09 ProposerFactory: Successfully created block #359 with 1 extrinsics    
2026-02-20 11:14:09 DCF: Finality advanced from 357 to 358 in epoch 3    
2026-02-20 11:14:09 DCF: Progressive finalization advanced to block 358    
2026-02-20 11:14:09 🏆 Imported #359 (0x35b3…9e21 → 0x9169…8e5c)    
2026-02-20 11:14:10 DCF Verifier: Block #360 verification passed    
2026-02-20 11:14:10 DCF: Finality advanced from 358 to 359 in epoch 3    
2026-02-20 11:14:10 DCF: Progressive finalization advanced to block 359    
2026-02-20 11:14:10 DCF: Computed PoI score for validator=88dc3417d5058ec4b4503e0c12ea1a0a89be200fe98922423d4334014fa6b0ee (5FA9nQDV...), score=0, block=360    
2026-02-20 11:14:10 DCF: Computed PoI score for validator=d17c2d7823ebf260fd138f2d7e27d114c0145d968b5ff5006125f2414fadae69 (5GoNkf6W...), score=0, block=360    
2026-02-20 11:14:10 DCF: Computed PoI score for validator=439660b36c6c03afafca027b910b4fecf99801834c62a5e6006f27d978de234f (5DbKjhNL...), score=0, block=360    
2026-02-20 11:14:10 DCF off-chain worker completed computation    
2026-02-20 11:14:10 🏆 Imported #360 (0x9169…8e5c → 0x91bb…ee44)    
2026-02-20 11:14:12 DCF Verifier: Block #361 verification passed    
2026-02-20 11:14:12 DCF: Finality advanced from 359 to 360 in epoch 3    
2026-02-20 11:14:12 DCF: Progressive finalization advanced to block 360    
2026-02-20 11:14:12 🏆 Imported #361 (0x91bb…ee44 → 0xd991…6e1f)    
2026-02-20 11:14:13 💤 Idle (2 peers), best: #361 (0xd991…6e1f), finalized #357 (0x16a3…70c1), ⬇ 0.3kiB/s ⬆ 0.3kiB/s    
2026-02-20 11:14:14 DCF Finality Sync: Client at block #357, DCF finalized up to #360, syncing...    
2026-02-20 11:14:14 DCF Finality Sync: Sync complete. Client finalized head now at block #360    
2026-02-20 11:14:15 DCF: Finality advanced from 360 to 361 in epoch 3    
2026-02-20 11:14:15 DCF: Progressive finalization advanced to block 361    
2026-02-20 11:14:15 ProposerFactory: Successfully created block #362 with 1 extrinsics    
2026-02-20 11:14:15 DCF: Finality advanced from 360 to 361 in epoch 3    
2026-02-20 11:14:15 DCF: Progressive finalization advanced to block 361    
2026-02-20 11:14:15 🏆 Imported #362 (0xd991…6e1f → 0x3eef…f341)    
2026-02-20 11:14:16 DCF Verifier: Block #363 verification passed    
2026-02-20 11:14:16 DCF: Finality advanced from 361 to 362 in epoch 3    
2026-02-20 11:14:16 DCF: Progressive finalization advanced to block 362    
2026-02-20 11:14:16 🏆 Imported #363 (0x3eef…f341 → 0xc13e…8cee)    
2026-02-20 11:14:18 DCF Verifier: Block #364 verification passed    
2026-02-20 11:14:18 DCF: Finality advanced from 362 to 363 in epoch 3    
2026-02-20 11:14:18 DCF: Progressive finalization advanced to block 363    
2026-02-20 11:14:18 🏆 Imported #364 (0xc13e…8cee → 0x841d…2b77)    
2026-02-20 11:14:18 💤 Idle (2 peers), best: #364 (0x841d…2b77), finalized #360 (0x91bb…ee44), ⬇ 0.3kiB/s ⬆ 0.3kiB/s    
2026-02-20 11:14:20 DCF Finality Sync: Client at block #360, DCF finalized up to #363, syncing...    
2026-02-20 11:14:20 DCF Finality Sync: Sync complete. Client finalized head now at block #363    
2026-02-20 11:14:22 DCF: Finality advanced from 363 to 364 in epoch 3    
2026-02-20 11:14:22 DCF: Progressive finalization advanced to block 364    
2026-02-20 11:14:22 ProposerFactory: Successfully created block #365 with 1 extrinsics    
2026-02-20 11:14:22 DCF: Finality advanced from 363 to 364 in epoch 3    
2026-02-20 11:14:22 DCF: Progressive finalization advanced to block 364    
2026-02-20 11:14:22 🏆 Imported #365 (0x841d…2b77 → 0x33f1…83cc)    
2026-02-20 11:14:22 DCF: Computed PoI score for validator=88dc3417d5058ec4b4503e0c12ea1a0a89be200fe98922423d4334014fa6b0ee (5FA9nQDV...), score=0, block=365    
2026-02-20 11:14:22 DCF: Computed PoI score for validator=d17c2d7823ebf260fd138f2d7e27d114c0145d968b5ff5006125f2414fadae69 (5GoNkf6W...), score=0, block=365    
2026-02-20 11:14:22 DCF: Computed PoI score for validator=439660b36c6c03afafca027b910b4fecf99801834c62a5e6006f27d978de234f (5DbKjhNL...), score=0, block=365    
2026-02-20 11:14:22 DCF off-chain worker completed computation    
2026-02-20 11:14:22 DCF Verifier: Block #366 verification passed    
2026-02-20 11:14:22 DCF: Finality advanced from 364 to 365 in epoch 3    
2026-02-20 11:14:22 DCF: Progressive finalization advanced to block 365    
2026-02-20 11:14:22 🏆 Imported #366 (0x33f1…83cc → 0xbf7e…eb1c)    
2026-02-20 11:14:23 💤 Idle (2 peers), best: #366 (0xbf7e…eb1c), finalized #363 (0xc13e…8cee), ⬇ 0.2kiB/s ⬆ 0.2kiB/s    
2026-02-20 11:14:24 DCF Verifier: Block #367 verification passed    
2026-02-20 11:14:24 DCF: Finality advanced from 365 to 366 in epoch 3    
2026-02-20 11:14:24 DCF: Progressive finalization advanced to block 366    
2026-02-20 11:14:24 🏆 Imported #367 (0xbf7e…eb1c → 0x1918…de45)    
2026-02-20 11:14:26 DCF Finality Sync: Client at block #363, DCF finalized up to #366, syncing...    
2026-02-20 11:14:26 DCF Finality Sync: Sync complete. Client finalized head now at block #366    
2026-02-20 11:14:28 DCF: Finality advanced from 366 to 367 in epoch 3    
2026-02-20 11:14:28 DCF: Progressive finalization advanced to block 367    
2026-02-20 11:14:28 ProposerFactory: Successfully created block #368 with 1 extrinsics    
2026-02-20 11:14:28 DCF: Finality advanced from 366 to 367 in epoch 3    
2026-02-20 11:14:28 DCF: Progressive finalization advanced to block 367    
2026-02-20 11:14:28 🏆 Imported #368 (0x1918…de45 → 0xc6ca…1afe)    
2026-02-20 11:14:28 DCF Verifier: Block #369 verification passed    
2026-02-20 11:14:28 DCF: Finality advanced from 367 to 368 in epoch 3    
2026-02-20 11:14:28 DCF: Progressive finalization advanced to block 368    
2026-02-20 11:14:28 🏆 Imported #369 (0xc6ca…1afe → 0x8d67…c9f4)    
2026-02-20 11:14:28 💤 Idle (2 peers), best: #369 (0x8d67…c9f4), finalized #366 (0xbf7e…eb1c), ⬇ 0.3kiB/s ⬆ 0.5kiB/s    
2026-02-20 11:14:30 DCF Verifier: Block #370 verification passed    
2026-02-20 11:14:30 DCF: Finality advanced from 368 to 369 in epoch 3    
2026-02-20 11:14:30 DCF: Progressive finalization advanced to block 369    
2026-02-20 11:14:30 🏆 Imported #370 (0x8d67…c9f4 → 0x454b…06ec)    
2026-02-20 11:14:30 DCF: Computed PoI score for validator=88dc3417d5058ec4b4503e0c12ea1a0a89be200fe98922423d4334014fa6b0ee (5FA9nQDV...), score=0, block=370    
2026-02-20 11:14:30 DCF: Computed PoI score for validator=d17c2d7823ebf260fd138f2d7e27d114c0145d968b5ff5006125f2414fadae69 (5GoNkf6W...), score=0, block=370    
2026-02-20 11:14:30 DCF: Computed PoI score for validator=439660b36c6c03afafca027b910b4fecf99801834c62a5e6006f27d978de234f (5DbKjhNL...), score=0, block=370    
2026-02-20 11:14:30 DCF off-chain worker completed computation    
2026-02-20 11:14:32 DCF Finality Sync: Client at block #366, DCF finalized up to #369, syncing...    
2026-02-20 11:14:32 DCF Finality Sync: Sync complete. Client finalized head now at block #369    
2026-02-20 11:14:33 💤 Idle (2 peers), best: #370 (0x454b…06ec), finalized #369 (0x8d67…c9f4), ⬇ 0.2kiB/s ⬆ 0.2kiB/s    
2026-02-20 11:14:34 Producing block #371 with author d17c2d7823ebf260fd138f2d7e27d114c0145d968b5ff5006125f2414fadae69 (5GoNkf6W...)    
2026-02-20 11:14:34 DCF: Finality advanced from 369 to 370 in epoch 3    
2026-02-20 11:14:34 DCF: Progressive finalization advanced to block 370    
2026-02-20 11:14:34 ProposerFactory: Successfully created block #371 with 1 extrinsics    
2026-02-20 11:14:34 DCF: Finality advanced from 369 to 370 in epoch 3    
2026-02-20 11:14:34 DCF: Progressive finalization advanced to block 370    
2026-02-20 11:14:34 🏆 Imported #371 (0x454b…06ec → 0x5b96…2cbe)    
2026-02-20 11:14:34 DCF Verifier: Block #372 verification passed    
2026-02-20 11:14:34 DCF: Finality advanced from 370 to 371 in epoch 3    
2026-02-20 11:14:34 DCF: Progressive finalization advanced to block 371    
2026-02-20 11:14:34 🏆 Imported #372 (0x5b96…2cbe → 0xa2d7…ce38)    
2026-02-20 11:14:36 DCF Verifier: Block #373 verification passed    
2026-02-20 11:14:36 DCF: Finality advanced from 371 to 372 in epoch 3    
2026-02-20 11:14:36 DCF: Progressive finalization advanced to block 372    
2026-02-20 11:14:36 🏆 Imported #373 (0xa2d7…ce38 → 0x7195…42a7)    
2026-02-20 11:14:38 DCF Finality Sync: Client at block #369, DCF finalized up to #372, syncing...    
2026-02-20 11:14:38 DCF Finality Sync: Sync complete. Client finalized head now at block #372    
2026-02-20 11:14:38 💤 Idle (2 peers), best: #373 (0x7195…42a7), finalized #372 (0xa2d7…ce38), ⬇ 0.6kiB/s ⬆ 0.3kiB/s    
2026-02-20 11:14:40 DCF: Finality advanced from 372 to 373 in epoch 3    
2026-02-20 11:14:40 DCF: Progressive finalization advanced to block 373    
2026-02-20 11:14:40 ProposerFactory: Successfully created block #374 with 1 extrinsics    
2026-02-20 11:14:40 DCF: Finality advanced from 372 to 373 in epoch 3    
2026-02-20 11:14:40 DCF: Progressive finalization advanced to block 373    
2026-02-20 11:14:40 🏆 Imported #374 (0x7195…42a7 → 0x329c…48cc)    
2026-02-20 11:14:40 DCF Verifier: Block #375 verification passed    
2026-02-20 11:14:40 DCF: Finality advanced from 373 to 374 in epoch 3    
2026-02-20 11:14:40 DCF: Progressive finalization advanced to block 374    
2026-02-20 11:14:40 🏆 Imported #375 (0x329c…48cc → 0x6ecf…01f6)    
2026-02-20 11:14:40 DCF: Computed PoI score for validator=88dc3417d5058ec4b4503e0c12ea1a0a89be200fe98922423d4334014fa6b0ee (5FA9nQDV...), score=0, block=375    
2026-02-20 11:14:40 DCF: Computed PoI score for validator=d17c2d7823ebf260fd138f2d7e27d114c0145d968b5ff5006125f2414fadae69 (5GoNkf6W...), score=0, block=375    
2026-02-20 11:14:40 DCF: Computed PoI score for validator=439660b36c6c03afafca027b910b4fecf99801834c62a5e6006f27d978de234f (5DbKjhNL...), score=0, block=375    
2026-02-20 11:14:40 DCF off-chain worker completed computation    
2026-02-20 11:14:42 DCF Verifier: Block #376 verification passed    
2026-02-20 11:14:42 DCF: Finality advanced from 374 to 375 in epoch 3    
2026-02-20 11:14:42 DCF: Progressive finalization advanced to block 375    
2026-02-20 11:14:42 🏆 Imported #376 (0x6ecf…01f6 → 0x6d4d…6cde)    
2026-02-20 11:14:43 💤 Idle (2 peers), best: #376 (0x6d4d…6cde), finalized #372 (0xa2d7…ce38), ⬇ 0.3kiB/s ⬆ 0.2kiB/s    
2026-02-20 11:14:44 DCF Finality Sync: Client at block #372, DCF finalized up to #375, syncing...    
2026-02-20 11:14:44 DCF Finality Sync: Sync complete. Client finalized head now at block #375    
2026-02-20 11:14:46 DCF: Finality advanced from 375 to 376 in epoch 3    
2026-02-20 11:14:46 DCF: Progressive finalization advanced to block 376    
2026-02-20 11:14:46 ProposerFactory: Successfully created block #377 with 1 extrinsics    
2026-02-20 11:14:46 DCF: Finality advanced from 375 to 376 in epoch 3    
2026-02-20 11:14:46 DCF: Progressive finalization advanced to block 376    
2026-02-20 11:14:46 🏆 Imported #377 (0x6d4d…6cde → 0x2d59…3cbd)    
2026-02-20 11:14:46 DCF Verifier: Block #378 verification passed    
2026-02-20 11:14:46 DCF: Finality advanced from 376 to 377 in epoch 3    
2026-02-20 11:14:46 DCF: Progressive finalization advanced to block 377    
2026-02-20 11:14:46 🏆 Imported #378 (0x2d59…3cbd → 0x87eb…6969)    
2026-02-20 11:14:48 💤 Idle (2 peers), best: #378 (0x87eb…6969), finalized #375 (0x6ecf…01f6), ⬇ 0.2kiB/s ⬆ 0.2kiB/s    
2026-02-20 11:14:48 DCF Verifier: Block #379 verification passed    
2026-02-20 11:14:48 DCF: Finality advanced from 377 to 378 in epoch 3    
2026-02-20 11:14:48 DCF: Progressive finalization advanced to block 378    
2026-02-20 11:14:48 🏆 Imported #379 (0x87eb…6969 → 0x5d8e…21c8)    
2026-02-20 11:14:50 DCF Finality Sync: Client at block #375, DCF finalized up to #378, syncing...    
2026-02-20 11:14:50 DCF Finality Sync: Sync complete. Client finalized head now at block #378    
2026-02-20 11:14:52 DCF: Finality advanced from 378 to 379 in epoch 3    
2026-02-20 11:14:52 DCF: Progressive finalization advanced to block 379    
2026-02-20 11:14:52 ProposerFactory: Successfully created block #380 with 1 extrinsics    
2026-02-20 11:14:52 DCF: Finality advanced from 378 to 379 in epoch 3    
2026-02-20 11:14:52 DCF: Progressive finalization advanced to block 379    
2026-02-20 11:14:52 🏆 Imported #380 (0x5d8e…21c8 → 0x24b1…f8b3)    
2026-02-20 11:14:52 PoS+PoI: Consensus Health - Block: 380, Slot: 133, Validators: 3, Healthy: 3, Avg Score: 100    
2026-02-20 11:14:52 DCF: Computed PoI score for validator=88dc3417d5058ec4b4503e0c12ea1a0a89be200fe98922423d4334014fa6b0ee (5FA9nQDV...), score=0, block=380    
2026-02-20 11:14:52 DCF: Computed PoI score for validator=d17c2d7823ebf260fd138f2d7e27d114c0145d968b5ff5006125f2414fadae69 (5GoNkf6W...), score=0, block=380    
2026-02-20 11:14:52 DCF: Computed PoI score for validator=439660b36c6c03afafca027b910b4fecf99801834c62a5e6006f27d978de234f (5DbKjhNL...), score=0, block=380    
2026-02-20 11:14:52 DCF off-chain worker completed computation    
2026-02-20 11:14:52 DCF Verifier: Block #381 verification passed    
2026-02-20 11:14:52 DCF: Finality advanced from 379 to 380 in epoch 3    
2026-02-20 11:14:52 DCF: Progressive finalization advanced to block 380    
2026-02-20 11:14:52 🏆 Imported #381 (0x24b1…f8b3 → 0xa0b3…3943)    
2026-02-20 11:14:53 💤 Idle (2 peers), best: #381 (0xa0b3…3943), finalized #378 (0x87eb…6969), ⬇ 0.3kiB/s ⬆ 0.3kiB/s    
2026-02-20 11:14:54 DCF Verifier: Block #382 verification passed    
2026-02-20 11:14:54 DCF: Finality advanced from 380 to 381 in epoch 3    
2026-02-20 11:14:54 DCF: Progressive finalization advanced to block 381    
2026-02-20 11:14:54 🏆 Imported #382 (0xa0b3…3943 → 0x1ade…a6fd)    
2026-02-20 11:14:56 DCF Finality Sync: Client at block #378, DCF finalized up to #381, syncing...    
2026-02-20 11:14:56 DCF Finality Sync: Sync complete. Client finalized head now at block #381    
2026-02-20 11:14:58 💤 Idle (2 peers), best: #382 (0x1ade…a6fd), finalized #381 (0xa0b3…3943), ⬇ 0.2kiB/s ⬆ 56 B/s    
2026-02-20 11:14:58 DCF: Finality advanced from 381 to 382 in epoch 3    
2026-02-20 11:14:58 DCF: Progressive finalization advanced to block 382    
2026-02-20 11:14:58 ProposerFactory: Successfully created block #383 with 1 extrinsics    
2026-02-20 11:14:58 DCF: Finality advanced from 381 to 382 in epoch 3    
2026-02-20 11:14:58 DCF: Progressive finalization advanced to block 382    
2026-02-20 11:14:58 🏆 Imported #383 (0x1ade…a6fd → 0x954f…aefc)    
2026-02-20 11:14:58 DCF Verifier: Block #384 verification passed    
2026-02-20 11:14:58 DCF: Finality advanced from 382 to 383 in epoch 3    
2026-02-20 11:14:58 DCF: Progressive finalization advanced to block 383    
2026-02-20 11:14:58 🏆 Imported #384 (0x954f…aefc → 0x4600…ae6b)    
2026-02-20 11:15:00 DCF Verifier: Block #385 verification passed    
2026-02-20 11:15:00 DCF: Finality advanced from 383 to 384 in epoch 3    
2026-02-20 11:15:00 DCF: Progressive finalization advanced to block 384    
2026-02-20 11:15:00 🏆 Imported #385 (0x4600…ae6b → 0x5ef2…4829)    
2026-02-20 11:15:00 DCF: Computed PoI score for validator=88dc3417d5058ec4b4503e0c12ea1a0a89be200fe98922423d4334014fa6b0ee (5FA9nQDV...), score=0, block=385    
2026-02-20 11:15:00 DCF: Computed PoI score for validator=d17c2d7823ebf260fd138f2d7e27d114c0145d968b5ff5006125f2414fadae69 (5GoNkf6W...), score=0, block=385    
2026-02-20 11:15:00 DCF: Computed PoI score for validator=439660b36c6c03afafca027b910b4fecf99801834c62a5e6006f27d978de234f (5DbKjhNL...), score=0, block=385    
2026-02-20 11:15:00 DCF off-chain worker completed computation    
2026-02-20 11:15:02 DCF Finality Sync: Client at block #381, DCF finalized up to #384, syncing...    
2026-02-20 11:15:02 DCF Finality Sync: Sync complete. Client finalized head now at block #384    
2026-02-20 11:15:03 💤 Idle (2 peers), best: #385 (0x5ef2…4829), finalized #384 (0x4600…ae6b), ⬇ 0.3kiB/s ⬆ 0.3kiB/s    
2026-02-20 11:15:04 DCF: Finality advanced from 384 to 385 in epoch 3    
2026-02-20 11:15:04 DCF: Progressive finalization advanced to block 385    
2026-02-20 11:15:04 ProposerFactory: Successfully created block #386 with 1 extrinsics    
2026-02-20 11:15:04 DCF: Finality advanced from 384 to 385 in epoch 3    
2026-02-20 11:15:04 DCF: Progressive finalization advanced to block 385    
2026-02-20 11:15:04 🏆 Imported #386 (0x5ef2…4829 → 0x3316…39d9)    
2026-02-20 11:15:05 DCF Verifier: Block #387 verification passed    
2026-02-20 11:15:05 DCF: Finality advanced from 385 to 386 in epoch 3    
2026-02-20 11:15:05 DCF: Progressive finalization advanced to block 386    
2026-02-20 11:15:05 🏆 Imported #387 (0x3316…39d9 → 0xdb18…6a7a)    
2026-02-20 11:15:07 DCF Verifier: Block #388 verification passed    
2026-02-20 11:15:07 DCF: Finality advanced from 386 to 387 in epoch 3    
2026-02-20 11:15:07 DCF: Progressive finalization advanced to block 387    
2026-02-20 11:15:07 🏆 Imported #388 (0xdb18…6a7a → 0x1a4d…079b)    
2026-02-20 11:15:08 DCF Finality Sync: Client at block #384, DCF finalized up to #387, syncing...    
2026-02-20 11:15:08 DCF Finality Sync: Sync complete. Client finalized head now at block #387    
2026-02-20 11:15:08 💤 Idle (2 peers), best: #388 (0x1a4d…079b), finalized #387 (0xdb18…6a7a), ⬇ 0.3kiB/s ⬆ 0.2kiB/s    
2026-02-20 11:15:10 DCF: Finality advanced from 387 to 388 in epoch 3    
2026-02-20 11:15:10 DCF: Progressive finalization advanced to block 388    
2026-02-20 11:15:10 ProposerFactory: Successfully created block #389 with 1 extrinsics    
2026-02-20 11:15:10 DCF: Finality advanced from 387 to 388 in epoch 3    
2026-02-20 11:15:10 DCF: Progressive finalization advanced to block 388    
2026-02-20 11:15:10 🏆 Imported #389 (0x1a4d…079b → 0xc1c0…09f2)    
2026-02-20 11:15:11 DCF Verifier: Block #390 verification passed    
2026-02-20 11:15:11 DCF: Finality advanced from 388 to 389 in epoch 3    
2026-02-20 11:15:11 DCF: Progressive finalization advanced to block 389    
2026-02-20 11:15:11 🏆 Imported #390 (0xc1c0…09f2 → 0xec48…fd21)    
2026-02-20 11:15:11 DCF: Computed PoI score for validator=88dc3417d5058ec4b4503e0c12ea1a0a89be200fe98922423d4334014fa6b0ee (5FA9nQDV...), score=0, block=390    
2026-02-20 11:15:11 DCF: Computed PoI score for validator=d17c2d7823ebf260fd138f2d7e27d114c0145d968b5ff5006125f2414fadae69 (5GoNkf6W...), score=0, block=390    
2026-02-20 11:15:11 DCF: Computed PoI score for validator=439660b36c6c03afafca027b910b4fecf99801834c62a5e6006f27d978de234f (5DbKjhNL...), score=0, block=390    
2026-02-20 11:15:11 DCF off-chain worker completed computation    
2026-02-20 11:15:13 DCF Verifier: Block #391 verification passed    
2026-02-20 11:15:13 DCF: Finality advanced from 389 to 390 in epoch 3    
2026-02-20 11:15:13 DCF: Progressive finalization advanced to block 390    
2026-02-20 11:15:13 🏆 Imported #391 (0xec48…fd21 → 0x9ca8…2d9a)    
2026-02-20 11:15:13 💤 Idle (2 peers), best: #391 (0x9ca8…2d9a), finalized #387 (0xdb18…6a7a), ⬇ 0.3kiB/s ⬆ 0.3kiB/s    
2026-02-20 11:15:14 DCF Finality Sync: Client at block #387, DCF finalized up to #390, syncing...    
2026-02-20 11:15:14 DCF Finality Sync: Sync complete. Client finalized head now at block #390    
2026-02-20 11:15:16 DCF: Finality advanced from 390 to 391 in epoch 3    
2026-02-20 11:15:16 DCF: Progressive finalization advanced to block 391    
2026-02-20 11:15:16 ProposerFactory: Successfully created block #392 with 1 extrinsics    
2026-02-20 11:15:16 DCF: Finality advanced from 390 to 391 in epoch 3    
2026-02-20 11:15:16 DCF: Progressive finalization advanced to block 391    
2026-02-20 11:15:16 🏆 Imported #392 (0x9ca8…2d9a → 0x1239…0963)    
2026-02-20 11:15:17 DCF Verifier: Block #393 verification passed    
2026-02-20 11:15:17 DCF: Finality advanced from 391 to 392 in epoch 3    
2026-02-20 11:15:17 DCF: Progressive finalization advanced to block 392    
2026-02-20 11:15:17 🏆 Imported #393 (0x1239…0963 → 0x6618…c367)    
2026-02-20 11:15:18 💤 Idle (2 peers), best: #393 (0x6618…c367), finalized #390 (0xec48…fd21), ⬇ 0.2kiB/s ⬆ 0.2kiB/s    
2026-02-20 11:15:19 DCF Verifier: Block #394 verification passed    
2026-02-20 11:15:19 DCF: Finality advanced from 392 to 393 in epoch 3    
2026-02-20 11:15:19 DCF: Progressive finalization advanced to block 393    
2026-02-20 11:15:19 🏆 Imported #394 (0x6618…c367 → 0x5b5b…5d07)    
2026-02-20 11:15:20 DCF Finality Sync: Client at block #390, DCF finalized up to #393, syncing...    
2026-02-20 11:15:20 DCF Finality Sync: Sync complete. Client finalized head now at block #393    
2026-02-20 11:15:22 DCF: Finality advanced from 393 to 394 in epoch 3    
2026-02-20 11:15:22 DCF: Progressive finalization advanced to block 394    
2026-02-20 11:15:22 ProposerFactory: Successfully created block #395 with 1 extrinsics    
2026-02-20 11:15:22 DCF: Finality advanced from 393 to 394 in epoch 3    
2026-02-20 11:15:22 DCF: Progressive finalization advanced to block 394    
2026-02-20 11:15:22 🏆 Imported #395 (0x5b5b…5d07 → 0x586e…f65f)    
2026-02-20 11:15:22 DCF: Computed PoI score for validator=88dc3417d5058ec4b4503e0c12ea1a0a89be200fe98922423d4334014fa6b0ee (5FA9nQDV...), score=0, block=395    
2026-02-20 11:15:22 DCF: Computed PoI score for validator=d17c2d7823ebf260fd138f2d7e27d114c0145d968b5ff5006125f2414fadae69 (5GoNkf6W...), score=0, block=395    
2026-02-20 11:15:22 DCF: Computed PoI score for validator=439660b36c6c03afafca027b910b4fecf99801834c62a5e6006f27d978de234f (5DbKjhNL...), score=0, block=395    
2026-02-20 11:15:22 DCF off-chain worker completed computation    
2026-02-20 11:15:23 DCF Verifier: Block #396 verification passed    
2026-02-20 11:15:23 DCF: Finality advanced from 394 to 395 in epoch 3    
2026-02-20 11:15:23 DCF: Progressive finalization advanced to block 395    
2026-02-20 11:15:23 🏆 Imported #396 (0x586e…f65f → 0x59f6…ba27)    
2026-02-20 11:15:23 💤 Idle (2 peers), best: #396 (0x59f6…ba27), finalized #393 (0x6618…c367), ⬇ 0.2kiB/s ⬆ 0.3kiB/s    
2026-02-20 11:15:25 DCF Verifier: Block #397 verification passed    
2026-02-20 11:15:25 DCF: Finality advanced from 395 to 396 in epoch 3    
2026-02-20 11:15:25 DCF: Progressive finalization advanced to block 396    
2026-02-20 11:15:25 🏆 Imported #397 (0x59f6…ba27 → 0x0457…c784)    
2026-02-20 11:15:26 DCF Finality Sync: Client at block #393, DCF finalized up to #396, syncing...    
2026-02-20 11:15:26 DCF Finality Sync: Sync complete. Client finalized head now at block #396    
2026-02-20 11:15:28 💤 Idle (2 peers), best: #397 (0x0457…c784), finalized #396 (0x59f6…ba27), ⬇ 0.1kiB/s ⬆ 0.2kiB/s    
2026-02-20 11:15:28 DCF: Finality advanced from 396 to 397 in epoch 3    
2026-02-20 11:15:28 DCF: Progressive finalization advanced to block 397    
2026-02-20 11:15:28 ProposerFactory: Successfully created block #398 with 1 extrinsics    
2026-02-20 11:15:28 DCF: Finality advanced from 396 to 397 in epoch 3    
2026-02-20 11:15:28 DCF: Progressive finalization advanced to block 397    
2026-02-20 11:15:29 🏆 Imported #398 (0x0457…c784 → 0x0a28…dfb9)    
2026-02-20 11:15:29 DCF Verifier: Block #399 verification passed    
2026-02-20 11:15:29 DCF: Finality advanced from 397 to 398 in epoch 3    
2026-02-20 11:15:29 DCF: Progressive finalization advanced to block 398    
2026-02-20 11:15:29 🏆 Imported #399 (0x0a28…dfb9 → 0xf76d…8a64)    
2026-02-20 11:15:31 DCF Verifier: Block #400 verification passed    
2026-02-20 11:15:31 DCF: Finality advanced from 398 to 399 in epoch 3    
2026-02-20 11:15:31 DCF: Progressive finalization advanced to block 399    
2026-02-20 11:15:31 Failed to emit EVM-compatible event: ContainsNullBytes    
2026-02-20 11:15:31 Failed to emit EVM-compatible event: ContainsNullBytes    
2026-02-20 11:15:31 Failed to emit EVM-compatible event: ContainsNullBytes    
2026-02-20 11:15:31 DCF: Score aggregation completed - updated 3 validators    
2026-02-20 11:15:31 DCF: Performance analysis - 0 high performers, 0 low performers    
2026-02-20 11:15:31 DCF: Governance proposal generation completed    
2026-02-20 11:15:31 DCF: Epoch proposal generation completed    
2026-02-20 11:15:31 DCF: Processed 0 epoch proposals    
2026-02-20 11:15:31 DCF: Auto epoch transition 3 -> 4 (standard mode) - 3 active validators    
2026-02-20 11:15:31 Failed to emit EVM-compatible event: ContainsNullBytes    
2026-02-20 11:15:31 DCF: Deterministic epoch transition completed for epoch 4 at block 400 with 100 authors    
2026-02-20 11:15:31 DCF: Epoch finalization already at 399 (>= 399), no advancement needed    
2026-02-20 11:15:31 DCF: Epoch transition completed: 3 -> 4    
2026-02-20 11:15:31 DCF Health: epoch=4, validators=3/3, avg_score=32    
2026-02-20 11:15:31 DCF: Epoch metrics updated at block 400    
2026-02-20 11:15:31 🏆 Imported #400 (0xf76d…8a64 → 0xf566…c4a9)    
2026-02-20 11:15:31 DCF: Computed PoI score for validator=88dc3417d5058ec4b4503e0c12ea1a0a89be200fe98922423d4334014fa6b0ee (5FA9nQDV...), score=0, block=400    
2026-02-20 11:15:31 DCF: Computed PoI score for validator=d17c2d7823ebf260fd138f2d7e27d114c0145d968b5ff5006125f2414fadae69 (5GoNkf6W...), score=0, block=400    
2026-02-20 11:15:31 DCF: Computed PoI score for validator=439660b36c6c03afafca027b910b4fecf99801834c62a5e6006f27d978de234f (5DbKjhNL...), score=0, block=400    
2026-02-20 11:15:31 DCF off-chain worker completed computation    
2026-02-20 11:15:31 Block Tracker: Statistics Report    
2026-02-20 11:15:31   Service uptime: 841.159859912s    
2026-02-20 11:15:31   Total blocks tracked: 400    
2026-02-20 11:15:31   Active validators monitored: 3    
2026-02-20 11:15:31   Overall participation rate: 100.00%    
2026-02-20 11:15:31   Total blocks authored: 396    
2026-02-20 11:15:31   Total blocks missed: 0    
2026-02-20 11:15:31   Top performers:    
2026-02-20 11:15:31     d17c2d7823ebf260fd138f2d7e27d114c0145d968b5ff5006125f2414fadae69 (5GoNkf6W...): 100.00% (140/140 blocks)    
2026-02-20 11:15:31     88dc3417d5058ec4b4503e0c12ea1a0a89be200fe98922423d4334014fa6b0ee (5FA9nQDV...): 100.00% (122/122 blocks)    
2026-02-20 11:15:31     439660b36c6c03afafca027b910b4fecf99801834c62a5e6006f27d978de234f (5DbKjhNL...): 100.00% (134/134 blocks)    
2026-02-20 11:15:32 DCF Finality Sync: Client at block #396, DCF finalized up to #399, syncing...    
2026-02-20 11:15:32 DCF Finality Sync: Sync complete. Client finalized head now at block #399    
2026-02-20 11:15:33 💤 Idle (2 peers), best: #400 (0xf566…c4a9), finalized #399 (0xf76d…8a64), ⬇ 0.7kiB/s ⬆ 0.5kiB/s    
2026-02-20 11:15:35 Producing block #401 with author 88dc3417d5058ec4b4503e0c12ea1a0a89be200fe98922423d4334014fa6b0ee (5FA9nQDV...)    
2026-02-20 11:15:35 DCF: Finality advanced from 399 to 400 in epoch 4    
2026-02-20 11:15:35 DCF: Progressive finalization advanced to block 400    
2026-02-20 11:15:35 ProposerFactory: Successfully created block #401 with 1 extrinsics    
2026-02-20 11:15:35 DCF: Finality advanced from 399 to 400 in epoch 4    
2026-02-20 11:15:35 DCF: Progressive finalization advanced to block 400    
2026-02-20 11:15:35 🏆 Imported #401 (0xf566…c4a9 → 0x4358…b39f)    
2026-02-20 11:15:35 DCF Verifier: Block #402 verification passed    
2026-02-20 11:15:35 DCF: Finality advanced from 400 to 401 in epoch 4    
2026-02-20 11:15:35 DCF: Progressive finalization advanced to block 401    
2026-02-20 11:15:35 🏆 Imported #402 (0x4358…b39f → 0x1485…dbb8)    
2026-02-20 11:15:37 DCF Verifier: Block #403 verification passed    
2026-02-20 11:15:37 DCF: Finality advanced from 401 to 402 in epoch 4    
2026-02-20 11:15:37 DCF: Progressive finalization advanced to block 402    
2026-02-20 11:15:37 🏆 Imported #403 (0x1485…dbb8 → 0x861c…1108)    
2026-02-20 11:15:38 DCF Finality Sync: Client at block #399, DCF finalized up to #402, syncing...    
2026-02-20 11:15:38 DCF Finality Sync: Sync complete. Client finalized head now at block #402    
2026-02-20 11:15:38 💤 Idle (2 peers), best: #403 (0x861c…1108), finalized #402 (0x1485…dbb8), ⬇ 0.3kiB/s ⬆ 0.3kiB/s    
2026-02-20 11:15:41 DCF: Finality advanced from 402 to 403 in epoch 4    
2026-02-20 11:15:41 DCF: Progressive finalization advanced to block 403    
2026-02-20 11:15:41 ProposerFactory: Successfully created block #404 with 1 extrinsics    
2026-02-20 11:15:41 DCF: Finality advanced from 402 to 403 in epoch 4    
2026-02-20 11:15:41 DCF: Progressive finalization advanced to block 403    
2026-02-20 11:15:41 🏆 Imported #404 (0x861c…1108 → 0xe90a…d6d0)    
2026-02-20 11:15:41 DCF Verifier: Block #405 verification passed    
2026-02-20 11:15:41 DCF: Finality advanced from 403 to 404 in epoch 4    
2026-02-20 11:15:41 DCF: Progressive finalization advanced to block 404    
2026-02-20 11:15:41 🏆 Imported #405 (0xe90a…d6d0 → 0x6f5a…1ade)    
2026-02-20 11:15:41 DCF: Computed PoI score for validator=88dc3417d5058ec4b4503e0c12ea1a0a89be200fe98922423d4334014fa6b0ee (5FA9nQDV...), score=0, block=405    
2026-02-20 11:15:41 DCF: Computed PoI score for validator=d17c2d7823ebf260fd138f2d7e27d114c0145d968b5ff5006125f2414fadae69 (5GoNkf6W...), score=0, block=405    
2026-02-20 11:15:41 DCF: Computed PoI score for validator=439660b36c6c03afafca027b910b4fecf99801834c62a5e6006f27d978de234f (5DbKjhNL...), score=0, block=405    
2026-02-20 11:15:41 DCF off-chain worker completed computation    
2026-02-20 11:15:43 DCF Verifier: Block #406 verification passed    
2026-02-20 11:15:43 DCF: Finality advanced from 404 to 405 in epoch 4    
2026-02-20 11:15:43 DCF: Progressive finalization advanced to block 405    
2026-02-20 11:15:43 🏆 Imported #406 (0x6f5a…1ade → 0xd1fa…4bbc)    
2026-02-20 11:15:43 💤 Idle (2 peers), best: #406 (0xd1fa…4bbc), finalized #402 (0x1485…dbb8), ⬇ 0.3kiB/s ⬆ 0.2kiB/s    
2026-02-20 11:15:44 DCF Finality Sync: Client at block #402, DCF finalized up to #405, syncing...    
2026-02-20 11:15:44 DCF Finality Sync: Sync complete. Client finalized head now at block #405    
2026-02-20 11:15:47 DCF: Finality advanced from 405 to 406 in epoch 4    
2026-02-20 11:15:47 DCF: Progressive finalization advanced to block 406    
2026-02-20 11:15:47 ProposerFactory: Successfully created block #407 with 1 extrinsics    
2026-02-20 11:15:47 DCF: Finality advanced from 405 to 406 in epoch 4    
2026-02-20 11:15:47 DCF: Progressive finalization advanced to block 406    
2026-02-20 11:15:47 🏆 Imported #407 (0xd1fa…4bbc → 0xc4c3…05ff)    
2026-02-20 11:15:47 DCF Verifier: Block #408 verification passed    
2026-02-20 11:15:47 DCF: Finality advanced from 406 to 407 in epoch 4    
2026-02-20 11:15:47 DCF: Progressive finalization advanced to block 407    
2026-02-20 11:15:47 🏆 Imported #408 (0xc4c3…05ff → 0x193c…054c)    
2026-02-20 11:15:48 💤 Idle (2 peers), best: #408 (0x193c…054c), finalized #405 (0x6f5a…1ade), ⬇ 0.2kiB/s ⬆ 0.2kiB/s    
2026-02-20 11:15:49 DCF Verifier: Block #409 verification passed    
2026-02-20 11:15:49 DCF: Finality advanced from 407 to 408 in epoch 4    
2026-02-20 11:15:49 DCF: Progressive finalization advanced to block 408    
2026-02-20 11:15:49 🏆 Imported #409 (0x193c…054c → 0xc9f6…6cfd)    
2026-02-20 11:15:50 DCF Finality Sync: Client at block #405, DCF finalized up to #408, syncing...    
2026-02-20 11:15:50 DCF Finality Sync: Sync complete. Client finalized head now at block #408    
2026-02-20 11:15:53 DCF: Finality advanced from 408 to 409 in epoch 4    
2026-02-20 11:15:53 DCF: Progressive finalization advanced to block 409    
2026-02-20 11:15:53 ProposerFactory: Successfully created block #410 with 1 extrinsics    
2026-02-20 11:15:53 DCF: Finality advanced from 408 to 409 in epoch 4    
2026-02-20 11:15:53 DCF: Progressive finalization advanced to block 409    
2026-02-20 11:15:53 🏆 Imported #410 (0xc9f6…6cfd → 0x7255…3bae)    
2026-02-20 11:15:53 DCF: Computed PoI score for validator=88dc3417d5058ec4b4503e0c12ea1a0a89be200fe98922423d4334014fa6b0ee (5FA9nQDV...), score=0, block=410    
2026-02-20 11:15:53 DCF: Computed PoI score for validator=d17c2d7823ebf260fd138f2d7e27d114c0145d968b5ff5006125f2414fadae69 (5GoNkf6W...), score=0, block=410    
2026-02-20 11:15:53 DCF: Computed PoI score for validator=439660b36c6c03afafca027b910b4fecf99801834c62a5e6006f27d978de234f (5DbKjhNL...), score=0, block=410    
2026-02-20 11:15:53 DCF off-chain worker completed computation    
2026-02-20 11:15:53 PoS+PoI: Consensus Health - Block: 410, Slot: 143, Validators: 3, Healthy: 1, Avg Score: 61    
2026-02-20 11:15:53 DCF Verifier: Block #411 verification passed    
2026-02-20 11:15:53 DCF: Finality advanced from 409 to 410 in epoch 4    
2026-02-20 11:15:53 DCF: Progressive finalization advanced to block 410    
2026-02-20 11:15:53 🏆 Imported #411 (0x7255…3bae → 0xba70…ca30)    
2026-02-20 11:15:53 💤 Idle (2 peers), best: #411 (0xba70…ca30), finalized #408 (0x193c…054c), ⬇ 0.2kiB/s ⬆ 0.3kiB/s    
2026-02-20 11:15:55 DCF Verifier: Block #412 verification passed    
2026-02-20 11:15:55 DCF: Finality advanced from 410 to 411 in epoch 4    
2026-02-20 11:15:55 DCF: Progressive finalization advanced to block 411    
2026-02-20 11:15:55 🏆 Imported #412 (0xba70…ca30 → 0x7daf…65f4)    
2026-02-20 11:15:56 DCF Finality Sync: Client at block #408, DCF finalized up to #411, syncing...    
2026-02-20 11:15:56 DCF Finality Sync: Sync complete. Client finalized head now at block #411    
2026-02-20 11:15:58 💤 Idle (2 peers), best: #412 (0x7daf…65f4), finalized #411 (0xba70…ca30), ⬇ 0.1kiB/s ⬆ 28 B/s    
2026-02-20 11:15:59 DCF: Finality advanced from 411 to 412 in epoch 4    
2026-02-20 11:15:59 DCF: Progressive finalization advanced to block 412    
2026-02-20 11:15:59 ProposerFactory: Successfully created block #413 with 1 extrinsics    
2026-02-20 11:15:59 DCF: Finality advanced from 411 to 412 in epoch 4    
2026-02-20 11:15:59 DCF: Progressive finalization advanced to block 412    
2026-02-20 11:15:59 🏆 Imported #413 (0x7daf…65f4 → 0xbb28…91f8)    
2026-02-20 11:15:59 DCF Verifier: Block #414 verification passed    
2026-02-20 11:15:59 DCF: Finality advanced from 412 to 413 in epoch 4    
2026-02-20 11:15:59 DCF: Progressive finalization advanced to block 413    
2026-02-20 11:15:59 🏆 Imported #414 (0xbb28…91f8 → 0x80e6…52fa)    
2026-02-20 11:16:01 DCF Verifier: Block #415 verification passed    
2026-02-20 11:16:01 DCF: Finality advanced from 413 to 414 in epoch 4    
2026-02-20 11:16:01 DCF: Progressive finalization advanced to block 414    
2026-02-20 11:16:01 🏆 Imported #415 (0x80e6…52fa → 0xa7a1…9d1b)    
2026-02-20 11:16:01 DCF: Computed PoI score for validator=88dc3417d5058ec4b4503e0c12ea1a0a89be200fe98922423d4334014fa6b0ee (5FA9nQDV...), score=0, block=415    
2026-02-20 11:16:01 DCF: Computed PoI score for validator=d17c2d7823ebf260fd138f2d7e27d114c0145d968b5ff5006125f2414fadae69 (5GoNkf6W...), score=0, block=415    
2026-02-20 11:16:01 DCF: Computed PoI score for validator=439660b36c6c03afafca027b910b4fecf99801834c62a5e6006f27d978de234f (5DbKjhNL...), score=0, block=415    
2026-02-20 11:16:01 DCF off-chain worker completed computation    
2026-02-20 11:16:02 DCF Finality Sync: Client at block #411, DCF finalized up to #414, syncing...    
2026-02-20 11:16:02 DCF Finality Sync: Sync complete. Client finalized head now at block #414    
2026-02-20 11:16:03 💤 Idle (2 peers), best: #415 (0xa7a1…9d1b), finalized #414 (0x80e6…52fa), ⬇ 0.4kiB/s ⬆ 0.3kiB/s    
2026-02-20 11:16:05 DCF: Finality advanced from 414 to 415 in epoch 4    
2026-02-20 11:16:05 DCF: Progressive finalization advanced to block 415    
2026-02-20 11:16:05 ProposerFactory: Successfully created block #416 with 1 extrinsics    
2026-02-20 11:16:05 DCF: Finality advanced from 414 to 415 in epoch 4    
2026-02-20 11:16:05 DCF: Progressive finalization advanced to block 415    
2026-02-20 11:16:05 🏆 Imported #416 (0xa7a1…9d1b → 0x6494…d2db)    
2026-02-20 11:16:05 💔 Verification failed for block 0x146e13dd0f34a0ba319d6e4e2f6b515728f2b88e074e45d5446298674ba64d3e received from (12D3KooWHy4zqcf2khvT7FmPAyBmbPQ84VhCQZCbbpwfWS1jY4bm): "Block author mismatch: expected Some(88dc3417d5058ec4b4503e0c12ea1a0a89be200fe98922423d4334014fa6b0ee (5FA9nQDV...)), got d17c2d7823ebf260fd138f2d7e27d114c0145d968b5ff5006125f2414fadae69 (5GoNkf6W...) for block 417"    
2026-02-20 11:16:07 DCF Verifier: Block #417 verification passed    
2026-02-20 11:16:07 DCF: Finality advanced from 415 to 416 in epoch 4    
2026-02-20 11:16:07 DCF: Progressive finalization advanced to block 416    
2026-02-20 11:16:07 🏆 Imported #417 (0x6494…d2db → 0x64fe…7ffd)    
2026-02-20 11:16:08 DCF Finality Sync: Client at block #414, DCF finalized up to #416, syncing...    
2026-02-20 11:16:08 DCF Finality Sync: Sync complete. Client finalized head now at block #416    
2026-02-20 11:16:08 💤 Idle (2 peers), best: #417 (0x64fe…7ffd), finalized #416 (0x6494…d2db), ⬇ 0.5kiB/s ⬆ 0.4kiB/s    
2026-02-20 11:16:11 DCF: Finality advanced from 416 to 417 in epoch 4    
2026-02-20 11:16:11 DCF: Progressive finalization advanced to block 417    
2026-02-20 11:16:11 ProposerFactory: Successfully created block #418 with 1 extrinsics    
2026-02-20 11:16:11 DCF: Finality advanced from 416 to 417 in epoch 4    
2026-02-20 11:16:11 DCF: Progressive finalization advanced to block 417    
2026-02-20 11:16:11 🏆 Imported #418 (0x64fe…7ffd → 0x96e2…f74a)    
2026-02-20 11:16:13 DCF Verifier: Block #419 verification passed    
2026-02-20 11:16:13 DCF: Finality advanced from 417 to 418 in epoch 4    
2026-02-20 11:16:13 DCF: Progressive finalization advanced to block 418    
2026-02-20 11:16:13 🏆 Imported #419 (0x96e2…f74a → 0x23fc…92a5)    
2026-02-20 11:16:13 💤 Idle (2 peers), best: #419 (0x23fc…92a5), finalized #416 (0x6494…d2db), ⬇ 0.2kiB/s ⬆ 0.2kiB/s    
2026-02-20 11:16:14 DCF Finality Sync: Client at block #416, DCF finalized up to #418, syncing...    
2026-02-20 11:16:14 DCF Finality Sync: Sync complete. Client finalized head now at block #418    
2026-02-20 11:16:17 DCF: Finality advanced from 418 to 419 in epoch 4    
2026-02-20 11:16:17 DCF: Progressive finalization advanced to block 419    
2026-02-20 11:16:17 ProposerFactory: Successfully created block #420 with 1 extrinsics    
2026-02-20 11:16:17 DCF: Finality advanced from 418 to 419 in epoch 4    
2026-02-20 11:16:17 DCF: Progressive finalization advanced to block 419    
2026-02-20 11:16:17 🏆 Imported #420 (0x23fc…92a5 → 0xb141…e17c)    
2026-02-20 11:16:17 DCF: Computed PoI score for validator=88dc3417d5058ec4b4503e0c12ea1a0a89be200fe98922423d4334014fa6b0ee (5FA9nQDV...), score=0, block=420    
2026-02-20 11:16:17 DCF: Computed PoI score for validator=d17c2d7823ebf260fd138f2d7e27d114c0145d968b5ff5006125f2414fadae69 (5GoNkf6W...), score=0, block=420    
2026-02-20 11:16:17 DCF: Computed PoI score for validator=439660b36c6c03afafca027b910b4fecf99801834c62a5e6006f27d978de234f (5DbKjhNL...), score=0, block=420    
2026-02-20 11:16:17 DCF off-chain worker completed computation    
2026-02-20 11:16:17 PoS+PoI: Consensus Health - Block: 420, Slot: 147, Validators: 3, Healthy: 3, Avg Score: 84    
2026-02-20 11:16:18 💤 Idle (2 peers), best: #420 (0xb141…e17c), finalized #418 (0x96e2…f74a), ⬇ 82 B/s ⬆ 0.2kiB/s    
2026-02-20 11:16:19 DCF Verifier: Block #421 verification passed    
2026-02-20 11:16:19 DCF: Finality advanced from 419 to 420 in epoch 4    
2026-02-20 11:16:19 DCF: Progressive finalization advanced to block 420    
2026-02-20 11:16:19 🏆 Imported #421 (0xb141…e17c → 0x048c…24df)    
2026-02-20 11:16:20 DCF Finality Sync: Client at block #418, DCF finalized up to #420, syncing...    
2026-02-20 11:16:20 DCF Finality Sync: Sync complete. Client finalized head now at block #420    
2026-02-20 11:16:23 DCF: Finality advanced from 420 to 421 in epoch 4    
2026-02-20 11:16:23 DCF: Progressive finalization advanced to block 421    
2026-02-20 11:16:23 ProposerFactory: Successfully created block #422 with 1 extrinsics    
2026-02-20 11:16:23 DCF: Finality advanced from 420 to 421 in epoch 4    
2026-02-20 11:16:23 DCF: Progressive finalization advanced to block 421    
2026-02-20 11:16:23 🏆 Imported #422 (0x048c…24df → 0x06c1…2779)    
2026-02-20 11:16:23 💤 Idle (2 peers), best: #422 (0x06c1…2779), finalized #420 (0xb141…e17c), ⬇ 0.2kiB/s ⬆ 0.2kiB/s    
2026-02-20 11:16:25 DCF Verifier: Block #423 verification passed    
2026-02-20 11:16:25 DCF: Finality advanced from 421 to 422 in epoch 4    
2026-02-20 11:16:25 DCF: Progressive finalization advanced to block 422    
2026-02-20 11:16:25 🏆 Imported #423 (0x06c1…2779 → 0x65a7…8307)    
2026-02-20 11:16:26 DCF Finality Sync: Client at block #420, DCF finalized up to #422, syncing...    
2026-02-20 11:16:26 DCF Finality Sync: Sync complete. Client finalized head now at block #422    
2026-02-20 11:16:28 💤 Idle (2 peers), best: #423 (0x65a7…8307), finalized #422 (0x06c1…2779), ⬇ 0.1kiB/s ⬆ 0.2kiB/s    
2026-02-20 11:16:29 DCF: Finality advanced from 422 to 423 in epoch 4    
2026-02-20 11:16:29 DCF: Progressive finalization advanced to block 423    
2026-02-20 11:16:29 ProposerFactory: Successfully created block #424 with 1 extrinsics    
2026-02-20 11:16:29 DCF: Finality advanced from 422 to 423 in epoch 4    
2026-02-20 11:16:29 DCF: Progressive finalization advanced to block 423    
2026-02-20 11:16:29 🏆 Imported #424 (0x65a7…8307 → 0x6514…2190)    
2026-02-20 11:16:31 DCF Verifier: Block #425 verification passed    
2026-02-20 11:16:31 DCF: Finality advanced from 423 to 424 in epoch 4    
2026-02-20 11:16:31 DCF: Progressive finalization advanced to block 424    
2026-02-20 11:16:31 🏆 Imported #425 (0x6514…2190 → 0xd15b…99f7)    
2026-02-20 11:16:31 DCF: Computed PoI score for validator=88dc3417d5058ec4b4503e0c12ea1a0a89be200fe98922423d4334014fa6b0ee (5FA9nQDV...), score=0, block=425    
2026-02-20 11:16:31 DCF: Computed PoI score for validator=d17c2d7823ebf260fd138f2d7e27d114c0145d968b5ff5006125f2414fadae69 (5GoNkf6W...), score=0, block=425    
2026-02-20 11:16:31 DCF: Computed PoI score for validator=439660b36c6c03afafca027b910b4fecf99801834c62a5e6006f27d978de234f (5DbKjhNL...), score=0, block=425    
2026-02-20 11:16:31 DCF off-chain worker completed computation    
2026-02-20 11:16:32 DCF Finality Sync: Client at block #422, DCF finalized up to #424, syncing...    
2026-02-20 11:16:32 DCF Finality Sync: Sync complete. Client finalized head now at block #424    
2026-02-20 11:16:33 💤 Idle (2 peers), best: #425 (0xd15b…99f7), finalized #424 (0x6514…2190), ⬇ 1.9kiB/s ⬆ 1.7kiB/s    
2026-02-20 11:16:35 DCF: Finality advanced from 424 to 425 in epoch 4    
2026-02-20 11:16:35 DCF: Progressive finalization advanced to block 425    
2026-02-20 11:16:35 ProposerFactory: Successfully created block #426 with 1 extrinsics    
2026-02-20 11:16:35 DCF: Finality advanced from 424 to 425 in epoch 4    
2026-02-20 11:16:35 DCF: Progressive finalization advanced to block 425    
2026-02-20 11:16:35 🏆 Imported #426 (0xd15b…99f7 → 0x3ed8…b7a5)    
2026-02-20 11:16:35 DCF: Refreshed scores for 3 validators    
2026-02-20 11:16:36 DCF: Refreshed scores for 3 validators    
2026-02-20 11:16:37 DCF: Refreshed scores for 3 validators    
2026-02-20 11:16:37 DCF Verifier: Block #427 verification passed    
2026-02-20 11:16:37 DCF: Finality advanced from 425 to 426 in epoch 4    
2026-02-20 11:16:37 DCF: Progressive finalization advanced to block 426    
2026-02-20 11:16:37 🏆 Imported #427 (0x3ed8…b7a5 → 0x8008…ab07)    
2026-02-20 11:16:38 DCF Finality Sync: Client at block #424, DCF finalized up to #426, syncing...    
2026-02-20 11:16:38 DCF Finality Sync: Sync complete. Client finalized head now at block #426    
2026-02-20 11:16:38 💤 Idle (2 peers), best: #427 (0x8008…ab07), finalized #426 (0x3ed8…b7a5), ⬇ 0.2kiB/s ⬆ 0.2kiB/s    
2026-02-20 11:16:38 DCF: Refreshed scores for 3 validators    
2026-02-20 11:16:39 DCF: Refreshed scores for 3 validators    
2026-02-20 11:16:40 DCF: Refreshed scores for 3 validators    
2026-02-20 11:16:41 DCF: Finality advanced from 426 to 427 in epoch 4    
2026-02-20 11:16:41 DCF: Progressive finalization advanced to block 427    
2026-02-20 11:16:41 ProposerFactory: Successfully created block #428 with 1 extrinsics    
2026-02-20 11:16:41 DCF: Finality advanced from 426 to 427 in epoch 4    
2026-02-20 11:16:41 DCF: Progressive finalization advanced to block 427    
2026-02-20 11:16:41 🏆 Imported #428 (0x8008…ab07 → 0x8e30…8fad)    
2026-02-20 11:16:43 💤 Idle (2 peers), best: #428 (0x8e30…8fad), finalized #426 (0x3ed8…b7a5), ⬇ 84 B/s ⬆ 0.2kiB/s    
2026-02-20 11:16:44 DCF Verifier: Block #429 verification passed    
2026-02-20 11:16:44 DCF: Finality advanced from 427 to 428 in epoch 4    
2026-02-20 11:16:44 DCF: Progressive finalization advanced to block 428    
2026-02-20 11:16:44 🏆 Imported #429 (0x8e30…8fad → 0x19a6…2000)    
2026-02-20 11:16:44 DCF Finality Sync: Client at block #426, DCF finalized up to #428, syncing...    
2026-02-20 11:16:44 DCF Finality Sync: Sync complete. Client finalized head now at block #428    
2026-02-20 11:16:47 DCF: Finality advanced from 428 to 429 in epoch 4    
2026-02-20 11:16:47 DCF: Progressive finalization advanced to block 429    
2026-02-20 11:16:47 ProposerFactory: Successfully created block #430 with 1 extrinsics    
2026-02-20 11:16:47 DCF: Finality advanced from 428 to 429 in epoch 4    
2026-02-20 11:16:47 DCF: Progressive finalization advanced to block 429    
2026-02-20 11:16:47 🏆 Imported #430 (0x19a6…2000 → 0xfcb8…4ca7)    
2026-02-20 11:16:47 PoS+PoI: Consensus Health - Block: 430, Slot: 152, Validators: 3, Healthy: 3, Avg Score: 97    
2026-02-20 11:16:47 DCF: Computed PoI score for validator=88dc3417d5058ec4b4503e0c12ea1a0a89be200fe98922423d4334014fa6b0ee (5FA9nQDV...), score=0, block=430    
2026-02-20 11:16:47 DCF: Computed PoI score for validator=d17c2d7823ebf260fd138f2d7e27d114c0145d968b5ff5006125f2414fadae69 (5GoNkf6W...), score=0, block=430    
2026-02-20 11:16:47 DCF: Computed PoI score for validator=439660b36c6c03afafca027b910b4fecf99801834c62a5e6006f27d978de234f (5DbKjhNL...), score=0, block=430    
2026-02-20 11:16:47 DCF off-chain worker completed computation    
2026-02-20 11:16:48 💤 Idle (2 peers), best: #430 (0xfcb8…4ca7), finalized #428 (0x8e30…8fad), ⬇ 0.2kiB/s ⬆ 0.2kiB/s    
2026-02-20 11:16:50 DCF Verifier: Block #431 verification passed    
2026-02-20 11:16:50 DCF: Finality advanced from 429 to 430 in epoch 4    
2026-02-20 11:16:50 DCF: Progressive finalization advanced to block 430    
2026-02-20 11:16:50 🏆 Imported #431 (0xfcb8…4ca7 → 0x5dde…7ae3)    
2026-02-20 11:16:50 DCF Finality Sync: Client at block #428, DCF finalized up to #430, syncing...    
2026-02-20 11:16:50 DCF Finality Sync: Sync complete. Client finalized head now at block #430    
2026-02-20 11:16:53 💤 Idle (2 peers), best: #431 (0x5dde…7ae3), finalized #430 (0xfcb8…4ca7), ⬇ 85 B/s ⬆ 28 B/s    
2026-02-20 11:16:53 DCF: Finality advanced from 430 to 431 in epoch 4    
2026-02-20 11:16:53 DCF: Progressive finalization advanced to block 431    
2026-02-20 11:16:53 ProposerFactory: Successfully created block #432 with 1 extrinsics    
2026-02-20 11:16:53 DCF: Finality advanced from 430 to 431 in epoch 4    
2026-02-20 11:16:53 DCF: Progressive finalization advanced to block 431    
2026-02-20 11:16:53 🏆 Imported #432 (0x5dde…7ae3 → 0xc514…be0f)    
